pglib_opf_case162_ieee_dtc; two_stage_maximum_congestion; neg_weight; 3; 162; 258; 9542.06; ((0, 1, 0), 189); 1126.9221227172766; 9; 25; 0; 145; 12
pglib_opf_case162_ieee_dtc; two_stage_maximum_congestion; neg_weight; 3; 162; 258; 9542.06; ((0, 3, 1), 385); 2975.1628874849366; 6; 29; 0; 118; 13
pglib_opf_case162_ieee_dtc; two_stage_maximum_congestion; neg_weight; 3; 162; 258; 9542.06; ((0, 4, 2), 134); 0.0; 1; 1; 0; 162; 1
pglib_opf_case162_ieee_dtc; two_stage_maximum_congestion; neg_weight; 3; 162; 258; 9542.06; ((0, 2, 175), 451); 2981.8720028595635; 5; 33; 0; 117; 15
pglib_opf_case162_ieee_dtc; two_stage_maximum_congestion; neg_weight; 3; 162; 258; 9542.06; ((0, 5, 176), 891); 1582.3084460755454; 2; 8; 0; 158; 5
pglib_opf_case162_ieee_dtc; two_stage_maximum_congestion; neg_weight; 3; 162; 258; 9542.06; ((1, 11, 186), 189); 1126.9221227172766; 9; 25; 0; 146; 12
pglib_opf_case162_ieee_dtc; two_stage_maximum_congestion; neg_weight; 3; 162; 258; 9542.06; ((3, 111, 5), 326); 2975.1628874849366; 6; 29; 0; 118; 13
pglib_opf_case162_ieee_dtc; two_stage_maximum_congestion; neg_weight; 3; 162; 258; 9542.06; ((3, 118, 6), 455); 1399.162887510899; 3; 11; 0; 154; 5
pglib_opf_case162_ieee_dtc; two_stage_maximum_congestion; neg_weight; 3; 162; 258; 9542.06; ((3, 114, 177), 256); 2975.1628874849366; 6; 28; 0; 118; 11
pglib_opf_case162_ieee_dtc; two_stage_maximum_congestion; neg_weight; 3; 162; 258; 9542.06; ((4, 119, 7), 316); 0.0; 1; 1; 0; 162; 1
pglib_opf_case162_ieee_dtc; two_stage_maximum_congestion; neg_weight; 3; 162; 258; 9542.06; ((4, 128, 8), 260); 0.0; 1; 1; 0; 162; 1
pglib_opf_case162_ieee_dtc; two_stage_maximum_congestion; neg_weight; 3; 162; 258; 9542.06; ((4, 130, 178), 710); 1581.9493497009244; 4; 19; 0; 147; 11
pglib_opf_case162_ieee_dtc; two_stage_maximum_congestion; neg_weight; 3; 162; 258; 9542.06; ((2, 13, 3), 2); 0.0; 1; 1; 0; 162; 1
pglib_opf_case162_ieee_dtc; two_stage_maximum_congestion; neg_weight; 3; 162; 258; 9542.06; ((2, 49, 4), 84); 1183.2537766623718; 10; 28; 0; 138; 13
pglib_opf_case162_ieee_dtc; two_stage_maximum_congestion; neg_weight; 3; 162; 258; 9542.06; ((13, 112, 16), 36); 0.0; 1; 1; 0; 162; 1
pglib_opf_case162_ieee_dtc; two_stage_maximum_congestion; neg_weight; 3; 162; 258; 9542.06; ((13, 131, 17), 58); 0.0; 1; 1; 0; 162; 1
pglib_opf_case162_ieee_dtc; two_stage_maximum_congestion; neg_weight; 3; 162; 258; 9542.06; ((13, 11, 187), 2); 0.0; 1; 1; 0; 162; 1
pglib_opf_case162_ieee_dtc; two_stage_maximum_congestion; neg_weight; 3; 162; 258; 9542.06; ((49, 50, 76), 23); 0.0; 1; 1; 0; 162; 1
pglib_opf_case162_ieee_dtc; two_stage_maximum_congestion; neg_weight; 3; 162; 258; 9542.06; ((111, 119, 134), 19); 0.0; 1; 1; 0; 162; 1
pglib_opf_case162_ieee_dtc; two_stage_maximum_congestion; neg_weight; 3; 162; 258; 9542.06; ((111, 109, 240), 355); 2619.40981771703; 5; 25; 0; 122; 11
pglib_opf_case162_ieee_dtc; two_stage_maximum_congestion; neg_weight; 3; 162; 258; 9542.06; ((111, 120, 242), 700); 1564.7375336543264; 4; 19; 0; 147; 11
pglib_opf_case162_ieee_dtc; two_stage_maximum_congestion; neg_weight; 3; 162; 258; 9542.06; ((118, 115, 243), 455); 1399.162887510899; 3; 11; 0; 155; 5
pglib_opf_case162_ieee_dtc; two_stage_maximum_congestion; neg_weight; 3; 162; 258; 9542.06; ((119, 128, 141), 28); 0.0; 1; 1; 0; 162; 1
pglib_opf_case162_ieee_dtc; two_stage_maximum_congestion; neg_weight; 3; 162; 258; 9542.06; ((119, 13, 244), 363); 2715.9802688499694; 7; 31; 0; 126; 15
pglib_opf_case162_ieee_dtc; two_stage_maximum_congestion; neg_weight; 3; 162; 258; 9542.06; ((128, 131, 247), 232); 2401.6757189115997; 6; 30; 0; 128; 14
pglib_opf_case162_ieee_dtc; two_stage_maximum_congestion; neg_weight; 3; 162; 258; 9542.06; ((6, 8, 9), 372); 4634.713247540434; 6; 76; 0; 107; 25
pglib_opf_case162_ieee_dtc; two_stage_maximum_congestion; neg_weight; 3; 162; 258; 9542.06; ((6, 7, 179), 372); 4634.713247540434; 6; 76; 0; 107; 25
pglib_opf_case162_ieee_dtc; two_stage_maximum_congestion; neg_weight; 3; 162; 258; 9542.06; ((8, 74, 10), 372); 4634.713247540434; 6; 76; 0; 107; 25
pglib_opf_case162_ieee_dtc; two_stage_maximum_congestion; neg_weight; 3; 162; 258; 9542.06; ((74, 127, 108), 404); 1822.3362372208521; 4; 45; 0; 121; 23
pglib_opf_case162_ieee_dtc; two_stage_maximum_congestion; neg_weight; 3; 162; 258; 9542.06; ((74, 129, 223), 578); 1444.6420147872668; 5; 21; 0; 147; 10
pglib_opf_case162_ieee_dtc; two_stage_maximum_congestion; neg_weight; 3; 162; 258; 9542.06; ((9, 10, 11), 178); 335.2415830544014; 3; 6; 0; 161; 3
pglib_opf_case162_ieee_dtc; two_stage_maximum_congestion; neg_weight; 3; 162; 258; 9542.06; ((9, 14, 12), 29); 0.0; 1; 1; 0; 162; 1
pglib_opf_case162_ieee_dtc; two_stage_maximum_congestion; neg_weight; 3; 162; 258; 9542.06; ((9, 7, 180), 1); 0.0; 1; 1; 0; 162; 1
pglib_opf_case162_ieee_dtc; two_stage_maximum_congestion; neg_weight; 3; 162; 258; 9542.06; ((9, 59, 184), 4); 0.0; 1; 1; 0; 162; 1
pglib_opf_case162_ieee_dtc; two_stage_maximum_congestion; neg_weight; 3; 162; 258; 9542.06; ((10, 14, 13), 78); 0.0; 2; 2; 0; 162; 1
pglib_opf_case162_ieee_dtc; two_stage_maximum_congestion; neg_weight; 3; 162; 258; 9542.06; ((10, 57, 14), 61); 0.0; 1; 1; 0; 162; 1
pglib_opf_case162_ieee_dtc; two_stage_maximum_congestion; neg_weight; 3; 162; 258; 9542.06; ((10, 58, 15), 32); 0.0; 2; 2; 0; 162; 1
pglib_opf_case162_ieee_dtc; two_stage_maximum_congestion; neg_weight; 3; 162; 258; 9542.06; ((10, 45, 185), 99); 683.0036094164934; 4; 10; 0; 148; 5
pglib_opf_case162_ieee_dtc; two_stage_maximum_congestion; neg_weight; 3; 162; 258; 9542.06; ((10, 52, 212), 40); 3160.0951433382843; 12; 68; 0; 99; 28
pglib_opf_case162_ieee_dtc; two_stage_maximum_congestion; neg_weight; 3; 162; 258; 9542.06; ((14, 57, 18), 103); 0.0; 2; 2; 0; 162; 1
pglib_opf_case162_ieee_dtc; two_stage_maximum_congestion; neg_weight; 3; 162; 258; 9542.06; ((14, 61, 19), 196); 4108.396026941828; 8; 74; 0; 127; 26
pglib_opf_case162_ieee_dtc; two_stage_maximum_congestion; neg_weight; 3; 162; 258; 9542.06; ((14, 62, 20), 6); 0.0; 1; 1; 0; 162; 1
pglib_opf_case162_ieee_dtc; two_stage_maximum_congestion; neg_weight; 3; 162; 258; 9542.06; ((14, 7, 182), 11); 0.0; 1; 1; 0; 162; 1
pglib_opf_case162_ieee_dtc; two_stage_maximum_congestion; neg_weight; 3; 162; 258; 9542.06; ((14, 59, 191), 10); 0.0; 1; 1; 0; 162; 1
pglib_opf_case162_ieee_dtc; two_stage_maximum_congestion; neg_weight; 3; 162; 258; 9542.06; ((57, 60, 90), 42); 0.0; 2; 2; 0; 162; 1
pglib_opf_case162_ieee_dtc; two_stage_maximum_congestion; neg_weight; 3; 162; 258; 9542.06; ((58, 60, 91), 53); 0.0; 1; 1; 0; 162; 1
pglib_opf_case162_ieee_dtc; two_stage_maximum_congestion; neg_weight; 3; 162; 258; 9542.06; ((112, 131, 135), 12); 0.0; 1; 1; 0; 162; 1
pglib_opf_case162_ieee_dtc; two_stage_maximum_congestion; neg_weight; 3; 162; 258; 9542.06; ((112, 133, 136), 15); 0.0; 1; 1; 0; 162; 1
pglib_opf_case162_ieee_dtc; two_stage_maximum_congestion; neg_weight; 3; 162; 258; 9542.06; ((131, 11, 188), 2); 0.0; 1; 1; 0; 162; 1
pglib_opf_case162_ieee_dtc; two_stage_maximum_congestion; neg_weight; 3; 162; 258; 9542.06; ((61, 62, 94), 120); 3174.9508269328508; 12; 82; 0; 125; 32
pglib_opf_case162_ieee_dtc; two_stage_maximum_congestion; neg_weight; 3; 162; 258; 9542.06; ((61, 59, 215), 28); 0.0; 1; 1; 0; 162; 1
pglib_opf_case162_ieee_dtc; two_stage_maximum_congestion; neg_weight; 3; 162; 258; 9542.06; ((15, 16, 21), 1); 0.0; 1; 1; 0; 162; 1
pglib_opf_case162_ieee_dtc; two_stage_maximum_congestion; neg_weight; 3; 162; 258; 9542.06; ((15, 17, 22), 60); 0.0; 1; 1; 0; 162; 1
pglib_opf_case162_ieee_dtc; two_stage_maximum_congestion; neg_weight; 3; 162; 258; 9542.06; ((16, 17, 23), 84); 0.0; 1; 1; 0; 162; 1
pglib_opf_case162_ieee_dtc; two_stage_maximum_congestion; neg_weight; 3; 162; 258; 9542.06; ((16, 18, 24), 18); 2965.277388326125; 11; 74; 0; 99; 30
pglib_opf_case162_ieee_dtc; two_stage_maximum_congestion; neg_weight; 3; 162; 258; 9542.06; ((16, 20, 25), 7); 0.0; 1; 1; 0; 162; 1
pglib_opf_case162_ieee_dtc; two_stage_maximum_congestion; neg_weight; 3; 162; 258; 9542.06; ((17, 29, 26), 107); 212.27999999999884; 5; 9; 0; 160; 3
pglib_opf_case162_ieee_dtc; two_stage_maximum_congestion; neg_weight; 3; 162; 258; 9542.06; ((17, 31, 27), 109); 212.27999999999884; 5; 9; 0; 160; 3
pglib_opf_case162_ieee_dtc; two_stage_maximum_congestion; neg_weight; 3; 162; 258; 9542.06; ((18, 20, 28), 6); 0.0; 1; 1; 0; 162; 1
pglib_opf_case162_ieee_dtc; two_stage_maximum_congestion; neg_weight; 3; 162; 258; 9542.06; ((18, 37, 29), 4); 0.0; 1; 1; 0; 162; 1
pglib_opf_case162_ieee_dtc; two_stage_maximum_congestion; neg_weight; 3; 162; 258; 9542.06; ((18, 42, 30), 25); 0.0; 1; 1; 0; 162; 1
pglib_opf_case162_ieee_dtc; two_stage_maximum_congestion; neg_weight; 3; 162; 258; 9542.06; ((20, 21, 32), 71); 3000.778503869743; 11; 78; 0; 97; 31
pglib_opf_case162_ieee_dtc; two_stage_maximum_congestion; neg_weight; 3; 162; 258; 9542.06; ((29, 31, 50), 16); 0.0; 1; 1; 0; 162; 1
pglib_opf_case162_ieee_dtc; two_stage_maximum_congestion; neg_weight; 3; 162; 258; 9542.06; ((31, 32, 51), 73); 212.27999999999884; 5; 9; 0; 160; 3
pglib_opf_case162_ieee_dtc; two_stage_maximum_congestion; neg_weight; 3; 162; 258; 9542.06; ((37, 104, 239), 9); 0.0; 1; 1; 0; 162; 1
pglib_opf_case162_ieee_dtc; two_stage_maximum_congestion; neg_weight; 3; 162; 258; 9542.06; ((42, 43, 67), 13); 0.0; 1; 1; 0; 162; 1
pglib_opf_case162_ieee_dtc; two_stage_maximum_congestion; neg_weight; 3; 162; 258; 9542.06; ((42, 102, 68), 12); 0.0; 1; 1; 0; 162; 1
pglib_opf_case162_ieee_dtc; two_stage_maximum_congestion; neg_weight; 3; 162; 258; 9542.06; ((19, 156, 31), 3); 0.0; 1; 1; 0; 162; 1
pglib_opf_case162_ieee_dtc; two_stage_maximum_congestion; neg_weight; 3; 162; 258; 9542.06; ((156, 157, 171), 16); 0.0; 1; 1; 0; 162; 1
pglib_opf_case162_ieee_dtc; two_stage_maximum_congestion; neg_weight; 3; 162; 258; 9542.06; ((21, 37, 33), 20); 2979.8964837394215; 11; 73; 0; 98; 30
pglib_opf_case162_ieee_dtc; two_stage_maximum_congestion; neg_weight; 3; 162; 258; 9542.06; ((21, 39, 34), 121); 212.27999999999884; 5; 9; 0; 160; 3
pglib_opf_case162_ieee_dtc; two_stage_maximum_congestion; neg_weight; 3; 162; 258; 9542.06; ((21, 40, 35), 58); 0.0; 1; 1; 0; 162; 1
pglib_opf_case162_ieee_dtc; two_stage_maximum_congestion; neg_weight; 3; 162; 258; 9542.06; ((39, 81, 63), 8); 0.0; 1; 1; 0; 162; 1
pglib_opf_case162_ieee_dtc; two_stage_maximum_congestion; neg_weight; 3; 162; 258; 9542.06; ((39, 80, 206), 21); 0.0; 1; 1; 0; 162; 1
pglib_opf_case162_ieee_dtc; two_stage_maximum_congestion; neg_weight; 3; 162; 258; 9542.06; ((40, 82, 64), 70); 3593.377551445982; 12; 73; 0; 92; 26
pglib_opf_case162_ieee_dtc; two_stage_maximum_congestion; neg_weight; 3; 162; 258; 9542.06; ((40, 83, 65), 81); 237.11999999999898; 6; 13; 0; 159; 4
pglib_opf_case162_ieee_dtc; two_stage_maximum_congestion; neg_weight; 3; 162; 258; 9542.06; ((40, 80, 207), 30); 0.0; 1; 1; 0; 162; 1
pglib_opf_case162_ieee_dtc; two_stage_maximum_congestion; neg_weight; 3; 162; 258; 9542.06; ((22, 23, 36), 63); 773.3889423647579; 5; 20; 0; 147; 10
pglib_opf_case162_ieee_dtc; two_stage_maximum_congestion; neg_weight; 3; 162; 258; 9542.06; ((22, 59, 201), 1); 0.0; 1; 1; 0; 162; 1
pglib_opf_case162_ieee_dtc; two_stage_maximum_congestion; neg_weight; 3; 162; 258; 9542.06; ((23, 27, 37), 59); 773.3889423647579; 5; 19; 0; 147; 10
pglib_opf_case162_ieee_dtc; two_stage_maximum_congestion; neg_weight; 3; 162; 258; 9542.06; ((23, 44, 38), 73); 212.27999999999884; 4; 8; 0; 160; 3
pglib_opf_case162_ieee_dtc; two_stage_maximum_congestion; neg_weight; 3; 162; 258; 9542.06; ((27, 28, 47), 21); 3116.527593762623; 12; 83; 0; 95; 34
pglib_opf_case162_ieee_dtc; two_stage_maximum_congestion; neg_weight; 3; 162; 258; 9542.06; ((44, 53, 71), 53); 212.27999999999884; 4; 8; 0; 160; 3
pglib_opf_case162_ieee_dtc; two_stage_maximum_congestion; neg_weight; 3; 162; 258; 9542.06; ((24, 25, 39), 200); 2261.4259498757638; 9; 47; 0; 122; 17
pglib_opf_case162_ieee_dtc; two_stage_maximum_congestion; neg_weight; 3; 162; 258; 9542.06; ((24, 26, 40), 5); 0.0; 1; 1; 0; 162; 1
pglib_opf_case162_ieee_dtc; two_stage_maximum_congestion; neg_weight; 3; 162; 258; 9542.06; ((24, 23, 202), 195); 0.0; 2; 2; 0; 162; 1
pglib_opf_case162_ieee_dtc; two_stage_maximum_congestion; neg_weight; 3; 162; 258; 9542.06; ((25, 73, 41), 222); 5212.297421468291; 7; 77; 0; 112; 28
pglib_opf_case162_ieee_dtc; two_stage_maximum_congestion; neg_weight; 3; 162; 258; 9542.06; ((25, 74, 42), 198); 2782.9629713596605; 6; 67; 0; 100; 23
pglib_opf_case162_ieee_dtc; two_stage_maximum_congestion; neg_weight; 3; 162; 258; 9542.06; ((25, 75, 203), 1127); 4550.726589013923; 9; 72; 0; 130; 27
pglib_opf_case162_ieee_dtc; two_stage_maximum_congestion; neg_weight; 3; 162; 258; 9542.06; ((25, 148, 253), 253); 3010.4944379871995; 8; 86; 0; 96; 34
pglib_opf_case162_ieee_dtc; two_stage_maximum_congestion; neg_weight; 3; 162; 258; 9542.06; ((25, 148, 254), 253); 3010.4944379871995; 8; 86; 0; 96; 34
pglib_opf_case162_ieee_dtc; two_stage_maximum_congestion; neg_weight; 3; 162; 258; 9542.06; ((26, 64, 43), 23); 0.0; 1; 1; 0; 162; 1
pglib_opf_case162_ieee_dtc; two_stage_maximum_congestion; neg_weight; 3; 162; 258; 9542.06; ((26, 124, 44), 6); 212.27999999999884; 4; 8; 0; 160; 3
pglib_opf_case162_ieee_dtc; two_stage_maximum_congestion; neg_weight; 3; 162; 258; 9542.06; ((26, 125, 45), 342); 3075.3234880728487; 9; 77; 0; 124; 27
pglib_opf_case162_ieee_dtc; two_stage_maximum_congestion; neg_weight; 3; 162; 258; 9542.06; ((26, 126, 46), 3); 0.0; 1; 1; 0; 162; 1
pglib_opf_case162_ieee_dtc; two_stage_maximum_congestion; neg_weight; 3; 162; 258; 9542.06; ((26, 15, 192), 4); 0.0; 1; 1; 0; 162; 1
pglib_opf_case162_ieee_dtc; two_stage_maximum_congestion; neg_weight; 3; 162; 258; 9542.06; ((26, 30, 204), 90); 3206.855525381765; 9; 98; 0; 92; 41
pglib_opf_case162_ieee_dtc; two_stage_maximum_congestion; neg_weight; 3; 162; 258; 9542.06; ((26, 61, 205), 31); 0.0; 1; 1; 0; 162; 1
pglib_opf_case162_ieee_dtc; two_stage_maximum_congestion; neg_weight; 3; 162; 258; 9542.06; ((73, 78, 224), 222); 5212.297421468291; 7; 77; 0; 112; 28
pglib_opf_case162_ieee_dtc; two_stage_maximum_congestion; neg_weight; 3; 162; 258; 9542.06; ((64, 125, 97), 10); 0.0; 1; 1; 0; 162; 1
pglib_opf_case162_ieee_dtc; two_stage_maximum_congestion; neg_weight; 3; 162; 258; 9542.06; ((64, 59, 216), 38); 0.0; 2; 2; 0; 162; 1
pglib_opf_case162_ieee_dtc; two_stage_maximum_congestion; neg_weight; 3; 162; 258; 9542.06; ((64, 61, 218), 158); 3126.7156364331304; 10; 78; 0; 116; 28
pglib_opf_case162_ieee_dtc; two_stage_maximum_congestion; neg_weight; 3; 162; 258; 9542.06; ((64, 62, 220), 4); 0.0; 1; 1; 0; 162; 1
pglib_opf_case162_ieee_dtc; two_stage_maximum_congestion; neg_weight; 3; 162; 258; 9542.06; ((124, 125, 145), 5); 0.0; 1; 1; 0; 162; 1
pglib_opf_case162_ieee_dtc; two_stage_maximum_congestion; neg_weight; 3; 162; 258; 9542.06; ((124, 42, 209), 19); 212.27999999999884; 4; 8; 0; 160; 3
pglib_opf_case162_ieee_dtc; two_stage_maximum_congestion; neg_weight; 3; 162; 258; 9542.06; ((124, 102, 237), 52); 212.27999999999884; 4; 8; 0; 160; 3
pglib_opf_case162_ieee_dtc; two_stage_maximum_congestion; neg_weight; 3; 162; 258; 9542.06; ((124, 122, 245), 119); 212.27999999999884; 3; 7; 0; 160; 3
pglib_opf_case162_ieee_dtc; two_stage_maximum_congestion; neg_weight; 3; 162; 258; 9542.06; ((125, 126, 146), 5); 0.0; 1; 1; 0; 162; 1
pglib_opf_case162_ieee_dtc; two_stage_maximum_congestion; neg_weight; 3; 162; 258; 9542.06; ((125, 15, 193), 8); 0.0; 1; 1; 0; 162; 1
pglib_opf_case162_ieee_dtc; two_stage_maximum_congestion; neg_weight; 3; 162; 258; 9542.06; ((125, 59, 217), 9); 0.0; 1; 1; 0; 162; 1
pglib_opf_case162_ieee_dtc; two_stage_maximum_congestion; neg_weight; 3; 162; 258; 9542.06; ((125, 61, 219), 35); 2965.277388326125; 11; 72; 0; 99; 30
pglib_opf_case162_ieee_dtc; two_stage_maximum_congestion; neg_weight; 3; 162; 258; 9542.06; ((126, 15, 194), 1); 0.0; 1; 1; 0; 162; 1
pglib_opf_case162_ieee_dtc; two_stage_maximum_congestion; neg_weight; 3; 162; 258; 9542.06; ((126, 16, 195), 6); 0.0; 1; 1; 0; 162; 1
pglib_opf_case162_ieee_dtc; two_stage_maximum_congestion; neg_weight; 3; 162; 258; 9542.06; ((126, 18, 197), 18); 2965.277388326125; 11; 74; 0; 99; 30
pglib_opf_case162_ieee_dtc; two_stage_maximum_congestion; neg_weight; 3; 162; 258; 9542.06; ((126, 20, 199), 1); 0.0; 1; 1; 0; 162; 1
pglib_opf_case162_ieee_dtc; two_stage_maximum_congestion; neg_weight; 3; 162; 258; 9542.06; ((28, 29, 48), 10); 0.0; 1; 1; 0; 162; 1
pglib_opf_case162_ieee_dtc; two_stage_maximum_congestion; neg_weight; 3; 162; 258; 9542.06; ((28, 30, 49), 17); 0.0; 1; 1; 0; 162; 1
pglib_opf_case162_ieee_dtc; two_stage_maximum_congestion; neg_weight; 3; 162; 258; 9542.06; ((32, 33, 52), 2); 0.0; 1; 1; 0; 162; 1
pglib_opf_case162_ieee_dtc; two_stage_maximum_congestion; neg_weight; 3; 162; 258; 9542.06; ((32, 34, 53), 18); 2965.277388326125; 11; 72; 0; 99; 30
pglib_opf_case162_ieee_dtc; two_stage_maximum_congestion; neg_weight; 3; 162; 258; 9542.06; ((32, 35, 54), 12); 0.0; 1; 1; 0; 162; 1
pglib_opf_case162_ieee_dtc; two_stage_maximum_congestion; neg_weight; 3; 162; 258; 9542.06; ((33, 39, 55), 18); 0.0; 1; 1; 0; 162; 1
pglib_opf_case162_ieee_dtc; two_stage_maximum_congestion; neg_weight; 3; 162; 258; 9542.06; ((33, 76, 56), 53); 2823.8071510491063; 12; 74; 0; 100; 32
pglib_opf_case162_ieee_dtc; two_stage_maximum_congestion; neg_weight; 3; 162; 258; 9542.06; ((33, 103, 238), 55); 54.73000000000138; 1; 1; 0; 160; 2
pglib_opf_case162_ieee_dtc; two_stage_maximum_congestion; neg_weight; 3; 162; 258; 9542.06; ((34, 39, 57), 37); 0.0; 1; 1; 0; 162; 1
pglib_opf_case162_ieee_dtc; two_stage_maximum_congestion; neg_weight; 3; 162; 258; 9542.06; ((35, 66, 58), 20); 2930.78710367856; 12; 80; 0; 97; 34
pglib_opf_case162_ieee_dtc; two_stage_maximum_congestion; neg_weight; 3; 162; 258; 9542.06; ((66, 67, 98), 38); 2963.863506806474; 11; 74; 0; 99; 31
pglib_opf_case162_ieee_dtc; two_stage_maximum_congestion; neg_weight; 3; 162; 258; 9542.06; ((36, 38, 59), 64); 2900.4624224626878; 11; 75; 0; 101; 30
pglib_opf_case162_ieee_dtc; two_stage_maximum_congestion; neg_weight; 3; 162; 258; 9542.06; ((36, 125, 60), 131); 3694.419915699663; 12; 84; 0; 96; 34
pglib_opf_case162_ieee_dtc; two_stage_maximum_congestion; neg_weight; 3; 162; 258; 9542.06; ((36, 126, 61), 40); 0.0; 1; 1; 0; 162; 1
pglib_opf_case162_ieee_dtc; two_stage_maximum_congestion; neg_weight; 3; 162; 258; 9542.06; ((36, 17, 196), 107); 212.27999999999884; 5; 9; 0; 160; 3
pglib_opf_case162_ieee_dtc; two_stage_maximum_congestion; neg_weight; 3; 162; 258; 9542.06; ((38, 41, 62), 81); 765.0035858415667; 8; 19; 0; 159; 6
pglib_opf_case162_ieee_dtc; two_stage_maximum_congestion; neg_weight; 3; 162; 258; 9542.06; ((38, 21, 200), 145); 212.27999999999884; 5; 9; 0; 160; 3
pglib_opf_case162_ieee_dtc; two_stage_maximum_congestion; neg_weight; 3; 162; 258; 9542.06; ((41, 108, 66), 79); 721.0685198610445; 7; 19; 0; 156; 6
pglib_opf_case162_ieee_dtc; two_stage_maximum_congestion; neg_weight; 3; 162; 258; 9542.06; ((41, 92, 229), 2); 0.0; 1; 1; 0; 162; 1
pglib_opf_case162_ieee_dtc; two_stage_maximum_congestion; neg_weight; 3; 162; 258; 9542.06; ((81, 82, 111), 70); 3593.377551445982; 12; 73; 0; 93; 26
pglib_opf_case162_ieee_dtc; two_stage_maximum_congestion; neg_weight; 3; 162; 258; 9542.06; ((83, 92, 112), 119); 3762.1138892185; 11; 97; 0; 71; 38
pglib_opf_case162_ieee_dtc; two_stage_maximum_congestion; neg_weight; 3; 162; 258; 9542.06; ((108, 123, 128), 154); 0.0; 1; 1; 0; 162; 1
pglib_opf_case162_ieee_dtc; two_stage_maximum_congestion; neg_weight; 3; 162; 258; 9542.06; ((108, 124, 129), 116); 212.27999999999884; 5; 9; 0; 160; 3
pglib_opf_case162_ieee_dtc; two_stage_maximum_congestion; neg_weight; 3; 162; 258; 9542.06; ((108, 93, 231), 190); 2965.277388326125; 10; 73; 0; 99; 30
pglib_opf_case162_ieee_dtc; two_stage_maximum_congestion; neg_weight; 3; 162; 258; 9542.06; ((43, 101, 69), 33); 0.0; 1; 1; 0; 162; 1
pglib_opf_case162_ieee_dtc; two_stage_maximum_congestion; neg_weight; 3; 162; 258; 9542.06; ((43, 102, 70), 59); 0.0; 1; 1; 0; 162; 1
pglib_opf_case162_ieee_dtc; two_stage_maximum_congestion; neg_weight; 3; 162; 258; 9542.06; ((43, 96, 234), 23); 235.1200000000008; 4; 8; 0; 159; 4
pglib_opf_case162_ieee_dtc; two_stage_maximum_congestion; neg_weight; 3; 162; 258; 9542.06; ((102, 122, 125), 25); 212.27999999999884; 3; 7; 0; 160; 3
pglib_opf_case162_ieee_dtc; two_stage_maximum_congestion; neg_weight; 3; 162; 258; 9542.06; ((53, 55, 83), 30); 0.0; 1; 1; 0; 162; 1
pglib_opf_case162_ieee_dtc; two_stage_maximum_congestion; neg_weight; 3; 162; 258; 9542.06; ((53, 56, 84), 6); 0.0; 1; 1; 0; 162; 1
pglib_opf_case162_ieee_dtc; two_stage_maximum_congestion; neg_weight; 3; 162; 258; 9542.06; ((45, 46, 72), 34); 2916.2280279263605; 9; 69; 0; 100; 29
pglib_opf_case162_ieee_dtc; two_stage_maximum_congestion; neg_weight; 3; 162; 258; 9542.06; ((46, 48, 73), 29); 2912.60903193405; 9; 69; 0; 101; 29
pglib_opf_case162_ieee_dtc; two_stage_maximum_congestion; neg_weight; 3; 162; 258; 9542.06; ((48, 86, 210), 22); 2907.4885951709293; 9; 69; 0; 102; 29
pglib_opf_case162_ieee_dtc; two_stage_maximum_congestion; neg_weight; 3; 162; 258; 9542.06; ((47, 49, 74), 8); 0.0; 1; 1; 0; 162; 1
pglib_opf_case162_ieee_dtc; two_stage_maximum_congestion; neg_weight; 3; 162; 258; 9542.06; ((47, 50, 75), 26); 0.0; 1; 1; 0; 162; 1
pglib_opf_case162_ieee_dtc; two_stage_maximum_congestion; neg_weight; 3; 162; 258; 9542.06; ((50, 140, 77), 71); 0.0; 1; 1; 0; 162; 1
pglib_opf_case162_ieee_dtc; two_stage_maximum_congestion; neg_weight; 3; 162; 258; 9542.06; ((50, 141, 250), 22); 0.0; 1; 1; 0; 162; 1
pglib_opf_case162_ieee_dtc; two_stage_maximum_congestion; neg_weight; 3; 162; 258; 9542.06; ((140, 143, 251), 47); 948.2621377118703; 9; 23; 0; 142; 11
pglib_opf_case162_ieee_dtc; two_stage_maximum_congestion; neg_weight; 3; 162; 258; 9542.06; ((51, 78, 78), 42); 2965.2773883261225; 11; 71; 0; 99; 30
pglib_opf_case162_ieee_dtc; two_stage_maximum_congestion; neg_weight; 3; 162; 258; 9542.06; ((51, 105, 79), 170); 2965.2773883261225; 10; 71; 0; 99; 30
pglib_opf_case162_ieee_dtc; two_stage_maximum_congestion; neg_weight; 3; 162; 258; 9542.06; ((51, 115, 80), 230); 481.7468158015745; 4; 8; 0; 159; 4
pglib_opf_case162_ieee_dtc; two_stage_maximum_congestion; neg_weight; 3; 162; 258; 9542.06; ((51, 117, 211), 200); 1224.2257919219628; 5; 26; 0; 145; 13
pglib_opf_case162_ieee_dtc; two_stage_maximum_congestion; neg_weight; 3; 162; 258; 9542.06; ((105, 106, 126), 56); 356.9547686139158; 4; 5; 0; 159; 3
pglib_opf_case162_ieee_dtc; two_stage_maximum_congestion; neg_weight; 3; 162; 258; 9542.06; ((105, 87, 227), 114); 0.0; 1; 1; 0; 162; 1
pglib_opf_case162_ieee_dtc; two_stage_maximum_congestion; neg_weight; 3; 162; 258; 9542.06; ((115, 116, 138), 18); 0.0; 1; 1; 0; 162; 1
pglib_opf_case162_ieee_dtc; two_stage_maximum_congestion; neg_weight; 3; 162; 258; 9542.06; ((115, 146, 139), 67); 1445.4836633036302; 7; 24; 0; 145; 13
pglib_opf_case162_ieee_dtc; two_stage_maximum_congestion; neg_weight; 3; 162; 258; 9542.06; ((115, 147, 252), 120); 3219.886048551134; 11; 74; 0; 116; 33
pglib_opf_case162_ieee_dtc; two_stage_maximum_congestion; neg_weight; 3; 162; 258; 9542.06; ((52, 53, 81), 41); 0.0; 1; 1; 0; 162; 1
pglib_opf_case162_ieee_dtc; two_stage_maximum_congestion; neg_weight; 3; 162; 258; 9542.06; ((52, 54, 82), 116); 773.3889423647579; 5; 18; 0; 147; 10
pglib_opf_case162_ieee_dtc; two_stage_maximum_congestion; neg_weight; 3; 162; 258; 9542.06; ((52, 19, 198), 35); 0.0; 1; 1; 0; 162; 1
pglib_opf_case162_ieee_dtc; two_stage_maximum_congestion; neg_weight; 3; 162; 258; 9542.06; ((54, 56, 85), 43); 0.0; 1; 1; 0; 162; 1
pglib_opf_case162_ieee_dtc; two_stage_maximum_congestion; neg_weight; 3; 162; 258; 9542.06; ((54, 148, 86), 128); 3354.2303838060016; 12; 88; 0; 91; 42
pglib_opf_case162_ieee_dtc; two_stage_maximum_congestion; neg_weight; 3; 162; 258; 9542.06; ((54, 161, 87), 82); 2906.503950254515; 11; 74; 0; 99; 31
pglib_opf_case162_ieee_dtc; two_stage_maximum_congestion; neg_weight; 3; 162; 258; 9542.06; ((54, 156, 257), 50); 0.0; 1; 1; 0; 162; 1
pglib_opf_case162_ieee_dtc; two_stage_maximum_congestion; neg_weight; 3; 162; 258; 9542.06; ((55, 66, 88), 5); 0.0; 1; 1; 0; 162; 1
pglib_opf_case162_ieee_dtc; two_stage_maximum_congestion; neg_weight; 3; 162; 258; 9542.06; ((56, 79, 89), 12); 2544.211596234678; 11; 57; 0; 109; 29
pglib_opf_case162_ieee_dtc; two_stage_maximum_congestion; neg_weight; 3; 162; 258; 9542.06; ((148, 149, 161), 117); 687.8105625115259; 4; 12; 0; 147; 7
pglib_opf_case162_ieee_dtc; two_stage_maximum_congestion; neg_weight; 3; 162; 258; 9542.06; ((148, 150, 162), 158); 2870.9503610760403; 10; 78; 0; 105; 30
pglib_opf_case162_ieee_dtc; two_stage_maximum_congestion; neg_weight; 3; 162; 258; 9542.06; ((148, 151, 163), 29); 0.0; 1; 1; 0; 162; 1
pglib_opf_case162_ieee_dtc; two_stage_maximum_congestion; neg_weight; 3; 162; 258; 9542.06; ((60, 61, 92), 103); 0.0; 2; 2; 0; 162; 1
pglib_opf_case162_ieee_dtc; two_stage_maximum_congestion; neg_weight; 3; 162; 258; 9542.06; ((60, 62, 93), 71); 0.0; 2; 2; 0; 162; 1
pglib_opf_case162_ieee_dtc; two_stage_maximum_congestion; neg_weight; 3; 162; 258; 9542.06; ((60, 59, 213), 61); 0.0; 2; 2; 0; 162; 1
pglib_opf_case162_ieee_dtc; two_stage_maximum_congestion; neg_weight; 3; 162; 258; 9542.06; ((60, 59, 214), 102); 629.1087026072037; 8; 15; 0; 158; 5
pglib_opf_case162_ieee_dtc; two_stage_maximum_congestion; neg_weight; 3; 162; 258; 9542.06; ((63, 64, 95), 129); 3246.5462622891882; 8; 112; 0; 87; 55
pglib_opf_case162_ieee_dtc; two_stage_maximum_congestion; neg_weight; 3; 162; 258; 9542.06; ((63, 65, 96), 129); 3246.5462622891882; 8; 112; 0; 88; 55
pglib_opf_case162_ieee_dtc; two_stage_maximum_congestion; neg_weight; 3; 162; 258; 9542.06; ((65, 10, 221), 129); 3246.5462622891882; 8; 112; 0; 89; 55
pglib_opf_case162_ieee_dtc; two_stage_maximum_congestion; neg_weight; 3; 162; 258; 9542.06; ((67, 68, 99), 78); 2956.6395213238848; 11; 75; 0; 99; 32
pglib_opf_case162_ieee_dtc; two_stage_maximum_congestion; neg_weight; 3; 162; 258; 9542.06; ((68, 76, 100), 79); 2956.6395213238848; 11; 76; 0; 99; 33
pglib_opf_case162_ieee_dtc; two_stage_maximum_congestion; neg_weight; 3; 162; 258; 9542.06; ((68, 77, 101), 27); 2958.095464736768; 11; 74; 0; 99; 32
pglib_opf_case162_ieee_dtc; two_stage_maximum_congestion; neg_weight; 3; 162; 258; 9542.06; ((68, 78, 102), 131); 3387.4291265141455; 9; 75; 0; 100; 28
pglib_opf_case162_ieee_dtc; two_stage_maximum_congestion; neg_weight; 3; 162; 258; 9542.06; ((77, 78, 109), 134); 3387.4291265141455; 9; 75; 0; 100; 28
pglib_opf_case162_ieee_dtc; two_stage_maximum_congestion; neg_weight; 3; 162; 258; 9542.06; ((77, 79, 110), 28); 2556.8972717741362; 11; 57; 0; 109; 29
pglib_opf_case162_ieee_dtc; two_stage_maximum_congestion; neg_weight; 3; 162; 258; 9542.06; ((69, 148, 103), 38); 0.0; 1; 1; 0; 162; 1
pglib_opf_case162_ieee_dtc; two_stage_maximum_congestion; neg_weight; 3; 162; 258; 9542.06; ((69, 148, 104), 38); 0.0; 1; 1; 0; 162; 1
pglib_opf_case162_ieee_dtc; two_stage_maximum_congestion; neg_weight; 3; 162; 258; 9542.06; ((69, 72, 222), 0); 0.0; 1; 1; 0; 161; 2
pglib_opf_case162_ieee_dtc; two_stage_maximum_congestion; neg_weight; 3; 162; 258; 9542.06; ((69, 152, 255), 38); 0.0; 1; 1; 0; 162; 1
pglib_opf_case162_ieee_dtc; two_stage_maximum_congestion; neg_weight; 3; 162; 258; 9542.06; ((69, 152, 256), 38); 0.0; 1; 1; 0; 162; 1
pglib_opf_case162_ieee_dtc; two_stage_maximum_congestion; neg_weight; 3; 162; 258; 9542.06; ((70, 84, 105), 83); 739.7323093098366; 4; 18; 0; 149; 10
pglib_opf_case162_ieee_dtc; two_stage_maximum_congestion; neg_weight; 3; 162; 258; 9542.06; ((70, 149, 106), 112); 683.0036094164934; 4; 12; 0; 148; 7
pglib_opf_case162_ieee_dtc; two_stage_maximum_congestion; neg_weight; 3; 162; 258; 9542.06; ((84, 85, 113), 42); 700.3966654856249; 4; 17; 0; 150; 9
pglib_opf_case162_ieee_dtc; two_stage_maximum_congestion; neg_weight; 3; 162; 258; 9542.06; ((71, 151, 107), 23); 0.0; 1; 1; 0; 162; 1
pglib_opf_case162_ieee_dtc; two_stage_maximum_congestion; neg_weight; 3; 162; 258; 9542.06; ((127, 71, 246), 404); 1822.3362372208521; 4; 45; 0; 122; 23
pglib_opf_case162_ieee_dtc; two_stage_maximum_congestion; neg_weight; 3; 162; 258; 9542.06; ((92, 107, 230), 600); 1301.2657538049007; 7; 19; 0; 153; 9
pglib_opf_case162_ieee_dtc; two_stage_maximum_congestion; neg_weight; 3; 162; 258; 9542.06; ((92, 97, 235), 311); 3822.273390356969; 12; 78; 0; 124; 24
pglib_opf_case162_ieee_dtc; two_stage_maximum_congestion; neg_weight; 3; 162; 258; 9542.06; ((85, 86, 225), 5); 2893.399772423607; 10; 69; 0; 103; 30
pglib_opf_case162_ieee_dtc; two_stage_maximum_congestion; neg_weight; 3; 162; 258; 9542.06; ((85, 87, 226), 54); 0.0; 1; 1; 0; 162; 1
pglib_opf_case162_ieee_dtc; two_stage_maximum_congestion; neg_weight; 3; 162; 258; 9542.06; ((85, 88, 228), 50); 50.210000000000946; 1; 1; 0; 160; 2
pglib_opf_case162_ieee_dtc; two_stage_maximum_congestion; neg_weight; 3; 162; 258; 9542.06; ((88, 89, 114), 50); 50.210000000000946; 1; 1; 0; 161; 2
pglib_opf_case162_ieee_dtc; two_stage_maximum_congestion; neg_weight; 3; 162; 258; 9542.06; ((90, 91, 115), 19); 0.0; 1; 1; 0; 162; 1
pglib_opf_case162_ieee_dtc; two_stage_maximum_congestion; neg_weight; 3; 162; 258; 9542.06; ((90, 92, 116), 65); 2965.277388326125; 10; 75; 0; 99; 30
pglib_opf_case162_ieee_dtc; two_stage_maximum_congestion; neg_weight; 3; 162; 258; 9542.06; ((90, 93, 117), 5); 0.0; 1; 1; 0; 162; 1
pglib_opf_case162_ieee_dtc; two_stage_maximum_congestion; neg_weight; 3; 162; 258; 9542.06; ((91, 101, 118), 17); 0.0; 1; 1; 0; 162; 1
pglib_opf_case162_ieee_dtc; two_stage_maximum_congestion; neg_weight; 3; 162; 258; 9542.06; ((93, 102, 119), 27); 2965.277388326125; 10; 74; 0; 99; 30
pglib_opf_case162_ieee_dtc; two_stage_maximum_congestion; neg_weight; 3; 162; 258; 9542.06; ((93, 106, 120), 48); 3951.981328343002; 8; 78; 0; 89; 29
pglib_opf_case162_ieee_dtc; two_stage_maximum_congestion; neg_weight; 3; 162; 258; 9542.06; ((106, 121, 127), 68); 321.5069170388888; 3; 4; 0; 160; 3
pglib_opf_case162_ieee_dtc; two_stage_maximum_congestion; neg_weight; 3; 162; 258; 9542.06; ((94, 95, 121), 109); 321.28000000000065; 4; 8; 0; 160; 4
pglib_opf_case162_ieee_dtc; two_stage_maximum_congestion; neg_weight; 3; 162; 258; 9542.06; ((94, 97, 122), 143); 355.7710101999983; 4; 6; 0; 160; 3
pglib_opf_case162_ieee_dtc; two_stage_maximum_congestion; neg_weight; 3; 162; 258; 9542.06; ((94, 98, 232), 83); 3717.528345033712; 12; 76; 0; 97; 34
pglib_opf_case162_ieee_dtc; two_stage_maximum_congestion; neg_weight; 3; 162; 258; 9542.06; ((95, 100, 233), 10); 3048.3617427033405; 11; 73; 0; 97; 32
pglib_opf_case162_ieee_dtc; two_stage_maximum_congestion; neg_weight; 3; 162; 258; 9542.06; ((97, 104, 123), 16); 0.0; 1; 1; 0; 162; 1
pglib_opf_case162_ieee_dtc; two_stage_maximum_congestion; neg_weight; 3; 162; 258; 9542.06; ((99, 103, 124), 23); 23.210000000000946; 1; 1; 0; 161; 2
pglib_opf_case162_ieee_dtc; two_stage_maximum_congestion; neg_weight; 3; 162; 258; 9542.06; ((121, 122, 142), 21); 274.1763770087473; 4; 4; 0; 161; 3
pglib_opf_case162_ieee_dtc; two_stage_maximum_congestion; neg_weight; 3; 162; 258; 9542.06; ((123, 124, 143), 24); 212.27999999999884; 4; 8; 0; 160; 3
pglib_opf_case162_ieee_dtc; two_stage_maximum_congestion; neg_weight; 3; 162; 258; 9542.06; ((123, 125, 144), 1); 0.0; 1; 1; 0; 162; 1
pglib_opf_case162_ieee_dtc; two_stage_maximum_congestion; neg_weight; 3; 162; 258; 9542.06; ((123, 42, 208), 49); 0.0; 1; 1; 0; 162; 1
pglib_opf_case162_ieee_dtc; two_stage_maximum_congestion; neg_weight; 3; 162; 258; 9542.06; ((123, 102, 236), 393); 4228.150702960239; 11; 94; 0; 81; 38
pglib_opf_case162_ieee_dtc; two_stage_maximum_congestion; neg_weight; 3; 162; 258; 9542.06; ((109, 110, 130), 97); 0.0; 1; 1; 0; 162; 1
pglib_opf_case162_ieee_dtc; two_stage_maximum_congestion; neg_weight; 3; 162; 258; 9542.06; ((109, 133, 131), 64); 0.0; 1; 1; 0; 162; 1
pglib_opf_case162_ieee_dtc; two_stage_maximum_congestion; neg_weight; 3; 162; 258; 9542.06; ((109, 140, 132), 118); 1678.7893760789566; 9; 28; 0; 133; 15
pglib_opf_case162_ieee_dtc; two_stage_maximum_congestion; neg_weight; 3; 162; 258; 9542.06; ((109, 113, 241), 0); 3.000241122208536e-08; 1; 1; 0; 161; 2
pglib_opf_case162_ieee_dtc; two_stage_maximum_congestion; neg_weight; 3; 162; 258; 9542.06; ((109, 137, 249), 76); 0.0; 1; 1; 0; 162; 1
pglib_opf_case162_ieee_dtc; two_stage_maximum_congestion; neg_weight; 3; 162; 258; 9542.06; ((110, 114, 133), 32); 0.0; 1; 1; 0; 162; 1
pglib_opf_case162_ieee_dtc; two_stage_maximum_congestion; neg_weight; 3; 162; 258; 9542.06; ((133, 132, 248), 62); 0.0; 1; 1; 0; 162; 1
pglib_opf_case162_ieee_dtc; two_stage_maximum_congestion; neg_weight; 3; 162; 258; 9542.06; ((114, 116, 137), 270); 1399.162887510899; 3; 9; 0; 154; 5
pglib_opf_case162_ieee_dtc; two_stage_maximum_congestion; neg_weight; 3; 162; 258; 9542.06; ((116, 146, 140), 150); 0.0; 1; 1; 0; 162; 1
pglib_opf_case162_ieee_dtc; two_stage_maximum_congestion; neg_weight; 3; 162; 258; 9542.06; ((132, 134, 147), 8); 0.0; 1; 1; 0; 162; 1
pglib_opf_case162_ieee_dtc; two_stage_maximum_congestion; neg_weight; 3; 162; 258; 9542.06; ((132, 135, 148), 9); 0.0; 1; 1; 0; 162; 1
pglib_opf_case162_ieee_dtc; two_stage_maximum_congestion; neg_weight; 3; 162; 258; 9542.06; ((132, 136, 149), 15); 0.0; 1; 1; 0; 162; 1
pglib_opf_case162_ieee_dtc; two_stage_maximum_congestion; neg_weight; 3; 162; 258; 9542.06; ((134, 137, 150), 12); 0.0; 1; 1; 0; 162; 1
pglib_opf_case162_ieee_dtc; two_stage_maximum_congestion; neg_weight; 3; 162; 258; 9542.06; ((135, 138, 151), 11); 0.0; 1; 1; 0; 162; 1
pglib_opf_case162_ieee_dtc; two_stage_maximum_congestion; neg_weight; 3; 162; 258; 9542.06; ((136, 139, 152), 6); 0.0; 1; 1; 0; 162; 1
pglib_opf_case162_ieee_dtc; two_stage_maximum_congestion; neg_weight; 3; 162; 258; 9542.06; ((137, 138, 153), 21); 0.0; 1; 1; 0; 162; 1
pglib_opf_case162_ieee_dtc; two_stage_maximum_congestion; neg_weight; 3; 162; 258; 9542.06; ((137, 139, 154), 19); 0.0; 1; 1; 0; 162; 1
pglib_opf_case162_ieee_dtc; two_stage_maximum_congestion; neg_weight; 3; 162; 258; 9542.06; ((137, 144, 155), 24); 0.0; 1; 1; 0; 162; 1
pglib_opf_case162_ieee_dtc; two_stage_maximum_congestion; neg_weight; 3; 162; 258; 9542.06; ((141, 142, 156), 4); 0.0; 1; 1; 0; 162; 1
pglib_opf_case162_ieee_dtc; two_stage_maximum_congestion; neg_weight; 3; 162; 258; 9542.06; ((141, 145, 157), 2); 0.0; 1; 1; 0; 162; 1
pglib_opf_case162_ieee_dtc; two_stage_maximum_congestion; neg_weight; 3; 162; 258; 9542.06; ((142, 143, 158), 25); 0.0; 1; 1; 0; 162; 1
pglib_opf_case162_ieee_dtc; two_stage_maximum_congestion; neg_weight; 3; 162; 258; 9542.06; ((143, 144, 159), 13); 0.0; 1; 1; 0; 162; 1
pglib_opf_case162_ieee_dtc; two_stage_maximum_congestion; neg_weight; 3; 162; 258; 9542.06; ((143, 145, 160), 23); 0.0; 1; 1; 0; 162; 1
pglib_opf_case162_ieee_dtc; two_stage_maximum_congestion; neg_weight; 3; 162; 258; 9542.06; ((150, 160, 164), 134); 668.1573581953471; 6; 24; 0; 148; 11
pglib_opf_case162_ieee_dtc; two_stage_maximum_congestion; neg_weight; 3; 162; 258; 9542.06; ((160, 161, 174), 102); 2906.503950254515; 11; 73; 0; 99; 31
pglib_opf_case162_ieee_dtc; two_stage_maximum_congestion; neg_weight; 3; 162; 258; 9542.06; ((152, 153, 165), 34); 0.0; 1; 1; 0; 162; 1
pglib_opf_case162_ieee_dtc; two_stage_maximum_congestion; neg_weight; 3; 162; 258; 9542.06; ((152, 154, 166), 38); 0.0; 1; 1; 0; 162; 1
pglib_opf_case162_ieee_dtc; two_stage_maximum_congestion; neg_weight; 3; 162; 258; 9542.06; ((153, 155, 167), 17); 0.0; 1; 1; 0; 162; 1
pglib_opf_case162_ieee_dtc; two_stage_maximum_congestion; neg_weight; 3; 162; 258; 9542.06; ((153, 159, 168), 23); 0.0; 1; 1; 0; 162; 1
pglib_opf_case162_ieee_dtc; two_stage_maximum_congestion; neg_weight; 3; 162; 258; 9542.06; ((154, 155, 169), 26); 0.0; 1; 1; 0; 162; 1
pglib_opf_case162_ieee_dtc; two_stage_maximum_congestion; neg_weight; 3; 162; 258; 9542.06; ((155, 156, 170), 1); 0.0; 1; 1; 0; 162; 1
pglib_opf_case162_ieee_dtc; two_stage_maximum_congestion; neg_weight; 3; 162; 258; 9542.06; ((157, 158, 172), 0); 0.0; 1; 1; 0; 162; 1
pglib_opf_case162_ieee_dtc; two_stage_maximum_congestion; neg_weight; 3; 162; 258; 9542.06; ((158, 159, 173), 8); 0.0; 1; 1; 0; 162; 1
pglib_opf_case162_ieee_dtc; two_stage_maximum_congestion; neg_weight; 3; 162; 258; 9542.06; ((12, 7, 181), 16); 0.0; 1; 1; 0; 162; 1
pglib_opf_case162_ieee_dtc; two_stage_maximum_congestion; neg_weight; 3; 162; 258; 9542.06; ((12, 9, 183), 13); 0.0; 1; 1; 0; 162; 1
pglib_opf_case162_ieee_dtc; two_stage_maximum_congestion; neg_weight; 3; 162; 258; 9542.06; ((12, 14, 189), 38); 0.0; 1; 1; 0; 162; 1
pglib_opf_case162_ieee_dtc; two_stage_maximum_congestion; neg_weight; 3; 162; 258; 9542.06; ((12, 61, 190), 195); 3191.775007056631; 9; 71; 0; 139; 25
