pglib_opf_case179_goc; single_stage_power_flow_disruption; neg_weight; 3; 179; 254; 33940.499999999985; ((0, 1, 0), 668); 2549.649723790546; 3; 5; 0; 179; 6
pglib_opf_case179_goc; single_stage_power_flow_disruption; neg_weight; 3; 179; 254; 33940.499999999985; ((0, 2, 208), 258); 1800.059765327518; 3; 4; 0; 179; 5
pglib_opf_case179_goc; single_stage_power_flow_disruption; neg_weight; 3; 179; 254; 33940.499999999985; ((1, 6, 1), 668); 2549.649723790546; 3; 5; 0; 179; 6
pglib_opf_case179_goc; single_stage_power_flow_disruption; neg_weight; 3; 179; 254; 33940.499999999985; ((6, 7, 6), 757); 2579.092280462759; 3; 5; 0; 179; 6
pglib_opf_case179_goc; single_stage_power_flow_disruption; neg_weight; 3; 179; 254; 33940.499999999985; ((6, 8, 7), 34); 2.996966941282153e-08; 1; 1; 0; 179; 1
pglib_opf_case179_goc; single_stage_power_flow_disruption; neg_weight; 3; 179; 254; 33940.499999999985; ((6, 8, 8), 34); 2.996966941282153e-08; 1; 1; 0; 179; 1
pglib_opf_case179_goc; single_stage_power_flow_disruption; neg_weight; 3; 179; 254; 33940.499999999985; ((6, 15, 9), 316); 1596.299265148671; 3; 3; 0; 179; 4
pglib_opf_case179_goc; single_stage_power_flow_disruption; neg_weight; 3; 179; 254; 33940.499999999985; ((3, 4, 2), 183); 1754.9513169696147; 3; 4; 0; 179; 5
pglib_opf_case179_goc; single_stage_power_flow_disruption; neg_weight; 3; 179; 254; 33940.499999999985; ((3, 9, 3), 1380); 3408.46467998371; 3; 6; 0; 177; 7
pglib_opf_case179_goc; single_stage_power_flow_disruption; neg_weight; 3; 179; 254; 33940.499999999985; ((15, 3, 4), 291); 1554.4494218938526; 3; 3; 0; 179; 4
pglib_opf_case179_goc; single_stage_power_flow_disruption; neg_weight; 3; 179; 254; 33940.499999999985; ((15, 16, 213), 485); 2153.34730645291; 3; 4; 0; 179; 5
pglib_opf_case179_goc; single_stage_power_flow_disruption; neg_weight; 3; 179; 254; 33940.499999999985; ((5, 26, 5), 225); 224.70999957999447; 1; 1; 0; 179; 2
pglib_opf_case179_goc; single_stage_power_flow_disruption; neg_weight; 3; 179; 254; 33940.499999999985; ((5, 6, 209), 112); 2.996966941282153e-08; 1; 1; 0; 179; 1
pglib_opf_case179_goc; single_stage_power_flow_disruption; neg_weight; 3; 179; 254; 33940.499999999985; ((5, 6, 210), 112); 2.996966941282153e-08; 1; 1; 0; 179; 1
pglib_opf_case179_goc; single_stage_power_flow_disruption; neg_weight; 3; 179; 254; 33940.499999999985; ((26, 27, 27), 225); 224.7099995799872; 1; 1; 0; 179; 2
pglib_opf_case179_goc; single_stage_power_flow_disruption; neg_weight; 3; 179; 254; 33940.499999999985; ((161, 6, 10), 0); 0.26999961998080835; 1; 1; 0; 179; 2
pglib_opf_case179_goc; single_stage_power_flow_disruption; neg_weight; 3; 179; 254; 33940.499999999985; ((10, 18, 11), 26); 2.996966941282153e-08; 1; 1; 0; 179; 1
pglib_opf_case179_goc; single_stage_power_flow_disruption; neg_weight; 3; 179; 254; 33940.499999999985; ((10, 20, 12), 142); 2.996966941282153e-08; 1; 1; 0; 179; 1
pglib_opf_case179_goc; single_stage_power_flow_disruption; neg_weight; 3; 179; 254; 33940.499999999985; ((10, 137, 13), 300); 2.996966941282153e-08; 1; 1; 0; 179; 1
pglib_opf_case179_goc; single_stage_power_flow_disruption; neg_weight; 3; 179; 254; 33940.499999999985; ((10, 11, 211), 510); 2192.256019129676; 3; 4; 0; 179; 5
pglib_opf_case179_goc; single_stage_power_flow_disruption; neg_weight; 3; 179; 254; 33940.499999999985; ((18, 19, 22), 26); 2.996966941282153e-08; 1; 1; 0; 179; 1
pglib_opf_case179_goc; single_stage_power_flow_disruption; neg_weight; 3; 179; 254; 33940.499999999985; ((20, 21, 23), 142); 2.996966941282153e-08; 1; 1; 0; 179; 1
pglib_opf_case179_goc; single_stage_power_flow_disruption; neg_weight; 3; 179; 254; 33940.499999999985; ((19, 12, 14), 26); 2.996966941282153e-08; 1; 1; 0; 179; 1
pglib_opf_case179_goc; single_stage_power_flow_disruption; neg_weight; 3; 179; 254; 33940.499999999985; ((12, 22, 15), 185); 2.996966941282153e-08; 1; 1; 0; 179; 1
pglib_opf_case179_goc; single_stage_power_flow_disruption; neg_weight; 3; 179; 254; 33940.499999999985; ((12, 24, 16), 65); 2.996966941282153e-08; 1; 1; 0; 179; 1
pglib_opf_case179_goc; single_stage_power_flow_disruption; neg_weight; 3; 179; 254; 33940.499999999985; ((22, 23, 24), 185); 2.996966941282153e-08; 1; 1; 0; 179; 1
pglib_opf_case179_goc; single_stage_power_flow_disruption; neg_weight; 3; 179; 254; 33940.499999999985; ((24, 25, 25), 65); 2.996966941282153e-08; 1; 1; 0; 179; 1
pglib_opf_case179_goc; single_stage_power_flow_disruption; neg_weight; 3; 179; 254; 33940.499999999985; ((27, 12, 17), 225); 224.7099995799872; 1; 1; 0; 179; 2
pglib_opf_case179_goc; single_stage_power_flow_disruption; neg_weight; 3; 179; 254; 33940.499999999985; ((14, 134, 18), 542); 3936.3624794189927; 4; 8; 0; 179; 8
pglib_opf_case179_goc; single_stage_power_flow_disruption; neg_weight; 3; 179; 254; 33940.499999999985; ((14, 134, 19), 542); 3936.3624794189927; 4; 8; 0; 179; 8
pglib_opf_case179_goc; single_stage_power_flow_disruption; neg_weight; 3; 179; 254; 33940.499999999985; ((14, 13, 212), 1519); 4027.112234384924; 2; 8; 0; 177; 9
pglib_opf_case179_goc; single_stage_power_flow_disruption; neg_weight; 3; 179; 254; 33940.499999999985; ((134, 150, 164), 669); 3232.1310450828023; 3; 6; 0; 179; 7
pglib_opf_case179_goc; single_stage_power_flow_disruption; neg_weight; 3; 179; 254; 33940.499999999985; ((21, 17, 20), 142); 2.996966941282153e-08; 1; 1; 0; 179; 1
pglib_opf_case179_goc; single_stage_power_flow_disruption; neg_weight; 3; 179; 254; 33940.499999999985; ((23, 17, 21), 185); 2.996966941282153e-08; 1; 1; 0; 179; 1
pglib_opf_case179_goc; single_stage_power_flow_disruption; neg_weight; 3; 179; 254; 33940.499999999985; ((25, 137, 26), 65); 2.996966941282153e-08; 1; 1; 0; 179; 1
pglib_opf_case179_goc; single_stage_power_flow_disruption; neg_weight; 3; 179; 254; 33940.499999999985; ((29, 30, 28), 288); 2601.197167081624; 3; 6; 0; 179; 7
pglib_opf_case179_goc; single_stage_power_flow_disruption; neg_weight; 3; 179; 254; 33940.499999999985; ((29, 78, 29), 315); 620.5494875008953; 2; 2; 0; 179; 3
pglib_opf_case179_goc; single_stage_power_flow_disruption; neg_weight; 3; 179; 254; 33940.499999999985; ((29, 28, 214), 2979); 6409.060243582317; 3; 11; 0; 173; 12
pglib_opf_case179_goc; single_stage_power_flow_disruption; neg_weight; 3; 179; 254; 33940.499999999985; ((30, 31, 215), 288); 2601.197167081624; 3; 6; 0; 179; 7
pglib_opf_case179_goc; single_stage_power_flow_disruption; neg_weight; 3; 179; 254; 33940.499999999985; ((78, 76, 95), 1747); 2.996966941282153e-08; 1; 1; 0; 179; 1
pglib_opf_case179_goc; single_stage_power_flow_disruption; neg_weight; 3; 179; 254; 33940.499999999985; ((78, 76, 96), 1747); 2.996966941282153e-08; 1; 1; 0; 179; 1
pglib_opf_case179_goc; single_stage_power_flow_disruption; neg_weight; 3; 179; 254; 33940.499999999985; ((78, 77, 234), 5470); 10002.933024416474; 3; 15; 0; 174; 13
pglib_opf_case179_goc; single_stage_power_flow_disruption; neg_weight; 3; 179; 254; 33940.499999999985; ((31, 32, 30), 288); 2601.197167081624; 3; 6; 0; 179; 7
pglib_opf_case179_goc; single_stage_power_flow_disruption; neg_weight; 3; 179; 254; 33940.499999999985; ((32, 33, 31), 1404); 3583.184460683922; 3; 7; 0; 176; 8
pglib_opf_case179_goc; single_stage_power_flow_disruption; neg_weight; 3; 179; 254; 33940.499999999985; ((83, 34, 32), 964); 1989.6585807687807; 3; 4; 0; 179; 5
pglib_opf_case179_goc; single_stage_power_flow_disruption; neg_weight; 3; 179; 254; 33940.499999999985; ((35, 36, 33), 0); 2.996966941282153e-08; 1; 1; 0; 179; 1
pglib_opf_case179_goc; single_stage_power_flow_disruption; neg_weight; 3; 179; 254; 33940.499999999985; ((35, 54, 34), 150); 2.996966941282153e-08; 1; 1; 0; 179; 1
pglib_opf_case179_goc; single_stage_power_flow_disruption; neg_weight; 3; 179; 254; 33940.499999999985; ((35, 62, 35), 347); 2.996966941282153e-08; 1; 1; 0; 179; 1
pglib_opf_case179_goc; single_stage_power_flow_disruption; neg_weight; 3; 179; 254; 33940.499999999985; ((35, 62, 36), 347); 2.996966941282153e-08; 1; 1; 0; 179; 1
pglib_opf_case179_goc; single_stage_power_flow_disruption; neg_weight; 3; 179; 254; 33940.499999999985; ((36, 46, 216), 0); 2.996966941282153e-08; 1; 1; 0; 179; 1
pglib_opf_case179_goc; single_stage_power_flow_disruption; neg_weight; 3; 179; 254; 33940.499999999985; ((54, 53, 223), 75); 2.996966941282153e-08; 1; 1; 0; 179; 1
pglib_opf_case179_goc; single_stage_power_flow_disruption; neg_weight; 3; 179; 254; 33940.499999999985; ((54, 53, 224), 75); 2.996966941282153e-08; 1; 1; 0; 179; 1
pglib_opf_case179_goc; single_stage_power_flow_disruption; neg_weight; 3; 179; 254; 33940.499999999985; ((62, 47, 62), 17); 2.996966941282153e-08; 1; 1; 0; 179; 1
pglib_opf_case179_goc; single_stage_power_flow_disruption; neg_weight; 3; 179; 254; 33940.499999999985; ((62, 61, 226), 38); 2.996966941282153e-08; 1; 1; 0; 179; 1
pglib_opf_case179_goc; single_stage_power_flow_disruption; neg_weight; 3; 179; 254; 33940.499999999985; ((37, 38, 37), 31); 2131.4565644115137; 4; 5; 0; 179; 6
pglib_opf_case179_goc; single_stage_power_flow_disruption; neg_weight; 3; 179; 254; 33940.499999999985; ((37, 44, 38), 5); 2.996966941282153e-08; 1; 1; 0; 179; 1
pglib_opf_case179_goc; single_stage_power_flow_disruption; neg_weight; 3; 179; 254; 33940.499999999985; ((37, 46, 39), 1); 2.996966941282153e-08; 1; 1; 0; 179; 1
pglib_opf_case179_goc; single_stage_power_flow_disruption; neg_weight; 3; 179; 254; 33940.499999999985; ((37, 57, 40), 23); 2.996966941282153e-08; 1; 1; 0; 179; 1
pglib_opf_case179_goc; single_stage_power_flow_disruption; neg_weight; 3; 179; 254; 33940.499999999985; ((37, 58, 41), 48); 2.996966941282153e-08; 1; 1; 0; 179; 1
pglib_opf_case179_goc; single_stage_power_flow_disruption; neg_weight; 3; 179; 254; 33940.499999999985; ((46, 44, 50), 31); 2.996966941282153e-08; 1; 1; 0; 179; 1
pglib_opf_case179_goc; single_stage_power_flow_disruption; neg_weight; 3; 179; 254; 33940.499999999985; ((46, 53, 51), 225); 2.996966941282153e-08; 1; 1; 0; 179; 1
pglib_opf_case179_goc; single_stage_power_flow_disruption; neg_weight; 3; 179; 254; 33940.499999999985; ((46, 53, 52), 225); 2.996966941282153e-08; 1; 1; 0; 179; 1
pglib_opf_case179_goc; single_stage_power_flow_disruption; neg_weight; 3; 179; 254; 33940.499999999985; ((46, 57, 53), 115); 2.996966941282153e-08; 1; 1; 0; 179; 1
pglib_opf_case179_goc; single_stage_power_flow_disruption; neg_weight; 3; 179; 254; 33940.499999999985; ((46, 57, 54), 115); 2.996966941282153e-08; 1; 1; 0; 179; 1
pglib_opf_case179_goc; single_stage_power_flow_disruption; neg_weight; 3; 179; 254; 33940.499999999985; ((46, 57, 55), 114); 2.996966941282153e-08; 1; 1; 0; 179; 1
pglib_opf_case179_goc; single_stage_power_flow_disruption; neg_weight; 3; 179; 254; 33940.499999999985; ((46, 57, 56), 114); 2.996966941282153e-08; 1; 1; 0; 179; 1
pglib_opf_case179_goc; single_stage_power_flow_disruption; neg_weight; 3; 179; 254; 33940.499999999985; ((46, 58, 57), 408); 2.996966941282153e-08; 1; 1; 0; 179; 1
pglib_opf_case179_goc; single_stage_power_flow_disruption; neg_weight; 3; 179; 254; 33940.499999999985; ((46, 58, 58), 408); 2.996966941282153e-08; 1; 1; 0; 179; 1
pglib_opf_case179_goc; single_stage_power_flow_disruption; neg_weight; 3; 179; 254; 33940.499999999985; ((46, 58, 59), 408); 2.996966941282153e-08; 1; 1; 0; 179; 1
pglib_opf_case179_goc; single_stage_power_flow_disruption; neg_weight; 3; 179; 254; 33940.499999999985; ((46, 60, 60), 146); 2.996966941282153e-08; 1; 1; 0; 179; 1
pglib_opf_case179_goc; single_stage_power_flow_disruption; neg_weight; 3; 179; 254; 33940.499999999985; ((46, 60, 61), 146); 2.996966941282153e-08; 1; 1; 0; 179; 1
pglib_opf_case179_goc; single_stage_power_flow_disruption; neg_weight; 3; 179; 254; 33940.499999999985; ((46, 45, 219), 18); 2237.892850932203; 3; 6; 0; 179; 7
pglib_opf_case179_goc; single_stage_power_flow_disruption; neg_weight; 3; 179; 254; 33940.499999999985; ((58, 59, 225), 188); 2.996966941282153e-08; 1; 1; 0; 179; 1
pglib_opf_case179_goc; single_stage_power_flow_disruption; neg_weight; 3; 179; 254; 33940.499999999985; ((53, 39, 42), 142); 2.996966941282153e-08; 1; 1; 0; 179; 1
pglib_opf_case179_goc; single_stage_power_flow_disruption; neg_weight; 3; 179; 254; 33940.499999999985; ((53, 56, 71), 113); 2.996966941282153e-08; 1; 1; 0; 179; 1
pglib_opf_case179_goc; single_stage_power_flow_disruption; neg_weight; 3; 179; 254; 33940.499999999985; ((53, 56, 72), 113); 2.996966941282153e-08; 1; 1; 0; 179; 1
pglib_opf_case179_goc; single_stage_power_flow_disruption; neg_weight; 3; 179; 254; 33940.499999999985; ((39, 56, 43), 72); 2.996966941282153e-08; 1; 1; 0; 179; 1
pglib_opf_case179_goc; single_stage_power_flow_disruption; neg_weight; 3; 179; 254; 33940.499999999985; ((48, 40, 44), 25); 2.996966941282153e-08; 1; 1; 0; 179; 1
pglib_opf_case179_goc; single_stage_power_flow_disruption; neg_weight; 3; 179; 254; 33940.499999999985; ((48, 40, 45), 23); 2.996966941282153e-08; 1; 1; 0; 179; 1
pglib_opf_case179_goc; single_stage_power_flow_disruption; neg_weight; 3; 179; 254; 33940.499999999985; ((48, 55, 63), 29); 2.996966941282153e-08; 1; 1; 0; 179; 1
pglib_opf_case179_goc; single_stage_power_flow_disruption; neg_weight; 3; 179; 254; 33940.499999999985; ((48, 56, 64), 154); 2.996966941282153e-08; 1; 1; 0; 179; 1
pglib_opf_case179_goc; single_stage_power_flow_disruption; neg_weight; 3; 179; 254; 33940.499999999985; ((40, 56, 47), 1); 2.996966941282153e-08; 1; 1; 0; 179; 1
pglib_opf_case179_goc; single_stage_power_flow_disruption; neg_weight; 3; 179; 254; 33940.499999999985; ((40, 41, 217), 78); 2339.3624256384755; 3; 6; 0; 179; 7
pglib_opf_case179_goc; single_stage_power_flow_disruption; neg_weight; 3; 179; 254; 33940.499999999985; ((55, 40, 46), 31); 2.996966941282153e-08; 1; 1; 0; 179; 1
pglib_opf_case179_goc; single_stage_power_flow_disruption; neg_weight; 3; 179; 254; 33940.499999999985; ((55, 52, 69), 41); 2.996966941282153e-08; 1; 1; 0; 179; 1
pglib_opf_case179_goc; single_stage_power_flow_disruption; neg_weight; 3; 179; 254; 33940.499999999985; ((55, 52, 70), 41); 2.996966941282153e-08; 1; 1; 0; 179; 1
pglib_opf_case179_goc; single_stage_power_flow_disruption; neg_weight; 3; 179; 254; 33940.499999999985; ((55, 56, 74), 85); 2.996966941282153e-08; 1; 1; 0; 179; 1
pglib_opf_case179_goc; single_stage_power_flow_disruption; neg_weight; 3; 179; 254; 33940.499999999985; ((42, 158, 48), 329); 2.996966941282153e-08; 1; 1; 0; 179; 1
pglib_opf_case179_goc; single_stage_power_flow_disruption; neg_weight; 3; 179; 254; 33940.499999999985; ((42, 158, 49), 329); 2.996966941282153e-08; 1; 1; 0; 179; 1
pglib_opf_case179_goc; single_stage_power_flow_disruption; neg_weight; 3; 179; 254; 33940.499999999985; ((42, 43, 218), 440); 2824.610563710663; 3; 6; 0; 177; 7
pglib_opf_case179_goc; single_stage_power_flow_disruption; neg_weight; 3; 179; 254; 33940.499999999985; ((158, 164, 199), 122); 2.996966941282153e-08; 1; 1; 0; 179; 1
pglib_opf_case179_goc; single_stage_power_flow_disruption; neg_weight; 3; 179; 254; 33940.499999999985; ((158, 164, 200), 119); 2.996966941282153e-08; 1; 1; 0; 179; 1
pglib_opf_case179_goc; single_stage_power_flow_disruption; neg_weight; 3; 179; 254; 33940.499999999985; ((60, 53, 73), 197); 2.996966941282153e-08; 1; 1; 0; 179; 1
pglib_opf_case179_goc; single_stage_power_flow_disruption; neg_weight; 3; 179; 254; 33940.499999999985; ((47, 46, 220), 17); 2.996966941282153e-08; 1; 1; 0; 179; 1
pglib_opf_case179_goc; single_stage_power_flow_disruption; neg_weight; 3; 179; 254; 33940.499999999985; ((52, 49, 65), 4); 2.996966941282153e-08; 1; 1; 0; 179; 1
pglib_opf_case179_goc; single_stage_power_flow_disruption; neg_weight; 3; 179; 254; 33940.499999999985; ((52, 49, 66), 4); 2.996966941282153e-08; 1; 1; 0; 179; 1
pglib_opf_case179_goc; single_stage_power_flow_disruption; neg_weight; 3; 179; 254; 33940.499999999985; ((50, 61, 67), 54); 2.996966941282153e-08; 1; 1; 0; 179; 1
pglib_opf_case179_goc; single_stage_power_flow_disruption; neg_weight; 3; 179; 254; 33940.499999999985; ((50, 49, 221), 54); 2.996966941282153e-08; 1; 1; 0; 179; 1
pglib_opf_case179_goc; single_stage_power_flow_disruption; neg_weight; 3; 179; 254; 33940.499999999985; ((51, 61, 68), 54); 2.996966941282153e-08; 1; 1; 0; 179; 1
pglib_opf_case179_goc; single_stage_power_flow_disruption; neg_weight; 3; 179; 254; 33940.499999999985; ((51, 49, 222), 54); 2.996966941282153e-08; 1; 1; 0; 179; 1
pglib_opf_case179_goc; single_stage_power_flow_disruption; neg_weight; 3; 179; 254; 33940.499999999985; ((135, 59, 75), 378); 2.996966941282153e-08; 1; 1; 0; 179; 1
pglib_opf_case179_goc; single_stage_power_flow_disruption; neg_weight; 3; 179; 254; 33940.499999999985; ((135, 141, 165), 456); 2.996966941282153e-08; 1; 1; 0; 179; 1
pglib_opf_case179_goc; single_stage_power_flow_disruption; neg_weight; 3; 179; 254; 33940.499999999985; ((135, 148, 166), 173); 2.996966941282153e-08; 1; 1; 0; 179; 1
pglib_opf_case179_goc; single_stage_power_flow_disruption; neg_weight; 3; 179; 254; 33940.499999999985; ((148, 59, 76), 188); 2.996966941282153e-08; 1; 1; 0; 179; 1
pglib_opf_case179_goc; single_stage_power_flow_disruption; neg_weight; 3; 179; 254; 33940.499999999985; ((148, 59, 77), 188); 2.996966941282153e-08; 1; 1; 0; 179; 1
pglib_opf_case179_goc; single_stage_power_flow_disruption; neg_weight; 3; 179; 254; 33940.499999999985; ((148, 152, 179), 271); 2.996966941282153e-08; 1; 1; 0; 179; 1
pglib_opf_case179_goc; single_stage_power_flow_disruption; neg_weight; 3; 179; 254; 33940.499999999985; ((148, 152, 180), 291); 2.996966941282153e-08; 1; 1; 0; 179; 1
pglib_opf_case179_goc; single_stage_power_flow_disruption; neg_weight; 3; 179; 254; 33940.499999999985; ((140, 62, 78), 673); 2.996966941282153e-08; 1; 1; 0; 179; 1
pglib_opf_case179_goc; single_stage_power_flow_disruption; neg_weight; 3; 179; 254; 33940.499999999985; ((140, 143, 169), 521); 2.996966941282153e-08; 1; 1; 0; 179; 1
pglib_opf_case179_goc; single_stage_power_flow_disruption; neg_weight; 3; 179; 254; 33940.499999999985; ((140, 143, 170), 523); 2.996966941282153e-08; 1; 1; 0; 179; 1
pglib_opf_case179_goc; single_stage_power_flow_disruption; neg_weight; 3; 179; 254; 33940.499999999985; ((140, 145, 171), 1032); 2527.766070719834; 3; 5; 0; 177; 6
pglib_opf_case179_goc; single_stage_power_flow_disruption; neg_weight; 3; 179; 254; 33940.499999999985; ((140, 149, 172), 247); 2.996966941282153e-08; 1; 1; 0; 179; 1
pglib_opf_case179_goc; single_stage_power_flow_disruption; neg_weight; 3; 179; 254; 33940.499999999985; ((140, 151, 173), 153); 2.996966941282153e-08; 1; 1; 0; 179; 1
pglib_opf_case179_goc; single_stage_power_flow_disruption; neg_weight; 3; 179; 254; 33940.499999999985; ((140, 151, 174), 153); 2.996966941282153e-08; 1; 1; 0; 179; 1
pglib_opf_case179_goc; single_stage_power_flow_disruption; neg_weight; 3; 179; 254; 33940.499999999985; ((76, 64, 79), 416); 2754.142072799481; 3; 6; 0; 179; 7
pglib_opf_case179_goc; single_stage_power_flow_disruption; neg_weight; 3; 179; 254; 33940.499999999985; ((76, 72, 87), 0); 2.996966941282153e-08; 1; 1; 0; 178; 2
pglib_opf_case179_goc; single_stage_power_flow_disruption; neg_weight; 3; 179; 254; 33940.499999999985; ((76, 74, 90), 403); 2.996966941282153e-08; 1; 1; 0; 179; 1
pglib_opf_case179_goc; single_stage_power_flow_disruption; neg_weight; 3; 179; 254; 33940.499999999985; ((76, 74, 91), 466); 2.996966941282153e-08; 1; 1; 0; 179; 1
pglib_opf_case179_goc; single_stage_power_flow_disruption; neg_weight; 3; 179; 254; 33940.499999999985; ((64, 63, 227), 359); 3318.838153348297; 4; 7; 0; 178; 8
pglib_opf_case179_goc; single_stage_power_flow_disruption; neg_weight; 3; 179; 254; 33940.499999999985; ((66, 69, 80), 222); 2.996966941282153e-08; 1; 1; 0; 179; 1
pglib_opf_case179_goc; single_stage_power_flow_disruption; neg_weight; 3; 179; 254; 33940.499999999985; ((66, 69, 81), 250); 2.996966941282153e-08; 1; 1; 0; 179; 1
pglib_opf_case179_goc; single_stage_power_flow_disruption; neg_weight; 3; 179; 254; 33940.499999999985; ((66, 65, 228), 79); 2351.1346778086445; 3; 6; 0; 178; 7
pglib_opf_case179_goc; single_stage_power_flow_disruption; neg_weight; 3; 179; 254; 33940.499999999985; ((66, 68, 231), 50); 1586.054796256918; 4; 4; 0; 179; 5
pglib_opf_case179_goc; single_stage_power_flow_disruption; neg_weight; 3; 179; 254; 33940.499999999985; ((67, 70, 82), 507); 2.996966941282153e-08; 1; 1; 0; 179; 1
pglib_opf_case179_goc; single_stage_power_flow_disruption; neg_weight; 3; 179; 254; 33940.499999999985; ((67, 70, 83), 507); 2.996966941282153e-08; 1; 1; 0; 179; 1
pglib_opf_case179_goc; single_stage_power_flow_disruption; neg_weight; 3; 179; 254; 33940.499999999985; ((67, 74, 84), 724); 2.996966941282153e-08; 1; 1; 0; 179; 1
pglib_opf_case179_goc; single_stage_power_flow_disruption; neg_weight; 3; 179; 254; 33940.499999999985; ((67, 74, 85), 732); 2.996966941282153e-08; 1; 1; 0; 179; 1
pglib_opf_case179_goc; single_stage_power_flow_disruption; neg_weight; 3; 179; 254; 33940.499999999985; ((67, 66, 229), 178); 2.996966941282153e-08; 1; 1; 0; 179; 1
pglib_opf_case179_goc; single_stage_power_flow_disruption; neg_weight; 3; 179; 254; 33940.499999999985; ((67, 66, 230), 286); 2.996966941282153e-08; 1; 1; 0; 179; 1
pglib_opf_case179_goc; single_stage_power_flow_disruption; neg_weight; 3; 179; 254; 33940.499999999985; ((70, 69, 232), 1014); 4352.9147554542105; 6; 9; 0; 178; 8
pglib_opf_case179_goc; single_stage_power_flow_disruption; neg_weight; 3; 179; 254; 33940.499999999985; ((74, 75, 233), 3587); 5715.643196821082; 2; 10; 0; 174; 11
pglib_opf_case179_goc; single_stage_power_flow_disruption; neg_weight; 3; 179; 254; 33940.499999999985; ((73, 71, 86), 782); 1104.4135514061709; 2; 2; 0; 178; 3
pglib_opf_case179_goc; single_stage_power_flow_disruption; neg_weight; 3; 179; 254; 33940.499999999985; ((73, 74, 88), 11); 2.996966941282153e-08; 1; 1; 0; 179; 1
pglib_opf_case179_goc; single_stage_power_flow_disruption; neg_weight; 3; 179; 254; 33940.499999999985; ((73, 76, 89), 430); 2.996966941282153e-08; 1; 1; 0; 179; 1
pglib_opf_case179_goc; single_stage_power_flow_disruption; neg_weight; 3; 179; 254; 33940.499999999985; ((80, 74, 92), 631); 2.996966941282153e-08; 1; 1; 0; 179; 1
pglib_opf_case179_goc; single_stage_power_flow_disruption; neg_weight; 3; 179; 254; 33940.499999999985; ((80, 74, 93), 370); 2.996966941282153e-08; 1; 1; 0; 179; 1
pglib_opf_case179_goc; single_stage_power_flow_disruption; neg_weight; 3; 179; 254; 33940.499999999985; ((80, 74, 94), 370); 2.996966941282153e-08; 1; 1; 0; 179; 1
pglib_opf_case179_goc; single_stage_power_flow_disruption; neg_weight; 3; 179; 254; 33940.499999999985; ((80, 85, 99), 478); 2.996966941282153e-08; 1; 1; 0; 179; 1
pglib_opf_case179_goc; single_stage_power_flow_disruption; neg_weight; 3; 179; 254; 33940.499999999985; ((80, 89, 100), 459); 2.996966941282153e-08; 1; 1; 0; 179; 1
pglib_opf_case179_goc; single_stage_power_flow_disruption; neg_weight; 3; 179; 254; 33940.499999999985; ((80, 93, 101), 465); 2.996966941282153e-08; 1; 1; 0; 179; 1
pglib_opf_case179_goc; single_stage_power_flow_disruption; neg_weight; 3; 179; 254; 33940.499999999985; ((79, 97, 97), 181); 1902.7069922224364; 3; 5; 0; 179; 6
pglib_opf_case179_goc; single_stage_power_flow_disruption; neg_weight; 3; 179; 254; 33940.499999999985; ((79, 178, 98), 181); 1902.7069922224364; 3; 5; 0; 179; 6
pglib_opf_case179_goc; single_stage_power_flow_disruption; neg_weight; 3; 179; 254; 33940.499999999985; ((97, 82, 108), 181); 1902.7069922224364; 3; 5; 0; 179; 6
pglib_opf_case179_goc; single_stage_power_flow_disruption; neg_weight; 3; 179; 254; 33940.499999999985; ((178, 84, 112), 181); 1902.7069922224364; 3; 5; 0; 179; 6
pglib_opf_case179_goc; single_stage_power_flow_disruption; neg_weight; 3; 179; 254; 33940.499999999985; ((85, 86, 113), 478); 2.996966941282153e-08; 1; 1; 0; 179; 1
pglib_opf_case179_goc; single_stage_power_flow_disruption; neg_weight; 3; 179; 254; 33940.499999999985; ((89, 90, 115), 459); 2.996966941282153e-08; 1; 1; 0; 179; 1
pglib_opf_case179_goc; single_stage_power_flow_disruption; neg_weight; 3; 179; 254; 33940.499999999985; ((93, 94, 118), 465); 2.996966941282153e-08; 1; 1; 0; 179; 1
pglib_opf_case179_goc; single_stage_power_flow_disruption; neg_weight; 3; 179; 254; 33940.499999999985; ((81, 87, 102), 659); 2.996966941282153e-08; 1; 1; 0; 179; 1
pglib_opf_case179_goc; single_stage_power_flow_disruption; neg_weight; 3; 179; 254; 33940.499999999985; ((81, 166, 105), 659); 2.996966941282153e-08; 1; 1; 0; 179; 1
pglib_opf_case179_goc; single_stage_power_flow_disruption; neg_weight; 3; 179; 254; 33940.499999999985; ((81, 168, 106), 614); 2.996966941282153e-08; 1; 1; 0; 179; 1
pglib_opf_case179_goc; single_stage_power_flow_disruption; neg_weight; 3; 179; 254; 33940.499999999985; ((81, 170, 107), 496); 2.999149728566408e-08; 2; 2; 0; 179; 1
pglib_opf_case179_goc; single_stage_power_flow_disruption; neg_weight; 3; 179; 254; 33940.499999999985; ((87, 88, 114), 659); 2.996966941282153e-08; 1; 1; 0; 179; 1
pglib_opf_case179_goc; single_stage_power_flow_disruption; neg_weight; 3; 179; 254; 33940.499999999985; ((92, 81, 103), 459); 2.996966941282153e-08; 1; 1; 0; 179; 1
pglib_opf_case179_goc; single_stage_power_flow_disruption; neg_weight; 3; 179; 254; 33940.499999999985; ((96, 81, 104), 465); 2.996966941282153e-08; 1; 1; 0; 179; 1
pglib_opf_case179_goc; single_stage_power_flow_disruption; neg_weight; 3; 179; 254; 33940.499999999985; ((166, 167, 202), 659); 2.996966941282153e-08; 1; 1; 0; 179; 1
pglib_opf_case179_goc; single_stage_power_flow_disruption; neg_weight; 3; 179; 254; 33940.499999999985; ((168, 169, 203), 614); 2.996966941282153e-08; 1; 1; 0; 179; 1
pglib_opf_case179_goc; single_stage_power_flow_disruption; neg_weight; 3; 179; 254; 33940.499999999985; ((170, 171, 204), 496); 2.999149728566408e-08; 2; 2; 0; 179; 1
pglib_opf_case179_goc; single_stage_power_flow_disruption; neg_weight; 3; 179; 254; 33940.499999999985; ((82, 83, 235), 181); 1902.7069922224364; 3; 5; 0; 179; 6
pglib_opf_case179_goc; single_stage_power_flow_disruption; neg_weight; 3; 179; 254; 33940.499999999985; ((154, 83, 109), 475); 1502.0308578713084; 2; 4; 0; 179; 5
pglib_opf_case179_goc; single_stage_power_flow_disruption; neg_weight; 3; 179; 254; 33940.499999999985; ((154, 153, 185), 163); 2.996966941282153e-08; 1; 1; 0; 179; 1
pglib_opf_case179_goc; single_stage_power_flow_disruption; neg_weight; 3; 179; 254; 33940.499999999985; ((154, 155, 192), 101); 2683.533312622243; 4; 7; 0; 177; 8
pglib_opf_case179_goc; single_stage_power_flow_disruption; neg_weight; 3; 179; 254; 33940.499999999985; ((154, 165, 193), 194); 2.996966941282153e-08; 1; 1; 0; 179; 1
pglib_opf_case179_goc; single_stage_power_flow_disruption; neg_weight; 3; 179; 254; 33940.499999999985; ((86, 84, 110), 478); 2.996966941282153e-08; 1; 1; 0; 179; 1
pglib_opf_case179_goc; single_stage_power_flow_disruption; neg_weight; 3; 179; 254; 33940.499999999985; ((88, 84, 111), 659); 2.996966941282153e-08; 1; 1; 0; 179; 1
pglib_opf_case179_goc; single_stage_power_flow_disruption; neg_weight; 3; 179; 254; 33940.499999999985; ((90, 91, 116), 459); 2.996966941282153e-08; 1; 1; 0; 179; 1
pglib_opf_case179_goc; single_stage_power_flow_disruption; neg_weight; 3; 179; 254; 33940.499999999985; ((91, 92, 117), 459); 2.996966941282153e-08; 1; 1; 0; 179; 1
pglib_opf_case179_goc; single_stage_power_flow_disruption; neg_weight; 3; 179; 254; 33940.499999999985; ((94, 95, 119), 465); 2.996966941282153e-08; 1; 1; 0; 179; 1
pglib_opf_case179_goc; single_stage_power_flow_disruption; neg_weight; 3; 179; 254; 33940.499999999985; ((95, 96, 120), 465); 2.996966941282153e-08; 1; 1; 0; 179; 1
pglib_opf_case179_goc; single_stage_power_flow_disruption; neg_weight; 3; 179; 254; 33940.499999999985; ((99, 98, 121), 88); 2.996966941282153e-08; 1; 1; 0; 179; 1
pglib_opf_case179_goc; single_stage_power_flow_disruption; neg_weight; 3; 179; 254; 33940.499999999985; ((99, 103, 123), 97); 2.996966941282153e-08; 1; 1; 0; 179; 1
pglib_opf_case179_goc; single_stage_power_flow_disruption; neg_weight; 3; 179; 254; 33940.499999999985; ((99, 104, 124), 96); 2.996966941282153e-08; 1; 1; 0; 179; 1
pglib_opf_case179_goc; single_stage_power_flow_disruption; neg_weight; 3; 179; 254; 33940.499999999985; ((99, 111, 125), 159); 2.996966941282153e-08; 1; 1; 0; 179; 1
pglib_opf_case179_goc; single_stage_power_flow_disruption; neg_weight; 3; 179; 254; 33940.499999999985; ((99, 111, 126), 163); 2.996966941282153e-08; 1; 1; 0; 179; 1
pglib_opf_case179_goc; single_stage_power_flow_disruption; neg_weight; 3; 179; 254; 33940.499999999985; ((99, 111, 127), 160); 2.996966941282153e-08; 1; 1; 0; 179; 1
pglib_opf_case179_goc; single_stage_power_flow_disruption; neg_weight; 3; 179; 254; 33940.499999999985; ((99, 115, 128), 94); 2.996966941282153e-08; 1; 1; 0; 179; 1
pglib_opf_case179_goc; single_stage_power_flow_disruption; neg_weight; 3; 179; 254; 33940.499999999985; ((98, 115, 122), 108); 2.996966941282153e-08; 1; 1; 0; 179; 1
pglib_opf_case179_goc; single_stage_power_flow_disruption; neg_weight; 3; 179; 254; 33940.499999999985; ((115, 117, 242), 199); 2.996966941282153e-08; 1; 1; 0; 179; 1
pglib_opf_case179_goc; single_stage_power_flow_disruption; neg_weight; 3; 179; 254; 33940.499999999985; ((103, 115, 135), 82); 2.996966941282153e-08; 1; 1; 0; 179; 1
pglib_opf_case179_goc; single_stage_power_flow_disruption; neg_weight; 3; 179; 254; 33940.499999999985; ((104, 115, 136), 92); 2.996966941282153e-08; 1; 1; 0; 179; 1
pglib_opf_case179_goc; single_stage_power_flow_disruption; neg_weight; 3; 179; 254; 33940.499999999985; ((111, 112, 240), 203); 2.996966941282153e-08; 1; 1; 0; 179; 1
pglib_opf_case179_goc; single_stage_power_flow_disruption; neg_weight; 3; 179; 254; 33940.499999999985; ((102, 100, 129), 61); 2.996966941282153e-08; 1; 1; 0; 179; 1
pglib_opf_case179_goc; single_stage_power_flow_disruption; neg_weight; 3; 179; 254; 33940.499999999985; ((102, 133, 134), 85); 2.996966941282153e-08; 1; 1; 0; 179; 1
pglib_opf_case179_goc; single_stage_power_flow_disruption; neg_weight; 3; 179; 254; 33940.499999999985; ((100, 106, 130), 49); 2.996966941282153e-08; 1; 1; 0; 179; 1
pglib_opf_case179_goc; single_stage_power_flow_disruption; neg_weight; 3; 179; 254; 33940.499999999985; ((100, 106, 131), 49); 2.996966941282153e-08; 1; 1; 0; 179; 1
pglib_opf_case179_goc; single_stage_power_flow_disruption; neg_weight; 3; 179; 254; 33940.499999999985; ((100, 101, 236), 61); 1592.5436049352575; 4; 4; 0; 179; 5
pglib_opf_case179_goc; single_stage_power_flow_disruption; neg_weight; 3; 179; 254; 33940.499999999985; ((105, 102, 132), 128); 2.996966941282153e-08; 1; 1; 0; 179; 1
pglib_opf_case179_goc; single_stage_power_flow_disruption; neg_weight; 3; 179; 254; 33940.499999999985; ((105, 106, 137), 23); 2.996966941282153e-08; 1; 1; 0; 179; 1
pglib_opf_case179_goc; single_stage_power_flow_disruption; neg_weight; 3; 179; 254; 33940.499999999985; ((132, 102, 133), 441); 2989.878131082707; 4; 7; 0; 179; 7
pglib_opf_case179_goc; single_stage_power_flow_disruption; neg_weight; 3; 179; 254; 33940.499999999985; ((133, 106, 140), 85); 2.996966941282153e-08; 1; 1; 0; 179; 1
pglib_opf_case179_goc; single_stage_power_flow_disruption; neg_weight; 3; 179; 254; 33940.499999999985; ((108, 105, 138), 19); 2280.4590686432457; 3; 5; 0; 178; 6
pglib_opf_case179_goc; single_stage_power_flow_disruption; neg_weight; 3; 179; 254; 33940.499999999985; ((131, 106, 139), 296); 2.996966941282153e-08; 1; 1; 0; 179; 1
pglib_opf_case179_goc; single_stage_power_flow_disruption; neg_weight; 3; 179; 254; 33940.499999999985; ((109, 118, 141), 595); 2.999149728566408e-08; 2; 2; 0; 179; 1
pglib_opf_case179_goc; single_stage_power_flow_disruption; neg_weight; 3; 179; 254; 33940.499999999985; ((118, 119, 156), 595); 2.999149728566408e-08; 2; 2; 0; 179; 1
pglib_opf_case179_goc; single_stage_power_flow_disruption; neg_weight; 3; 179; 254; 33940.499999999985; ((171, 109, 142), 496); 2.999149728566408e-08; 2; 2; 0; 179; 1
pglib_opf_case179_goc; single_stage_power_flow_disruption; neg_weight; 3; 179; 254; 33940.499999999985; ((112, 122, 143), 535); 2.999149728566408e-08; 2; 2; 0; 179; 1
pglib_opf_case179_goc; single_stage_power_flow_disruption; neg_weight; 3; 179; 254; 33940.499999999985; ((112, 124, 144), 535); 2.999149728566408e-08; 2; 2; 0; 179; 1
pglib_opf_case179_goc; single_stage_power_flow_disruption; neg_weight; 3; 179; 254; 33940.499999999985; ((122, 123, 159), 535); 2.999149728566408e-08; 2; 2; 0; 179; 1
pglib_opf_case179_goc; single_stage_power_flow_disruption; neg_weight; 3; 179; 254; 33940.499999999985; ((124, 125, 160), 535); 2.999149728566408e-08; 2; 2; 0; 179; 1
pglib_opf_case179_goc; single_stage_power_flow_disruption; neg_weight; 3; 179; 254; 33940.499999999985; ((167, 112, 145), 659); 2.996966941282153e-08; 1; 1; 0; 179; 1
pglib_opf_case179_goc; single_stage_power_flow_disruption; neg_weight; 3; 179; 254; 33940.499999999985; ((169, 112, 146), 614); 2.996966941282153e-08; 1; 1; 0; 179; 1
pglib_opf_case179_goc; single_stage_power_flow_disruption; neg_weight; 3; 179; 254; 33940.499999999985; ((123, 113, 147), 535); 2.999149728566408e-08; 2; 2; 0; 179; 1
pglib_opf_case179_goc; single_stage_power_flow_disruption; neg_weight; 3; 179; 254; 33940.499999999985; ((113, 126, 149), 385); 2.996966941282153e-08; 1; 1; 0; 179; 1
pglib_opf_case179_goc; single_stage_power_flow_disruption; neg_weight; 3; 179; 254; 33940.499999999985; ((113, 128, 150), 684); 2.999149728566408e-08; 2; 2; 0; 179; 1
pglib_opf_case179_goc; single_stage_power_flow_disruption; neg_weight; 3; 179; 254; 33940.499999999985; ((125, 113, 148), 535); 2.999149728566408e-08; 2; 2; 0; 179; 1
pglib_opf_case179_goc; single_stage_power_flow_disruption; neg_weight; 3; 179; 254; 33940.499999999985; ((126, 127, 161), 385); 2.996966941282153e-08; 1; 1; 0; 179; 1
pglib_opf_case179_goc; single_stage_power_flow_disruption; neg_weight; 3; 179; 254; 33940.499999999985; ((128, 129, 162), 684); 2.999149728566408e-08; 2; 2; 0; 179; 1
pglib_opf_case179_goc; single_stage_power_flow_disruption; neg_weight; 3; 179; 254; 33940.499999999985; ((121, 117, 151), 595); 2.999149728566408e-08; 2; 2; 0; 179; 1
pglib_opf_case179_goc; single_stage_power_flow_disruption; neg_weight; 3; 179; 254; 33940.499999999985; ((117, 130, 154), 296); 2.996966941282153e-08; 1; 1; 0; 179; 1
pglib_opf_case179_goc; single_stage_power_flow_disruption; neg_weight; 3; 179; 254; 33940.499999999985; ((117, 132, 155), 441); 2989.878131082707; 4; 7; 0; 179; 7
pglib_opf_case179_goc; single_stage_power_flow_disruption; neg_weight; 3; 179; 254; 33940.499999999985; ((127, 117, 152), 385); 2.996966941282153e-08; 1; 1; 0; 179; 1
pglib_opf_case179_goc; single_stage_power_flow_disruption; neg_weight; 3; 179; 254; 33940.499999999985; ((129, 117, 153), 684); 2.999149728566408e-08; 2; 2; 0; 179; 1
pglib_opf_case179_goc; single_stage_power_flow_disruption; neg_weight; 3; 179; 254; 33940.499999999985; ((130, 131, 163), 296); 2.996966941282153e-08; 1; 1; 0; 179; 1
pglib_opf_case179_goc; single_stage_power_flow_disruption; neg_weight; 3; 179; 254; 33940.499999999985; ((119, 120, 157), 595); 2.999149728566408e-08; 2; 2; 0; 179; 1
pglib_opf_case179_goc; single_stage_power_flow_disruption; neg_weight; 3; 179; 254; 33940.499999999985; ((120, 121, 158), 595); 2.999149728566408e-08; 2; 2; 0; 179; 1
pglib_opf_case179_goc; single_stage_power_flow_disruption; neg_weight; 3; 179; 254; 33940.499999999985; ((145, 137, 167), 160); 160.46999957998923; 1; 1; 0; 179; 2
pglib_opf_case179_goc; single_stage_power_flow_disruption; neg_weight; 3; 179; 254; 33940.499999999985; ((145, 146, 247), 872); 2757.4141618506364; 3; 6; 0; 179; 7
pglib_opf_case179_goc; single_stage_power_flow_disruption; neg_weight; 3; 179; 254; 33940.499999999985; ((139, 141, 168), 859); 2083.284406699335; 3; 4; 0; 179; 5
pglib_opf_case179_goc; single_stage_power_flow_disruption; neg_weight; 3; 179; 254; 33940.499999999985; ((143, 144, 177), 222); 2.996966941282153e-08; 1; 1; 0; 179; 1
pglib_opf_case179_goc; single_stage_power_flow_disruption; neg_weight; 3; 179; 254; 33940.499999999985; ((143, 149, 178), 166); 2.996966941282153e-08; 1; 1; 0; 179; 1
pglib_opf_case179_goc; single_stage_power_flow_disruption; neg_weight; 3; 179; 254; 33940.499999999985; ((149, 150, 181), 478); 3025.002105055235; 3; 6; 0; 179; 7
pglib_opf_case179_goc; single_stage_power_flow_disruption; neg_weight; 3; 179; 254; 33940.499999999985; ((151, 152, 249), 102); 2.996966941282153e-08; 1; 1; 0; 179; 1
pglib_opf_case179_goc; single_stage_power_flow_disruption; neg_weight; 3; 179; 254; 33940.499999999985; ((151, 152, 250), 102); 2.996966941282153e-08; 1; 1; 0; 179; 1
pglib_opf_case179_goc; single_stage_power_flow_disruption; neg_weight; 3; 179; 254; 33940.499999999985; ((151, 152, 251), 102); 2.996966941282153e-08; 1; 1; 0; 179; 1
pglib_opf_case179_goc; single_stage_power_flow_disruption; neg_weight; 3; 179; 254; 33940.499999999985; ((144, 141, 175), 222); 2.996966941282153e-08; 1; 1; 0; 179; 1
pglib_opf_case179_goc; single_stage_power_flow_disruption; neg_weight; 3; 179; 254; 33940.499999999985; ((152, 141, 176), 356); 2.996966941282153e-08; 1; 1; 0; 179; 1
pglib_opf_case179_goc; single_stage_power_flow_disruption; neg_weight; 3; 179; 254; 33940.499999999985; ((173, 151, 182), 0); 2.996966941282153e-08; 1; 1; 0; 177; 2
pglib_opf_case179_goc; single_stage_power_flow_disruption; neg_weight; 3; 179; 254; 33940.499999999985; ((175, 151, 183), 0); 2.996966941282153e-08; 1; 1; 0; 177; 2
pglib_opf_case179_goc; single_stage_power_flow_disruption; neg_weight; 3; 179; 254; 33940.499999999985; ((177, 151, 184), 0); 2.996966941282153e-08; 1; 1; 0; 177; 2
pglib_opf_case179_goc; single_stage_power_flow_disruption; neg_weight; 3; 179; 254; 33940.499999999985; ((153, 156, 186), 122); 2.996966941282153e-08; 1; 1; 0; 179; 1
pglib_opf_case179_goc; single_stage_power_flow_disruption; neg_weight; 3; 179; 254; 33940.499999999985; ((153, 156, 187), 137); 2.996966941282153e-08; 1; 1; 0; 179; 1
pglib_opf_case179_goc; single_stage_power_flow_disruption; neg_weight; 3; 179; 254; 33940.499999999985; ((153, 158, 188), 200); 2.996966941282153e-08; 1; 1; 0; 179; 1
pglib_opf_case179_goc; single_stage_power_flow_disruption; neg_weight; 3; 179; 254; 33940.499999999985; ((153, 158, 189), 189); 2.996966941282153e-08; 1; 1; 0; 179; 1
pglib_opf_case179_goc; single_stage_power_flow_disruption; neg_weight; 3; 179; 254; 33940.499999999985; ((153, 163, 190), 79); 2.996966941282153e-08; 1; 1; 0; 179; 1
pglib_opf_case179_goc; single_stage_power_flow_disruption; neg_weight; 3; 179; 254; 33940.499999999985; ((153, 165, 191), 98); 2.996966941282153e-08; 1; 1; 0; 179; 1
pglib_opf_case179_goc; single_stage_power_flow_disruption; neg_weight; 3; 179; 254; 33940.499999999985; ((156, 162, 195), 15); 307.86397668912105; 2; 2; 0; 179; 3
pglib_opf_case179_goc; single_stage_power_flow_disruption; neg_weight; 3; 179; 254; 33940.499999999985; ((156, 163, 196), 152); 2.996966941282153e-08; 1; 1; 0; 179; 1
pglib_opf_case179_goc; single_stage_power_flow_disruption; neg_weight; 3; 179; 254; 33940.499999999985; ((156, 164, 197), 206); 2.996966941282153e-08; 1; 1; 0; 179; 1
pglib_opf_case179_goc; single_stage_power_flow_disruption; neg_weight; 3; 179; 254; 33940.499999999985; ((156, 164, 198), 207); 2.996966941282153e-08; 1; 1; 0; 179; 1
pglib_opf_case179_goc; single_stage_power_flow_disruption; neg_weight; 3; 179; 254; 33940.499999999985; ((156, 157, 252), 891); 3915.762635138759; 3; 7; 0; 177; 8
pglib_opf_case179_goc; single_stage_power_flow_disruption; neg_weight; 3; 179; 254; 33940.499999999985; ((155, 159, 194), 22); 2561.1330865147975; 4; 6; 0; 177; 7
pglib_opf_case179_goc; single_stage_power_flow_disruption; neg_weight; 3; 179; 254; 33940.499999999985; ((159, 160, 253), 116); 2026.5623586830006; 3; 5; 0; 179; 6
pglib_opf_case179_goc; single_stage_power_flow_disruption; neg_weight; 3; 179; 254; 33940.499999999985; ((162, 161, 201), 0); 0.26999961998080835; 1; 1; 0; 179; 2
pglib_opf_case179_goc; single_stage_power_flow_disruption; neg_weight; 3; 179; 254; 33940.499999999985; ((172, 173, 205), 0); 2.996966941282153e-08; 1; 1; 0; 178; 2
pglib_opf_case179_goc; single_stage_power_flow_disruption; neg_weight; 3; 179; 254; 33940.499999999985; ((174, 175, 206), 0); 2.996966941282153e-08; 1; 1; 0; 178; 2
pglib_opf_case179_goc; single_stage_power_flow_disruption; neg_weight; 3; 179; 254; 33940.499999999985; ((176, 177, 207), 0); 2.996966941282153e-08; 1; 1; 0; 178; 2
pglib_opf_case179_goc; single_stage_power_flow_disruption; neg_weight; 3; 179; 254; 33940.499999999985; ((107, 106, 237), 173); 2.996966941282153e-08; 1; 1; 0; 179; 1
pglib_opf_case179_goc; single_stage_power_flow_disruption; neg_weight; 3; 179; 254; 33940.499999999985; ((107, 106, 238), 254); 2.996966941282153e-08; 1; 1; 0; 179; 1
pglib_opf_case179_goc; single_stage_power_flow_disruption; neg_weight; 3; 179; 254; 33940.499999999985; ((110, 111, 239), 355); 1779.3430023475412; 4; 4; 0; 179; 5
pglib_opf_case179_goc; single_stage_power_flow_disruption; neg_weight; 3; 179; 254; 33940.499999999985; ((114, 115, 241), 261); 1719.76273069944; 4; 4; 0; 179; 5
pglib_opf_case179_goc; single_stage_power_flow_disruption; neg_weight; 3; 179; 254; 33940.499999999985; ((116, 117, 243), 1523); 2979.8247741050945; 4; 9; 0; 179; 6
pglib_opf_case179_goc; single_stage_power_flow_disruption; neg_weight; 3; 179; 254; 33940.499999999985; ((136, 137, 244), 266); 1812.4063847868638; 3; 4; 0; 179; 5
pglib_opf_case179_goc; single_stage_power_flow_disruption; neg_weight; 3; 179; 254; 33940.499999999985; ((138, 139, 245), 871); 3614.5185693969906; 3; 8; 0; 178; 9
pglib_opf_case179_goc; single_stage_power_flow_disruption; neg_weight; 3; 179; 254; 33940.499999999985; ((142, 143, 246), 552); 3139.84412215028; 3; 6; 0; 179; 7
pglib_opf_case179_goc; single_stage_power_flow_disruption; neg_weight; 3; 179; 254; 33940.499999999985; ((147, 148, 248), 2690); 5970.468409449961; 2; 12; 0; 175; 12
