pglib_opf_case179_goc; two_stage_maximum_congestion; neg_weight; 2; 179; 259; 33940.499999999985; ((0, 1, 0), 668); 2669.42154552144; 3; 6; 0; 179; 6
pglib_opf_case179_goc; two_stage_maximum_congestion; neg_weight; 2; 179; 259; 33940.499999999985; ((0, 2, 213), 258); 3130.9759695756657; 5; 7; 0; 179; 6
pglib_opf_case179_goc; two_stage_maximum_congestion; neg_weight; 2; 179; 259; 33940.499999999985; ((1, 6, 1), 668); 2669.42154552144; 3; 6; 0; 179; 6
pglib_opf_case179_goc; two_stage_maximum_congestion; neg_weight; 2; 179; 259; 33940.499999999985; ((6, 7, 6), 757); 3751.1364721636746; 4; 7; 0; 179; 6
pglib_opf_case179_goc; two_stage_maximum_congestion; neg_weight; 2; 179; 259; 33940.499999999985; ((6, 8, 7), 34); 2.9998773243278265e-08; 2; 2; 0; 179; 1
pglib_opf_case179_goc; two_stage_maximum_congestion; neg_weight; 2; 179; 259; 33940.499999999985; ((6, 8, 8), 34); 2.9998773243278265e-08; 2; 2; 0; 179; 1
pglib_opf_case179_goc; two_stage_maximum_congestion; neg_weight; 2; 179; 259; 33940.499999999985; ((6, 15, 9), 316); 2745.606100383062; 4; 6; 0; 179; 5
pglib_opf_case179_goc; two_stage_maximum_congestion; neg_weight; 2; 179; 259; 33940.499999999985; ((3, 4, 2), 183); 182.51000002998626; 2; 2; 0; 179; 2
pglib_opf_case179_goc; two_stage_maximum_congestion; neg_weight; 2; 179; 259; 33940.499999999985; ((3, 9, 3), 1380); 3961.3387099235842; 3; 8; 0; 179; 7
pglib_opf_case179_goc; two_stage_maximum_congestion; neg_weight; 2; 179; 259; 33940.499999999985; ((15, 3, 4), 291); 2702.941563273307; 4; 7; 0; 179; 5
pglib_opf_case179_goc; two_stage_maximum_congestion; neg_weight; 2; 179; 259; 33940.499999999985; ((15, 16, 218), 485); 3318.4680571910612; 4; 7; 0; 179; 6
pglib_opf_case179_goc; two_stage_maximum_congestion; neg_weight; 2; 179; 259; 33940.499999999985; ((5, 26, 5), 224); 2605.626307082559; 4; 6; 0; 179; 5
pglib_opf_case179_goc; two_stage_maximum_congestion; neg_weight; 2; 179; 259; 33940.499999999985; ((5, 6, 214), 112); 2.9998773243278265e-08; 2; 2; 0; 179; 1
pglib_opf_case179_goc; two_stage_maximum_congestion; neg_weight; 2; 179; 259; 33940.499999999985; ((5, 6, 215), 112); 2.9998773243278265e-08; 2; 2; 0; 179; 1
pglib_opf_case179_goc; two_stage_maximum_congestion; neg_weight; 2; 179; 259; 33940.499999999985; ((26, 27, 29), 224); 2605.6263070825553; 4; 6; 0; 179; 5
pglib_opf_case179_goc; two_stage_maximum_congestion; neg_weight; 2; 179; 259; 33940.499999999985; ((161, 6, 10), 0); 2.9998773243278265e-08; 2; 2; 0; 178; 2
pglib_opf_case179_goc; two_stage_maximum_congestion; neg_weight; 2; 179; 259; 33940.499999999985; ((10, 18, 11), 11); 2.9998773243278265e-08; 2; 2; 0; 179; 1
pglib_opf_case179_goc; two_stage_maximum_congestion; neg_weight; 2; 179; 259; 33940.499999999985; ((10, 20, 12), 75); 2.9998773243278265e-08; 2; 2; 0; 179; 1
pglib_opf_case179_goc; two_stage_maximum_congestion; neg_weight; 2; 179; 259; 33940.499999999985; ((10, 137, 13), 404); 2.9998773243278265e-08; 2; 2; 0; 179; 1
pglib_opf_case179_goc; two_stage_maximum_congestion; neg_weight; 2; 179; 259; 33940.499999999985; ((10, 11, 216), 510); 3358.008768390737; 4; 7; 0; 179; 6
pglib_opf_case179_goc; two_stage_maximum_congestion; neg_weight; 2; 179; 259; 33940.499999999985; ((18, 19, 24), 11); 2.9998773243278265e-08; 2; 2; 0; 179; 1
pglib_opf_case179_goc; two_stage_maximum_congestion; neg_weight; 2; 179; 259; 33940.499999999985; ((20, 21, 25), 75); 2.9998773243278265e-08; 2; 2; 0; 179; 1
pglib_opf_case179_goc; two_stage_maximum_congestion; neg_weight; 2; 179; 259; 33940.499999999985; ((137, 62, 80), 474); 10224.729845618858; 9; 24; 0; 179; 11
pglib_opf_case179_goc; two_stage_maximum_congestion; neg_weight; 2; 179; 259; 33940.499999999985; ((137, 62, 81), 474); 10224.729845618858; 9; 24; 0; 179; 11
pglib_opf_case179_goc; two_stage_maximum_congestion; neg_weight; 2; 179; 259; 33940.499999999985; ((137, 140, 174), 529); 2.9998773243278265e-08; 2; 3; 0; 179; 1
pglib_opf_case179_goc; two_stage_maximum_congestion; neg_weight; 2; 179; 259; 33940.499999999985; ((19, 12, 14), 11); 2.9998773243278265e-08; 2; 2; 0; 179; 1
pglib_opf_case179_goc; two_stage_maximum_congestion; neg_weight; 2; 179; 259; 33940.499999999985; ((12, 22, 15), 110); 2.9998773243278265e-08; 2; 2; 0; 179; 1
pglib_opf_case179_goc; two_stage_maximum_congestion; neg_weight; 2; 179; 259; 33940.499999999985; ((12, 24, 16), 104); 2.9998773243278265e-08; 2; 2; 0; 179; 1
pglib_opf_case179_goc; two_stage_maximum_congestion; neg_weight; 2; 179; 259; 33940.499999999985; ((22, 23, 26), 110); 2.9998773243278265e-08; 2; 2; 0; 179; 1
pglib_opf_case179_goc; two_stage_maximum_congestion; neg_weight; 2; 179; 259; 33940.499999999985; ((24, 25, 27), 104); 2.9998773243278265e-08; 2; 2; 0; 179; 1
pglib_opf_case179_goc; two_stage_maximum_congestion; neg_weight; 2; 179; 259; 33940.499999999985; ((27, 12, 17), 224); 2605.6263070825553; 4; 6; 0; 179; 5
pglib_opf_case179_goc; two_stage_maximum_congestion; neg_weight; 2; 179; 259; 33940.499999999985; ((14, 17, 18), 71); 2.9998773243278265e-08; 2; 2; 0; 179; 1
pglib_opf_case179_goc; two_stage_maximum_congestion; neg_weight; 2; 179; 259; 33940.499999999985; ((14, 17, 19), 71); 2.9998773243278265e-08; 2; 2; 0; 179; 1
pglib_opf_case179_goc; two_stage_maximum_congestion; neg_weight; 2; 179; 259; 33940.499999999985; ((14, 134, 20), 471); 2.9998773243278265e-08; 2; 2; 0; 179; 1
pglib_opf_case179_goc; two_stage_maximum_congestion; neg_weight; 2; 179; 259; 33940.499999999985; ((14, 134, 21), 471); 2.9998773243278265e-08; 2; 2; 0; 179; 1
pglib_opf_case179_goc; two_stage_maximum_congestion; neg_weight; 2; 179; 259; 33940.499999999985; ((14, 13, 217), 1519); 4527.465746973805; 3; 7; 0; 179; 6
pglib_opf_case179_goc; two_stage_maximum_congestion; neg_weight; 2; 179; 259; 33940.499999999985; ((134, 150, 171), 527); 2.9998773243278265e-08; 2; 3; 0; 179; 1
pglib_opf_case179_goc; two_stage_maximum_congestion; neg_weight; 2; 179; 259; 33940.499999999985; ((21, 17, 22), 75); 2.9998773243278265e-08; 2; 2; 0; 179; 1
pglib_opf_case179_goc; two_stage_maximum_congestion; neg_weight; 2; 179; 259; 33940.499999999985; ((23, 17, 23), 110); 2.9998773243278265e-08; 2; 2; 0; 179; 1
pglib_opf_case179_goc; two_stage_maximum_congestion; neg_weight; 2; 179; 259; 33940.499999999985; ((25, 137, 28), 104); 2.9998773243278265e-08; 2; 2; 0; 179; 1
pglib_opf_case179_goc; two_stage_maximum_congestion; neg_weight; 2; 179; 259; 33940.499999999985; ((29, 30, 30), 288); 2246.030045463609; 3; 6; 0; 179; 6
pglib_opf_case179_goc; two_stage_maximum_congestion; neg_weight; 2; 179; 259; 33940.499999999985; ((29, 78, 31), 315); 620.549487480901; 3; 3; 0; 179; 3
pglib_opf_case179_goc; two_stage_maximum_congestion; neg_weight; 2; 179; 259; 33940.499999999985; ((29, 28, 219), 2979); 6119.4376591751825; 3; 5; 0; 178; 5
pglib_opf_case179_goc; two_stage_maximum_congestion; neg_weight; 2; 179; 259; 33940.499999999985; ((30, 31, 220), 288); 2246.030045463609; 3; 6; 0; 179; 6
pglib_opf_case179_goc; two_stage_maximum_congestion; neg_weight; 2; 179; 259; 33940.499999999985; ((78, 76, 99), 1996); 7657.024575139112; 4; 9; 0; 179; 7
pglib_opf_case179_goc; two_stage_maximum_congestion; neg_weight; 2; 179; 259; 33940.499999999985; ((78, 76, 100), 1996); 7657.024575139112; 4; 9; 0; 179; 7
pglib_opf_case179_goc; two_stage_maximum_congestion; neg_weight; 2; 179; 259; 33940.499999999985; ((78, 77, 239), 5967); 10586.693815647664; 3; 9; 0; 179; 8
pglib_opf_case179_goc; two_stage_maximum_congestion; neg_weight; 2; 179; 259; 33940.499999999985; ((31, 32, 32), 288); 2246.030045463609; 3; 6; 0; 179; 6
pglib_opf_case179_goc; two_stage_maximum_congestion; neg_weight; 2; 179; 259; 33940.499999999985; ((32, 33, 33), 1404); 5508.616406288944; 6; 10; 0; 176; 8
pglib_opf_case179_goc; two_stage_maximum_congestion; neg_weight; 2; 179; 259; 33940.499999999985; ((83, 34, 34), 964); 1677.4087852854718; 3; 4; 0; 179; 4
pglib_opf_case179_goc; two_stage_maximum_congestion; neg_weight; 2; 179; 259; 33940.499999999985; ((35, 36, 35), 327); 2.9998773243278265e-08; 2; 2; 0; 179; 1
pglib_opf_case179_goc; two_stage_maximum_congestion; neg_weight; 2; 179; 259; 33940.499999999985; ((35, 54, 36), 429); 2.9998773243278265e-08; 2; 2; 0; 179; 1
pglib_opf_case179_goc; two_stage_maximum_congestion; neg_weight; 2; 179; 259; 33940.499999999985; ((35, 62, 37), 44); 2.9998773243278265e-08; 2; 2; 0; 179; 1
pglib_opf_case179_goc; two_stage_maximum_congestion; neg_weight; 2; 179; 259; 33940.499999999985; ((35, 62, 38), 44); 2.9998773243278265e-08; 2; 2; 0; 179; 1
pglib_opf_case179_goc; two_stage_maximum_congestion; neg_weight; 2; 179; 259; 33940.499999999985; ((36, 46, 221), 327); 2.9998773243278265e-08; 2; 2; 0; 179; 1
pglib_opf_case179_goc; two_stage_maximum_congestion; neg_weight; 2; 179; 259; 33940.499999999985; ((54, 53, 228), 214); 2.9998773243278265e-08; 2; 2; 0; 179; 1
pglib_opf_case179_goc; two_stage_maximum_congestion; neg_weight; 2; 179; 259; 33940.499999999985; ((54, 53, 229), 214); 2.9998773243278265e-08; 2; 2; 0; 179; 1
pglib_opf_case179_goc; two_stage_maximum_congestion; neg_weight; 2; 179; 259; 33940.499999999985; ((62, 47, 64), 251); 2.9998773243278265e-08; 2; 2; 0; 179; 1
pglib_opf_case179_goc; two_stage_maximum_congestion; neg_weight; 2; 179; 259; 33940.499999999985; ((62, 61, 231), 116); 2.9998773243278265e-08; 2; 2; 0; 179; 1
pglib_opf_case179_goc; two_stage_maximum_congestion; neg_weight; 2; 179; 259; 33940.499999999985; ((37, 38, 39), 31); 1979.156826091028; 3; 5; 0; 179; 5
pglib_opf_case179_goc; two_stage_maximum_congestion; neg_weight; 2; 179; 259; 33940.499999999985; ((37, 44, 40), 14); 2.9998773243278265e-08; 2; 2; 0; 179; 1
pglib_opf_case179_goc; two_stage_maximum_congestion; neg_weight; 2; 179; 259; 33940.499999999985; ((37, 46, 41), 10); 2.9998773243278265e-08; 2; 2; 0; 179; 1
pglib_opf_case179_goc; two_stage_maximum_congestion; neg_weight; 2; 179; 259; 33940.499999999985; ((37, 57, 42), 16); 2.9998773243278265e-08; 2; 2; 0; 179; 1
pglib_opf_case179_goc; two_stage_maximum_congestion; neg_weight; 2; 179; 259; 33940.499999999985; ((37, 58, 43), 22); 2.9998773243278265e-08; 2; 2; 0; 179; 1
pglib_opf_case179_goc; two_stage_maximum_congestion; neg_weight; 2; 179; 259; 33940.499999999985; ((46, 44, 52), 22); 2.9998773243278265e-08; 2; 2; 0; 179; 1
pglib_opf_case179_goc; two_stage_maximum_congestion; neg_weight; 2; 179; 259; 33940.499999999985; ((46, 53, 53), 107); 2.9998773243278265e-08; 2; 2; 0; 179; 1
pglib_opf_case179_goc; two_stage_maximum_congestion; neg_weight; 2; 179; 259; 33940.499999999985; ((46, 53, 54), 107); 2.9998773243278265e-08; 2; 2; 0; 179; 1
pglib_opf_case179_goc; two_stage_maximum_congestion; neg_weight; 2; 179; 259; 33940.499999999985; ((46, 57, 55), 116); 2.9998773243278265e-08; 2; 2; 0; 179; 1
pglib_opf_case179_goc; two_stage_maximum_congestion; neg_weight; 2; 179; 259; 33940.499999999985; ((46, 57, 56), 116); 2.9998773243278265e-08; 2; 2; 0; 179; 1
pglib_opf_case179_goc; two_stage_maximum_congestion; neg_weight; 2; 179; 259; 33940.499999999985; ((46, 57, 57), 116); 2.9998773243278265e-08; 2; 2; 0; 179; 1
pglib_opf_case179_goc; two_stage_maximum_congestion; neg_weight; 2; 179; 259; 33940.499999999985; ((46, 57, 58), 116); 2.9998773243278265e-08; 2; 2; 0; 179; 1
pglib_opf_case179_goc; two_stage_maximum_congestion; neg_weight; 2; 179; 259; 33940.499999999985; ((46, 58, 59), 99); 2.9998773243278265e-08; 2; 2; 0; 179; 1
pglib_opf_case179_goc; two_stage_maximum_congestion; neg_weight; 2; 179; 259; 33940.499999999985; ((46, 58, 60), 99); 2.9998773243278265e-08; 2; 2; 0; 179; 1
pglib_opf_case179_goc; two_stage_maximum_congestion; neg_weight; 2; 179; 259; 33940.499999999985; ((46, 58, 61), 99); 2.9998773243278265e-08; 2; 2; 0; 179; 1
pglib_opf_case179_goc; two_stage_maximum_congestion; neg_weight; 2; 179; 259; 33940.499999999985; ((46, 60, 62), 86); 2.9998773243278265e-08; 2; 2; 0; 179; 1
pglib_opf_case179_goc; two_stage_maximum_congestion; neg_weight; 2; 179; 259; 33940.499999999985; ((46, 60, 63), 86); 2.9998773243278265e-08; 2; 2; 0; 179; 1
pglib_opf_case179_goc; two_stage_maximum_congestion; neg_weight; 2; 179; 259; 33940.499999999985; ((46, 45, 224), 18); 2731.8212972228976; 5; 8; 0; 179; 6
pglib_opf_case179_goc; two_stage_maximum_congestion; neg_weight; 2; 179; 259; 33940.499999999985; ((58, 59, 230), 1139); 2.9998773243278265e-08; 2; 3; 0; 179; 1
pglib_opf_case179_goc; two_stage_maximum_congestion; neg_weight; 2; 179; 259; 33940.499999999985; ((53, 39, 44), 116); 2.9998773243278265e-08; 2; 2; 0; 179; 1
pglib_opf_case179_goc; two_stage_maximum_congestion; neg_weight; 2; 179; 259; 33940.499999999985; ((53, 56, 73), 87); 2.9998773243278265e-08; 2; 2; 0; 179; 1
pglib_opf_case179_goc; two_stage_maximum_congestion; neg_weight; 2; 179; 259; 33940.499999999985; ((53, 56, 74), 87); 2.9998773243278265e-08; 2; 2; 0; 179; 1
pglib_opf_case179_goc; two_stage_maximum_congestion; neg_weight; 2; 179; 259; 33940.499999999985; ((39, 56, 45), 46); 2.9998773243278265e-08; 2; 2; 0; 179; 1
pglib_opf_case179_goc; two_stage_maximum_congestion; neg_weight; 2; 179; 259; 33940.499999999985; ((48, 40, 46), 25); 2.9998773243278265e-08; 2; 2; 0; 179; 1
pglib_opf_case179_goc; two_stage_maximum_congestion; neg_weight; 2; 179; 259; 33940.499999999985; ((48, 40, 47), 23); 2.9998773243278265e-08; 2; 2; 0; 179; 1
pglib_opf_case179_goc; two_stage_maximum_congestion; neg_weight; 2; 179; 259; 33940.499999999985; ((48, 55, 65), 11); 2.9998773243278265e-08; 2; 2; 0; 179; 1
pglib_opf_case179_goc; two_stage_maximum_congestion; neg_weight; 2; 179; 259; 33940.499999999985; ((48, 56, 66), 113); 2.9998773243278265e-08; 2; 2; 0; 179; 1
pglib_opf_case179_goc; two_stage_maximum_congestion; neg_weight; 2; 179; 259; 33940.499999999985; ((40, 56, 49), 4); 2.9998773243278265e-08; 2; 2; 0; 179; 1
pglib_opf_case179_goc; two_stage_maximum_congestion; neg_weight; 2; 179; 259; 33940.499999999985; ((40, 41, 222), 78); 2828.631844470412; 5; 8; 0; 179; 6
pglib_opf_case179_goc; two_stage_maximum_congestion; neg_weight; 2; 179; 259; 33940.499999999985; ((55, 40, 48), 26); 2.9998773243278265e-08; 2; 2; 0; 179; 1
pglib_opf_case179_goc; two_stage_maximum_congestion; neg_weight; 2; 179; 259; 33940.499999999985; ((55, 52, 71), 2); 2.9998773243278265e-08; 2; 2; 0; 179; 1
pglib_opf_case179_goc; two_stage_maximum_congestion; neg_weight; 2; 179; 259; 33940.499999999985; ((55, 52, 72), 2); 2.9998773243278265e-08; 2; 2; 0; 179; 1
pglib_opf_case179_goc; two_stage_maximum_congestion; neg_weight; 2; 179; 259; 33940.499999999985; ((55, 56, 76), 52); 2.9998773243278265e-08; 2; 2; 0; 179; 1
pglib_opf_case179_goc; two_stage_maximum_congestion; neg_weight; 2; 179; 259; 33940.499999999985; ((42, 158, 50), 329); 2.9998773243278265e-08; 2; 2; 0; 179; 1
pglib_opf_case179_goc; two_stage_maximum_congestion; neg_weight; 2; 179; 259; 33940.499999999985; ((42, 158, 51), 329); 2.9998773243278265e-08; 2; 2; 0; 179; 1
pglib_opf_case179_goc; two_stage_maximum_congestion; neg_weight; 2; 179; 259; 33940.499999999985; ((42, 43, 223), 440); 2902.4159375273703; 3; 7; 0; 179; 6
pglib_opf_case179_goc; two_stage_maximum_congestion; neg_weight; 2; 179; 259; 33940.499999999985; ((158, 164, 207), 122); 2.9998773243278265e-08; 2; 2; 0; 179; 1
pglib_opf_case179_goc; two_stage_maximum_congestion; neg_weight; 2; 179; 259; 33940.499999999985; ((158, 164, 208), 119); 2.9998773243278265e-08; 2; 2; 0; 179; 1
pglib_opf_case179_goc; two_stage_maximum_congestion; neg_weight; 2; 179; 259; 33940.499999999985; ((60, 53, 75), 75); 2.9998773243278265e-08; 2; 2; 0; 179; 1
pglib_opf_case179_goc; two_stage_maximum_congestion; neg_weight; 2; 179; 259; 33940.499999999985; ((47, 46, 225), 251); 2.9998773243278265e-08; 2; 2; 0; 179; 1
pglib_opf_case179_goc; two_stage_maximum_congestion; neg_weight; 2; 179; 259; 33940.499999999985; ((52, 49, 67), 35); 2.9998773243278265e-08; 2; 2; 0; 179; 1
pglib_opf_case179_goc; two_stage_maximum_congestion; neg_weight; 2; 179; 259; 33940.499999999985; ((52, 49, 68), 34); 2.9998773243278265e-08; 2; 2; 0; 179; 1
pglib_opf_case179_goc; two_stage_maximum_congestion; neg_weight; 2; 179; 259; 33940.499999999985; ((50, 61, 69), 93); 2.9998773243278265e-08; 2; 2; 0; 179; 1
pglib_opf_case179_goc; two_stage_maximum_congestion; neg_weight; 2; 179; 259; 33940.499999999985; ((50, 49, 226), 93); 2.9998773243278265e-08; 2; 2; 0; 179; 1
pglib_opf_case179_goc; two_stage_maximum_congestion; neg_weight; 2; 179; 259; 33940.499999999985; ((51, 61, 70), 93); 2.9998773243278265e-08; 2; 2; 0; 179; 1
pglib_opf_case179_goc; two_stage_maximum_congestion; neg_weight; 2; 179; 259; 33940.499999999985; ((51, 49, 227), 93); 2.9998773243278265e-08; 2; 2; 0; 179; 1
pglib_opf_case179_goc; two_stage_maximum_congestion; neg_weight; 2; 179; 259; 33940.499999999985; ((135, 59, 77), 334); 2.9998773243278265e-08; 2; 2; 0; 179; 1
pglib_opf_case179_goc; two_stage_maximum_congestion; neg_weight; 2; 179; 259; 33940.499999999985; ((135, 141, 172), 312); 2.9998773243278265e-08; 2; 2; 0; 179; 1
pglib_opf_case179_goc; two_stage_maximum_congestion; neg_weight; 2; 179; 259; 33940.499999999985; ((135, 148, 173), 73); 2.9998773243278265e-08; 2; 2; 0; 179; 1
pglib_opf_case179_goc; two_stage_maximum_congestion; neg_weight; 2; 179; 259; 33940.499999999985; ((148, 59, 78), 310); 2.9998773243278265e-08; 2; 2; 0; 179; 1
pglib_opf_case179_goc; two_stage_maximum_congestion; neg_weight; 2; 179; 259; 33940.499999999985; ((148, 59, 79), 310); 2.9998773243278265e-08; 2; 2; 0; 179; 1
pglib_opf_case179_goc; two_stage_maximum_congestion; neg_weight; 2; 179; 259; 33940.499999999985; ((148, 152, 187), 74); 2.9998773243278265e-08; 2; 2; 0; 179; 1
pglib_opf_case179_goc; two_stage_maximum_congestion; neg_weight; 2; 179; 259; 33940.499999999985; ((148, 152, 188), 80); 2.9998773243278265e-08; 2; 2; 0; 179; 1
pglib_opf_case179_goc; two_stage_maximum_congestion; neg_weight; 2; 179; 259; 33940.499999999985; ((140, 62, 82), 669); 8164.615246363999; 8; 30; 0; 176; 14
pglib_opf_case179_goc; two_stage_maximum_congestion; neg_weight; 2; 179; 259; 33940.499999999985; ((140, 143, 177), 604); 2.9998773243278265e-08; 2; 2; 0; 179; 1
pglib_opf_case179_goc; two_stage_maximum_congestion; neg_weight; 2; 179; 259; 33940.499999999985; ((140, 143, 178), 607); 2.9998773243278265e-08; 2; 2; 0; 179; 1
pglib_opf_case179_goc; two_stage_maximum_congestion; neg_weight; 2; 179; 259; 33940.499999999985; ((140, 145, 179), 1010); 2.9998773243278265e-08; 2; 2; 0; 179; 1
pglib_opf_case179_goc; two_stage_maximum_congestion; neg_weight; 2; 179; 259; 33940.499999999985; ((140, 149, 180), 321); 2.9998773243278265e-08; 2; 2; 0; 179; 1
pglib_opf_case179_goc; two_stage_maximum_congestion; neg_weight; 2; 179; 259; 33940.499999999985; ((140, 151, 181), 285); 2.9998773243278265e-08; 2; 2; 0; 179; 1
pglib_opf_case179_goc; two_stage_maximum_congestion; neg_weight; 2; 179; 259; 33940.499999999985; ((140, 151, 182), 285); 2.9998773243278265e-08; 2; 2; 0; 179; 1
pglib_opf_case179_goc; two_stage_maximum_congestion; neg_weight; 2; 179; 259; 33940.499999999985; ((76, 64, 83), 416); 3161.7302256234216; 4; 8; 0; 179; 7
pglib_opf_case179_goc; two_stage_maximum_congestion; neg_weight; 2; 179; 259; 33940.499999999985; ((76, 72, 91), 0); 2.9998773243278265e-08; 2; 2; 0; 178; 2
pglib_opf_case179_goc; two_stage_maximum_congestion; neg_weight; 2; 179; 259; 33940.499999999985; ((76, 74, 94), 596); 2.9998773243278265e-08; 2; 2; 0; 179; 1
pglib_opf_case179_goc; two_stage_maximum_congestion; neg_weight; 2; 179; 259; 33940.499999999985; ((76, 74, 95), 690); 2.9998773243278265e-08; 2; 2; 0; 179; 1
pglib_opf_case179_goc; two_stage_maximum_congestion; neg_weight; 2; 179; 259; 33940.499999999985; ((64, 63, 232), 359); 3155.3137496991767; 3; 7; 0; 178; 6
pglib_opf_case179_goc; two_stage_maximum_congestion; neg_weight; 2; 179; 259; 33940.499999999985; ((66, 69, 84), 222); 2.9998773243278265e-08; 2; 2; 0; 179; 1
pglib_opf_case179_goc; two_stage_maximum_congestion; neg_weight; 2; 179; 259; 33940.499999999985; ((66, 69, 85), 250); 2.9998773243278265e-08; 2; 2; 0; 179; 1
pglib_opf_case179_goc; two_stage_maximum_congestion; neg_weight; 2; 179; 259; 33940.499999999985; ((66, 65, 233), 79); 2029.1352331626586; 3; 5; 0; 178; 5
pglib_opf_case179_goc; two_stage_maximum_congestion; neg_weight; 2; 179; 259; 33940.499999999985; ((66, 68, 236), 50); 2741.010915951505; 6; 8; 0; 179; 6
pglib_opf_case179_goc; two_stage_maximum_congestion; neg_weight; 2; 179; 259; 33940.499999999985; ((67, 70, 86), 507); 2.9998773243278265e-08; 2; 2; 0; 179; 1
pglib_opf_case179_goc; two_stage_maximum_congestion; neg_weight; 2; 179; 259; 33940.499999999985; ((67, 70, 87), 507); 2.9998773243278265e-08; 2; 2; 0; 179; 1
pglib_opf_case179_goc; two_stage_maximum_congestion; neg_weight; 2; 179; 259; 33940.499999999985; ((67, 74, 88), 724); 2.9998773243278265e-08; 2; 2; 0; 179; 1
pglib_opf_case179_goc; two_stage_maximum_congestion; neg_weight; 2; 179; 259; 33940.499999999985; ((67, 74, 89), 732); 2.9998773243278265e-08; 2; 2; 0; 179; 1
pglib_opf_case179_goc; two_stage_maximum_congestion; neg_weight; 2; 179; 259; 33940.499999999985; ((67, 66, 234), 178); 2.9998773243278265e-08; 2; 2; 0; 179; 1
pglib_opf_case179_goc; two_stage_maximum_congestion; neg_weight; 2; 179; 259; 33940.499999999985; ((67, 66, 235), 286); 2.9998773243278265e-08; 2; 2; 0; 179; 1
pglib_opf_case179_goc; two_stage_maximum_congestion; neg_weight; 2; 179; 259; 33940.499999999985; ((70, 69, 237), 1014); 5174.462335858272; 5; 12; 0; 178; 8
pglib_opf_case179_goc; two_stage_maximum_congestion; neg_weight; 2; 179; 259; 33940.499999999985; ((74, 75, 238), 3587); 4022.5869258107523; 2; 3; 0; 179; 3
pglib_opf_case179_goc; two_stage_maximum_congestion; neg_weight; 2; 179; 259; 33940.499999999985; ((73, 71, 90), 782); 1104.4135513861693; 2; 2; 0; 178; 3
pglib_opf_case179_goc; two_stage_maximum_congestion; neg_weight; 2; 179; 259; 33940.499999999985; ((73, 74, 92), 69); 2.9998773243278265e-08; 2; 2; 0; 179; 1
pglib_opf_case179_goc; two_stage_maximum_congestion; neg_weight; 2; 179; 259; 33940.499999999985; ((73, 76, 93), 510); 2.9998773243278265e-08; 2; 2; 0; 179; 1
pglib_opf_case179_goc; two_stage_maximum_congestion; neg_weight; 2; 179; 259; 33940.499999999985; ((80, 74, 96), 860); 2.9998773243278265e-08; 2; 2; 0; 179; 1
pglib_opf_case179_goc; two_stage_maximum_congestion; neg_weight; 2; 179; 259; 33940.499999999985; ((80, 74, 97), 504); 2.9998773243278265e-08; 2; 2; 0; 179; 1
pglib_opf_case179_goc; two_stage_maximum_congestion; neg_weight; 2; 179; 259; 33940.499999999985; ((80, 74, 98), 504); 2.9998773243278265e-08; 2; 2; 0; 179; 1
pglib_opf_case179_goc; two_stage_maximum_congestion; neg_weight; 2; 179; 259; 33940.499999999985; ((80, 85, 103), 665); 2.9998773243278265e-08; 2; 2; 0; 179; 1
pglib_opf_case179_goc; two_stage_maximum_congestion; neg_weight; 2; 179; 259; 33940.499999999985; ((80, 89, 104), 613); 2.9998773243278265e-08; 2; 2; 0; 179; 1
pglib_opf_case179_goc; two_stage_maximum_congestion; neg_weight; 2; 179; 259; 33940.499999999985; ((80, 93, 105), 621); 2.9998773243278265e-08; 2; 2; 0; 179; 1
pglib_opf_case179_goc; two_stage_maximum_congestion; neg_weight; 2; 179; 259; 33940.499999999985; ((79, 97, 101), 182); 1067.3844903435674; 3; 4; 0; 179; 4
pglib_opf_case179_goc; two_stage_maximum_congestion; neg_weight; 2; 179; 259; 33940.499999999985; ((79, 178, 102), 182); 1067.3844903435674; 3; 4; 0; 179; 4
pglib_opf_case179_goc; two_stage_maximum_congestion; neg_weight; 2; 179; 259; 33940.499999999985; ((97, 82, 112), 182); 1067.3844903435674; 3; 4; 0; 179; 4
pglib_opf_case179_goc; two_stage_maximum_congestion; neg_weight; 2; 179; 259; 33940.499999999985; ((178, 84, 116), 182); 1067.3844903435674; 3; 4; 0; 179; 4
pglib_opf_case179_goc; two_stage_maximum_congestion; neg_weight; 2; 179; 259; 33940.499999999985; ((85, 86, 117), 665); 2.9998773243278265e-08; 2; 2; 0; 179; 1
pglib_opf_case179_goc; two_stage_maximum_congestion; neg_weight; 2; 179; 259; 33940.499999999985; ((89, 90, 119), 613); 2.9998773243278265e-08; 2; 2; 0; 179; 1
pglib_opf_case179_goc; two_stage_maximum_congestion; neg_weight; 2; 179; 259; 33940.499999999985; ((93, 94, 122), 621); 2.9998773243278265e-08; 2; 2; 0; 179; 1
pglib_opf_case179_goc; two_stage_maximum_congestion; neg_weight; 2; 179; 259; 33940.499999999985; ((81, 87, 106), 847); 2.9998773243278265e-08; 2; 2; 0; 179; 1
pglib_opf_case179_goc; two_stage_maximum_congestion; neg_weight; 2; 179; 259; 33940.499999999985; ((81, 166, 109), 842); 5271.7389472323375; 4; 11; 0; 174; 9
pglib_opf_case179_goc; two_stage_maximum_congestion; neg_weight; 2; 179; 259; 33940.499999999985; ((81, 168, 110), 784); 5271.7389472323375; 4; 11; 0; 174; 9
pglib_opf_case179_goc; two_stage_maximum_congestion; neg_weight; 2; 179; 259; 33940.499999999985; ((81, 170, 111), 640); 5413.252647810423; 7; 13; 0; 179; 7
pglib_opf_case179_goc; two_stage_maximum_congestion; neg_weight; 2; 179; 259; 33940.499999999985; ((87, 88, 118), 847); 2.9998773243278265e-08; 2; 2; 0; 179; 1
pglib_opf_case179_goc; two_stage_maximum_congestion; neg_weight; 2; 179; 259; 33940.499999999985; ((92, 81, 107), 613); 2.9998773243278265e-08; 2; 2; 0; 179; 1
pglib_opf_case179_goc; two_stage_maximum_congestion; neg_weight; 2; 179; 259; 33940.499999999985; ((96, 81, 108), 621); 2.9998773243278265e-08; 2; 2; 0; 179; 1
pglib_opf_case179_goc; two_stage_maximum_congestion; neg_weight; 2; 179; 259; 33940.499999999985; ((166, 167, 209), 842); 5271.738947232334; 4; 11; 0; 174; 9
pglib_opf_case179_goc; two_stage_maximum_congestion; neg_weight; 2; 179; 259; 33940.499999999985; ((168, 169, 210), 784); 5271.738947232334; 4; 11; 0; 174; 9
pglib_opf_case179_goc; two_stage_maximum_congestion; neg_weight; 2; 179; 259; 33940.499999999985; ((170, 171, 211), 640); 5413.252647810423; 7; 13; 0; 179; 7
pglib_opf_case179_goc; two_stage_maximum_congestion; neg_weight; 2; 179; 259; 33940.499999999985; ((82, 83, 240), 182); 1067.3844903435674; 3; 4; 0; 179; 4
pglib_opf_case179_goc; two_stage_maximum_congestion; neg_weight; 2; 179; 259; 33940.499999999985; ((154, 83, 113), 475); 1347.4516585811361; 2; 5; 0; 179; 4
pglib_opf_case179_goc; two_stage_maximum_congestion; neg_weight; 2; 179; 259; 33940.499999999985; ((154, 153, 193), 163); 2.9998773243278265e-08; 2; 2; 0; 179; 1
pglib_opf_case179_goc; two_stage_maximum_congestion; neg_weight; 2; 179; 259; 33940.499999999985; ((154, 155, 200), 101); 963.2165720923658; 2; 3; 0; 179; 3
pglib_opf_case179_goc; two_stage_maximum_congestion; neg_weight; 2; 179; 259; 33940.499999999985; ((154, 165, 201), 194); 2.9998773243278265e-08; 2; 2; 0; 179; 1
pglib_opf_case179_goc; two_stage_maximum_congestion; neg_weight; 2; 179; 259; 33940.499999999985; ((86, 84, 114), 665); 2.9998773243278265e-08; 2; 2; 0; 179; 1
pglib_opf_case179_goc; two_stage_maximum_congestion; neg_weight; 2; 179; 259; 33940.499999999985; ((88, 84, 115), 847); 2.9998773243278265e-08; 2; 2; 0; 179; 1
pglib_opf_case179_goc; two_stage_maximum_congestion; neg_weight; 2; 179; 259; 33940.499999999985; ((90, 91, 120), 613); 2.9998773243278265e-08; 2; 2; 0; 179; 1
pglib_opf_case179_goc; two_stage_maximum_congestion; neg_weight; 2; 179; 259; 33940.499999999985; ((91, 92, 121), 613); 2.9998773243278265e-08; 2; 2; 0; 179; 1
pglib_opf_case179_goc; two_stage_maximum_congestion; neg_weight; 2; 179; 259; 33940.499999999985; ((94, 95, 123), 621); 2.9998773243278265e-08; 2; 2; 0; 179; 1
pglib_opf_case179_goc; two_stage_maximum_congestion; neg_weight; 2; 179; 259; 33940.499999999985; ((95, 96, 124), 621); 2.9998773243278265e-08; 2; 2; 0; 179; 1
pglib_opf_case179_goc; two_stage_maximum_congestion; neg_weight; 2; 179; 259; 33940.499999999985; ((99, 98, 125), 110); 2.9998773243278265e-08; 2; 2; 0; 179; 1
pglib_opf_case179_goc; two_stage_maximum_congestion; neg_weight; 2; 179; 259; 33940.499999999985; ((99, 103, 127), 117); 2.9998773243278265e-08; 2; 2; 0; 179; 1
pglib_opf_case179_goc; two_stage_maximum_congestion; neg_weight; 2; 179; 259; 33940.499999999985; ((99, 104, 128), 118); 2.9998773243278265e-08; 2; 2; 0; 179; 1
pglib_opf_case179_goc; two_stage_maximum_congestion; neg_weight; 2; 179; 259; 33940.499999999985; ((99, 111, 129), 188); 2.994784153997898e-08; 1; 1; 0; 179; 1
pglib_opf_case179_goc; two_stage_maximum_congestion; neg_weight; 2; 179; 259; 33940.499999999985; ((99, 111, 130), 192); 2.994784153997898e-08; 1; 1; 0; 179; 1
pglib_opf_case179_goc; two_stage_maximum_congestion; neg_weight; 2; 179; 259; 33940.499999999985; ((99, 111, 131), 189); 2.994784153997898e-08; 1; 1; 0; 179; 1
pglib_opf_case179_goc; two_stage_maximum_congestion; neg_weight; 2; 179; 259; 33940.499999999985; ((99, 115, 132), 116); 2.994784153997898e-08; 1; 1; 0; 179; 1
pglib_opf_case179_goc; two_stage_maximum_congestion; neg_weight; 2; 179; 259; 33940.499999999985; ((98, 115, 126), 130); 2.9998773243278265e-08; 2; 2; 0; 179; 1
pglib_opf_case179_goc; two_stage_maximum_congestion; neg_weight; 2; 179; 259; 33940.499999999985; ((115, 117, 247), 285); 2.994784153997898e-08; 1; 1; 0; 179; 1
pglib_opf_case179_goc; two_stage_maximum_congestion; neg_weight; 2; 179; 259; 33940.499999999985; ((103, 115, 139), 102); 2.9998773243278265e-08; 2; 2; 0; 179; 1
pglib_opf_case179_goc; two_stage_maximum_congestion; neg_weight; 2; 179; 259; 33940.499999999985; ((104, 115, 140), 114); 2.9998773243278265e-08; 2; 2; 0; 179; 1
pglib_opf_case179_goc; two_stage_maximum_congestion; neg_weight; 2; 179; 259; 33940.499999999985; ((111, 112, 245), 289); 2.994784153997898e-08; 1; 1; 0; 179; 1
pglib_opf_case179_goc; two_stage_maximum_congestion; neg_weight; 2; 179; 259; 33940.499999999985; ((102, 100, 133), 156); 2.9998773243278265e-08; 2; 2; 0; 179; 1
pglib_opf_case179_goc; two_stage_maximum_congestion; neg_weight; 2; 179; 259; 33940.499999999985; ((102, 133, 138), 194); 2.9998773243278265e-08; 2; 2; 0; 179; 1
pglib_opf_case179_goc; two_stage_maximum_congestion; neg_weight; 2; 179; 259; 33940.499999999985; ((100, 106, 134), 97); 2.9998773243278265e-08; 2; 2; 0; 179; 1
pglib_opf_case179_goc; two_stage_maximum_congestion; neg_weight; 2; 179; 259; 33940.499999999985; ((100, 106, 135), 97); 2.9998773243278265e-08; 2; 2; 0; 179; 1
pglib_opf_case179_goc; two_stage_maximum_congestion; neg_weight; 2; 179; 259; 33940.499999999985; ((100, 101, 241), 61); 2800.7194808007844; 5; 8; 0; 179; 6
pglib_opf_case179_goc; two_stage_maximum_congestion; neg_weight; 2; 179; 259; 33940.499999999985; ((106, 172, 145), 0); 2.9998773243278265e-08; 2; 2; 0; 178; 2
pglib_opf_case179_goc; two_stage_maximum_congestion; neg_weight; 2; 179; 259; 33940.499999999985; ((106, 174, 146), 0); 2.9998773243278265e-08; 2; 2; 0; 178; 2
pglib_opf_case179_goc; two_stage_maximum_congestion; neg_weight; 2; 179; 259; 33940.499999999985; ((106, 176, 147), 498); 1957.8962911382696; 3; 6; 0; 179; 6
pglib_opf_case179_goc; two_stage_maximum_congestion; neg_weight; 2; 179; 259; 33940.499999999985; ((105, 102, 136), 210); 2.9998773243278265e-08; 2; 2; 0; 179; 1
pglib_opf_case179_goc; two_stage_maximum_congestion; neg_weight; 2; 179; 259; 33940.499999999985; ((105, 106, 141), 59); 2.9998773243278265e-08; 2; 2; 0; 179; 1
pglib_opf_case179_goc; two_stage_maximum_congestion; neg_weight; 2; 179; 259; 33940.499999999985; ((132, 102, 137), 728); 2654.692665447852; 3; 7; 0; 179; 5
pglib_opf_case179_goc; two_stage_maximum_congestion; neg_weight; 2; 179; 259; 33940.499999999985; ((133, 106, 144), 194); 2.9998773243278265e-08; 2; 2; 0; 179; 1
pglib_opf_case179_goc; two_stage_maximum_congestion; neg_weight; 2; 179; 259; 33940.499999999985; ((108, 105, 142), 19); 1368.2821665495576; 3; 6; 0; 178; 5
pglib_opf_case179_goc; two_stage_maximum_congestion; neg_weight; 2; 179; 259; 33940.499999999985; ((131, 106, 143), 507); 2654.692665447852; 3; 7; 0; 179; 5
pglib_opf_case179_goc; two_stage_maximum_congestion; neg_weight; 2; 179; 259; 33940.499999999985; ((176, 177, 212), 498); 1957.8962911382696; 3; 6; 0; 179; 6
pglib_opf_case179_goc; two_stage_maximum_congestion; neg_weight; 2; 179; 259; 33940.499999999985; ((109, 118, 148), 739); 5611.006718356322; 7; 14; 0; 178; 8
pglib_opf_case179_goc; two_stage_maximum_congestion; neg_weight; 2; 179; 259; 33940.499999999985; ((118, 119, 163), 739); 5611.006718356322; 7; 14; 0; 178; 8
pglib_opf_case179_goc; two_stage_maximum_congestion; neg_weight; 2; 179; 259; 33940.499999999985; ((171, 109, 149), 640); 5413.252647810423; 7; 13; 0; 179; 7
pglib_opf_case179_goc; two_stage_maximum_congestion; neg_weight; 2; 179; 259; 33940.499999999985; ((112, 122, 150), 668); 5588.288325691592; 7; 15; 0; 174; 9
pglib_opf_case179_goc; two_stage_maximum_congestion; neg_weight; 2; 179; 259; 33940.499999999985; ((112, 124, 151), 668); 5588.288325691592; 7; 15; 0; 174; 9
pglib_opf_case179_goc; two_stage_maximum_congestion; neg_weight; 2; 179; 259; 33940.499999999985; ((122, 123, 166), 668); 5588.288325691592; 7; 15; 0; 174; 9
pglib_opf_case179_goc; two_stage_maximum_congestion; neg_weight; 2; 179; 259; 33940.499999999985; ((124, 125, 167), 668); 5588.288325691592; 7; 15; 0; 174; 9
pglib_opf_case179_goc; two_stage_maximum_congestion; neg_weight; 2; 179; 259; 33940.499999999985; ((167, 112, 152), 842); 5271.738947232334; 4; 11; 0; 174; 9
pglib_opf_case179_goc; two_stage_maximum_congestion; neg_weight; 2; 179; 259; 33940.499999999985; ((169, 112, 153), 784); 5271.738947232334; 4; 11; 0; 174; 9
pglib_opf_case179_goc; two_stage_maximum_congestion; neg_weight; 2; 179; 259; 33940.499999999985; ((123, 113, 154), 668); 5588.288325691592; 7; 15; 0; 174; 9
pglib_opf_case179_goc; two_stage_maximum_congestion; neg_weight; 2; 179; 259; 33940.499999999985; ((113, 126, 156), 482); 2.9998773243278265e-08; 2; 2; 0; 179; 1
pglib_opf_case179_goc; two_stage_maximum_congestion; neg_weight; 2; 179; 259; 33940.499999999985; ((113, 128, 157), 855); 5469.733860986846; 4; 16; 0; 176; 10
pglib_opf_case179_goc; two_stage_maximum_congestion; neg_weight; 2; 179; 259; 33940.499999999985; ((125, 113, 155), 668); 5588.288325691592; 7; 15; 0; 174; 9
pglib_opf_case179_goc; two_stage_maximum_congestion; neg_weight; 2; 179; 259; 33940.499999999985; ((126, 127, 168), 482); 2.9998773243278265e-08; 2; 2; 0; 179; 1
pglib_opf_case179_goc; two_stage_maximum_congestion; neg_weight; 2; 179; 259; 33940.499999999985; ((128, 129, 169), 855); 5469.733860986846; 4; 16; 0; 176; 10
pglib_opf_case179_goc; two_stage_maximum_congestion; neg_weight; 2; 179; 259; 33940.499999999985; ((121, 117, 158), 739); 5611.006718356322; 7; 14; 0; 178; 8
pglib_opf_case179_goc; two_stage_maximum_congestion; neg_weight; 2; 179; 259; 33940.499999999985; ((117, 130, 161), 507); 2654.6926654478557; 3; 7; 0; 179; 5
pglib_opf_case179_goc; two_stage_maximum_congestion; neg_weight; 2; 179; 259; 33940.499999999985; ((117, 132, 162), 728); 2654.6926654478557; 3; 7; 0; 179; 5
pglib_opf_case179_goc; two_stage_maximum_congestion; neg_weight; 2; 179; 259; 33940.499999999985; ((127, 117, 159), 482); 2.9998773243278265e-08; 2; 2; 0; 179; 1
pglib_opf_case179_goc; two_stage_maximum_congestion; neg_weight; 2; 179; 259; 33940.499999999985; ((129, 117, 160), 855); 5469.733860986846; 4; 16; 0; 176; 10
pglib_opf_case179_goc; two_stage_maximum_congestion; neg_weight; 2; 179; 259; 33940.499999999985; ((130, 131, 170), 507); 2654.692665447852; 3; 7; 0; 179; 5
pglib_opf_case179_goc; two_stage_maximum_congestion; neg_weight; 2; 179; 259; 33940.499999999985; ((119, 120, 164), 739); 5611.006718356322; 7; 14; 0; 178; 8
pglib_opf_case179_goc; two_stage_maximum_congestion; neg_weight; 2; 179; 259; 33940.499999999985; ((120, 121, 165), 739); 5611.006718356322; 7; 14; 0; 178; 8
pglib_opf_case179_goc; two_stage_maximum_congestion; neg_weight; 2; 179; 259; 33940.499999999985; ((145, 137, 175), 1174); 5593.314201097393; 4; 10; 0; 179; 6
pglib_opf_case179_goc; two_stage_maximum_congestion; neg_weight; 2; 179; 259; 33940.499999999985; ((145, 146, 252), 2185); 5593.314201097324; 3; 7; 0; 179; 6
pglib_opf_case179_goc; two_stage_maximum_congestion; neg_weight; 2; 179; 259; 33940.499999999985; ((139, 141, 176), 859); 1989.7098323483515; 3; 3; 0; 179; 4
pglib_opf_case179_goc; two_stage_maximum_congestion; neg_weight; 2; 179; 259; 33940.499999999985; ((143, 144, 185), 320); 2.9998773243278265e-08; 2; 2; 0; 179; 1
pglib_opf_case179_goc; two_stage_maximum_congestion; neg_weight; 2; 179; 259; 33940.499999999985; ((143, 149, 186), 97); 2.9998773243278265e-08; 2; 2; 0; 179; 1
pglib_opf_case179_goc; two_stage_maximum_congestion; neg_weight; 2; 179; 259; 33940.499999999985; ((149, 150, 189), 336); 2.9998773243278265e-08; 2; 3; 0; 179; 1
pglib_opf_case179_goc; two_stage_maximum_congestion; neg_weight; 2; 179; 259; 33940.499999999985; ((151, 152, 254), 356); 2.9998773243278265e-08; 2; 2; 0; 179; 1
pglib_opf_case179_goc; two_stage_maximum_congestion; neg_weight; 2; 179; 259; 33940.499999999985; ((151, 152, 255), 356); 2.9998773243278265e-08; 2; 2; 0; 179; 1
pglib_opf_case179_goc; two_stage_maximum_congestion; neg_weight; 2; 179; 259; 33940.499999999985; ((151, 152, 256), 356); 2.9998773243278265e-08; 2; 2; 0; 179; 1
pglib_opf_case179_goc; two_stage_maximum_congestion; neg_weight; 2; 179; 259; 33940.499999999985; ((144, 141, 183), 320); 2.9998773243278265e-08; 2; 2; 0; 179; 1
pglib_opf_case179_goc; two_stage_maximum_congestion; neg_weight; 2; 179; 259; 33940.499999999985; ((152, 141, 184), 402); 2.9998773243278265e-08; 2; 2; 0; 179; 1
pglib_opf_case179_goc; two_stage_maximum_congestion; neg_weight; 2; 179; 259; 33940.499999999985; ((173, 151, 190), 0); 2.9998773243278265e-08; 2; 2; 0; 178; 2
pglib_opf_case179_goc; two_stage_maximum_congestion; neg_weight; 2; 179; 259; 33940.499999999985; ((175, 151, 191), 0); 2.9998773243278265e-08; 2; 2; 0; 178; 2
pglib_opf_case179_goc; two_stage_maximum_congestion; neg_weight; 2; 179; 259; 33940.499999999985; ((177, 151, 192), 498); 1957.8962911382732; 3; 6; 0; 179; 6
pglib_opf_case179_goc; two_stage_maximum_congestion; neg_weight; 2; 179; 259; 33940.499999999985; ((153, 156, 194), 122); 2.9998773243278265e-08; 2; 2; 0; 179; 1
pglib_opf_case179_goc; two_stage_maximum_congestion; neg_weight; 2; 179; 259; 33940.499999999985; ((153, 156, 195), 137); 2.9998773243278265e-08; 2; 2; 0; 179; 1
pglib_opf_case179_goc; two_stage_maximum_congestion; neg_weight; 2; 179; 259; 33940.499999999985; ((153, 158, 196), 200); 2.9998773243278265e-08; 2; 2; 0; 179; 1
pglib_opf_case179_goc; two_stage_maximum_congestion; neg_weight; 2; 179; 259; 33940.499999999985; ((153, 158, 197), 189); 2.9998773243278265e-08; 2; 2; 0; 179; 1
pglib_opf_case179_goc; two_stage_maximum_congestion; neg_weight; 2; 179; 259; 33940.499999999985; ((153, 163, 198), 79); 2.9998773243278265e-08; 2; 2; 0; 179; 1
pglib_opf_case179_goc; two_stage_maximum_congestion; neg_weight; 2; 179; 259; 33940.499999999985; ((153, 165, 199), 98); 2.9998773243278265e-08; 2; 2; 0; 179; 1
pglib_opf_case179_goc; two_stage_maximum_congestion; neg_weight; 2; 179; 259; 33940.499999999985; ((156, 162, 203), 15); 15.05000000000291; 2; 2; 0; 178; 2
pglib_opf_case179_goc; two_stage_maximum_congestion; neg_weight; 2; 179; 259; 33940.499999999985; ((156, 163, 204), 152); 2.9998773243278265e-08; 2; 2; 0; 179; 1
pglib_opf_case179_goc; two_stage_maximum_congestion; neg_weight; 2; 179; 259; 33940.499999999985; ((156, 164, 205), 206); 2.9998773243278265e-08; 2; 2; 0; 179; 1
pglib_opf_case179_goc; two_stage_maximum_congestion; neg_weight; 2; 179; 259; 33940.499999999985; ((156, 164, 206), 207); 2.9998773243278265e-08; 2; 2; 0; 179; 1
pglib_opf_case179_goc; two_stage_maximum_congestion; neg_weight; 2; 179; 259; 33940.499999999985; ((156, 157, 257), 891); 2203.5936178190095; 3; 5; 0; 179; 5
pglib_opf_case179_goc; two_stage_maximum_congestion; neg_weight; 2; 179; 259; 33940.499999999985; ((155, 159, 202), 22); 21.860000000007858; 2; 2; 0; 179; 2
pglib_opf_case179_goc; two_stage_maximum_congestion; neg_weight; 2; 179; 259; 33940.499999999985; ((159, 160, 258), 116); 2726.567895838394; 4; 9; 0; 179; 8
pglib_opf_case179_goc; two_stage_maximum_congestion; neg_weight; 2; 179; 259; 33940.499999999985; ((107, 106, 242), 173); 2.9998773243278265e-08; 2; 2; 0; 179; 1
pglib_opf_case179_goc; two_stage_maximum_congestion; neg_weight; 2; 179; 259; 33940.499999999985; ((107, 106, 243), 254); 2.9998773243278265e-08; 2; 2; 0; 179; 1
pglib_opf_case179_goc; two_stage_maximum_congestion; neg_weight; 2; 179; 259; 33940.499999999985; ((110, 111, 244), 355); 660.3363733263686; 2; 2; 0; 179; 3
pglib_opf_case179_goc; two_stage_maximum_congestion; neg_weight; 2; 179; 259; 33940.499999999985; ((114, 115, 246), 261); 562.6253011904628; 2; 3; 0; 179; 3
pglib_opf_case179_goc; two_stage_maximum_congestion; neg_weight; 2; 179; 259; 33940.499999999985; ((116, 117, 248), 1523); 9222.693110030425; 8; 20; 0; 174; 11
pglib_opf_case179_goc; two_stage_maximum_congestion; neg_weight; 2; 179; 259; 33940.499999999985; ((136, 137, 249), 266); 3143.702812499203; 5; 7; 0; 179; 6
pglib_opf_case179_goc; two_stage_maximum_congestion; neg_weight; 2; 179; 259; 33940.499999999985; ((138, 139, 250), 871); 3931.5522895295435; 4; 8; 0; 178; 7
pglib_opf_case179_goc; two_stage_maximum_congestion; neg_weight; 2; 179; 259; 33940.499999999985; ((142, 143, 251), 552); 3426.0292204583566; 4; 8; 0; 179; 6
pglib_opf_case179_goc; two_stage_maximum_congestion; neg_weight; 2; 179; 259; 33940.499999999985; ((147, 148, 253), 879); 3943.8853022217227; 4; 8; 0; 179; 6
