pglib_opf_case162_ieee_dtc; single_stage_power_flow_disruption; neg_weight; 3; 162; 259; 9542.059999999996; ((0, 1, 0), 377); 619.574183604489; 4; 7; 0; 159; 4
pglib_opf_case162_ieee_dtc; single_stage_power_flow_disruption; neg_weight; 3; 162; 259; 9542.059999999996; ((0, 3, 1), 230); 0.0; 1; 1; 0; 162; 1
pglib_opf_case162_ieee_dtc; single_stage_power_flow_disruption; neg_weight; 3; 162; 259; 9542.059999999996; ((0, 4, 2), 341); 1589.130669669602; 8; 20; 0; 142; 8
pglib_opf_case162_ieee_dtc; single_stage_power_flow_disruption; neg_weight; 3; 162; 259; 9542.059999999996; ((0, 2, 177), 428); 1661.8450489395245; 7; 18; 0; 149; 8
pglib_opf_case162_ieee_dtc; single_stage_power_flow_disruption; neg_weight; 3; 162; 259; 9542.059999999996; ((0, 5, 178), 694); 5164.964732732732; 8; 97; 0; 97; 47
pglib_opf_case162_ieee_dtc; single_stage_power_flow_disruption; neg_weight; 3; 162; 259; 9542.059999999996; ((1, 6, 3), 107); 0.0; 2; 2; 0; 162; 1
pglib_opf_case162_ieee_dtc; single_stage_power_flow_disruption; neg_weight; 3; 162; 259; 9542.059999999996; ((1, 12, 4), 77); 0.0; 1; 1; 0; 162; 1
pglib_opf_case162_ieee_dtc; single_stage_power_flow_disruption; neg_weight; 3; 162; 259; 9542.059999999996; ((1, 11, 188), 193); 0.0; 1; 1; 0; 162; 1
pglib_opf_case162_ieee_dtc; single_stage_power_flow_disruption; neg_weight; 3; 162; 259; 9542.059999999996; ((3, 111, 7), 259); 0.0; 1; 1; 0; 162; 1
pglib_opf_case162_ieee_dtc; single_stage_power_flow_disruption; neg_weight; 3; 162; 259; 9542.059999999996; ((3, 118, 8), 290); 1485.0040166499675; 6; 11; 0; 154; 6
pglib_opf_case162_ieee_dtc; single_stage_power_flow_disruption; neg_weight; 3; 162; 259; 9542.059999999996; ((3, 114, 179), 199); 0.0; 1; 1; 0; 162; 1
pglib_opf_case162_ieee_dtc; single_stage_power_flow_disruption; neg_weight; 3; 162; 259; 9542.059999999996; ((4, 119, 9), 198); 0.0; 1; 1; 0; 162; 1
pglib_opf_case162_ieee_dtc; single_stage_power_flow_disruption; neg_weight; 3; 162; 259; 9542.059999999996; ((4, 128, 10), 171); 0.0; 1; 1; 0; 162; 1
pglib_opf_case162_ieee_dtc; single_stage_power_flow_disruption; neg_weight; 3; 162; 259; 9542.059999999996; ((4, 130, 180), 710); 3972.4668241292475; 8; 68; 0; 128; 30
pglib_opf_case162_ieee_dtc; single_stage_power_flow_disruption; neg_weight; 3; 162; 259; 9542.059999999996; ((6, 8, 11), 268); 4819.252073439376; 6; 82; 0; 122; 30
pglib_opf_case162_ieee_dtc; single_stage_power_flow_disruption; neg_weight; 3; 162; 259; 9542.059999999996; ((6, 7, 181), 375); 3933.534311300209; 14; 95; 0; 100; 36
pglib_opf_case162_ieee_dtc; single_stage_power_flow_disruption; neg_weight; 3; 162; 259; 9542.059999999996; ((12, 7, 183), 10); 0.0; 1; 1; 0; 162; 1
pglib_opf_case162_ieee_dtc; single_stage_power_flow_disruption; neg_weight; 3; 162; 259; 9542.059999999996; ((12, 9, 185), 21); 0.0; 2; 2; 0; 162; 1
pglib_opf_case162_ieee_dtc; single_stage_power_flow_disruption; neg_weight; 3; 162; 259; 9542.059999999996; ((12, 11, 189), 14); 0.0; 1; 1; 0; 162; 1
pglib_opf_case162_ieee_dtc; single_stage_power_flow_disruption; neg_weight; 3; 162; 259; 9542.059999999996; ((12, 14, 190), 23); 0.0; 1; 1; 0; 162; 1
pglib_opf_case162_ieee_dtc; single_stage_power_flow_disruption; neg_weight; 3; 162; 259; 9542.059999999996; ((12, 61, 191), 149); 321.5069170388888; 5; 7; 0; 160; 3
pglib_opf_case162_ieee_dtc; single_stage_power_flow_disruption; neg_weight; 3; 162; 259; 9542.059999999996; ((2, 13, 5), 7); 0.0; 1; 1; 0; 162; 1
pglib_opf_case162_ieee_dtc; single_stage_power_flow_disruption; neg_weight; 3; 162; 259; 9542.059999999996; ((2, 49, 6), 66); 335.39174339713827; 4; 8; 0; 153; 4
pglib_opf_case162_ieee_dtc; single_stage_power_flow_disruption; neg_weight; 3; 162; 259; 9542.059999999996; ((13, 112, 19), 4); 0.0; 1; 1; 0; 162; 1
pglib_opf_case162_ieee_dtc; single_stage_power_flow_disruption; neg_weight; 3; 162; 259; 9542.059999999996; ((13, 131, 20), 50); 0.0; 1; 1; 0; 162; 1
pglib_opf_case162_ieee_dtc; single_stage_power_flow_disruption; neg_weight; 3; 162; 259; 9542.059999999996; ((49, 50, 79), 38); 0.0; 1; 1; 0; 162; 1
pglib_opf_case162_ieee_dtc; single_stage_power_flow_disruption; neg_weight; 3; 162; 259; 9542.059999999996; ((111, 119, 136), 189); 0.0; 1; 1; 0; 162; 1
pglib_opf_case162_ieee_dtc; single_stage_power_flow_disruption; neg_weight; 3; 162; 259; 9542.059999999996; ((111, 109, 241), 252); 0.0; 1; 1; 0; 162; 1
pglib_opf_case162_ieee_dtc; single_stage_power_flow_disruption; neg_weight; 3; 162; 259; 9542.059999999996; ((111, 120, 243), 700); 3958.1352872933385; 8; 68; 0; 128; 30
pglib_opf_case162_ieee_dtc; single_stage_power_flow_disruption; neg_weight; 3; 162; 259; 9542.059999999996; ((118, 115, 244), 290); 1485.0040166499675; 6; 11; 0; 155; 6
pglib_opf_case162_ieee_dtc; single_stage_power_flow_disruption; neg_weight; 3; 162; 259; 9542.059999999996; ((119, 128, 143), 44); 0.0; 1; 1; 0; 162; 1
pglib_opf_case162_ieee_dtc; single_stage_power_flow_disruption; neg_weight; 3; 162; 259; 9542.059999999996; ((119, 13, 245), 343); 0.0; 1; 1; 0; 162; 1
pglib_opf_case162_ieee_dtc; single_stage_power_flow_disruption; neg_weight; 3; 162; 259; 9542.059999999996; ((128, 131, 248), 215); 2486.4702470024604; 7; 23; 0; 143; 10
pglib_opf_case162_ieee_dtc; single_stage_power_flow_disruption; neg_weight; 3; 162; 259; 9542.059999999996; ((8, 74, 13), 268); 4819.252073439376; 6; 82; 0; 121; 30
pglib_opf_case162_ieee_dtc; single_stage_power_flow_disruption; neg_weight; 3; 162; 259; 9542.059999999996; ((7, 11, 12), 14); 0.0; 1; 1; 0; 162; 1
pglib_opf_case162_ieee_dtc; single_stage_power_flow_disruption; neg_weight; 3; 162; 259; 9542.059999999996; ((74, 127, 110), 409); 5474.201239697732; 8; 95; 0; 103; 37
pglib_opf_case162_ieee_dtc; single_stage_power_flow_disruption; neg_weight; 3; 162; 259; 9542.059999999996; ((74, 129, 224), 578); 815.6692153800341; 4; 7; 0; 158; 4
pglib_opf_case162_ieee_dtc; single_stage_power_flow_disruption; neg_weight; 3; 162; 259; 9542.059999999996; ((9, 10, 14), 165); 335.2415830544014; 3; 6; 0; 161; 3
pglib_opf_case162_ieee_dtc; single_stage_power_flow_disruption; neg_weight; 3; 162; 259; 9542.059999999996; ((9, 14, 15), 29); 0.0; 2; 2; 0; 162; 1
pglib_opf_case162_ieee_dtc; single_stage_power_flow_disruption; neg_weight; 3; 162; 259; 9542.059999999996; ((9, 7, 182), 8); 0.0; 1; 1; 0; 162; 1
pglib_opf_case162_ieee_dtc; single_stage_power_flow_disruption; neg_weight; 3; 162; 259; 9542.059999999996; ((9, 59, 186), 3); 0.0; 1; 1; 0; 162; 1
pglib_opf_case162_ieee_dtc; single_stage_power_flow_disruption; neg_weight; 3; 162; 259; 9542.059999999996; ((10, 14, 16), 81); 0.0; 2; 2; 0; 162; 1
pglib_opf_case162_ieee_dtc; single_stage_power_flow_disruption; neg_weight; 3; 162; 259; 9542.059999999996; ((10, 57, 17), 61); 0.0; 1; 1; 0; 162; 1
pglib_opf_case162_ieee_dtc; single_stage_power_flow_disruption; neg_weight; 3; 162; 259; 9542.059999999996; ((10, 58, 18), 36); 0.0; 2; 2; 0; 162; 1
pglib_opf_case162_ieee_dtc; single_stage_power_flow_disruption; neg_weight; 3; 162; 259; 9542.059999999996; ((10, 45, 187), 122); 701.3260176879648; 4; 11; 0; 148; 6
pglib_opf_case162_ieee_dtc; single_stage_power_flow_disruption; neg_weight; 3; 162; 259; 9542.059999999996; ((10, 52, 213), 71); 0.0; 2; 2; 0; 162; 1
pglib_opf_case162_ieee_dtc; single_stage_power_flow_disruption; neg_weight; 3; 162; 259; 9542.059999999996; ((14, 57, 21), 108); 0.0; 2; 2; 0; 162; 1
pglib_opf_case162_ieee_dtc; single_stage_power_flow_disruption; neg_weight; 3; 162; 259; 9542.059999999996; ((14, 61, 22), 185); 4077.1853557498516; 11; 66; 0; 129; 26
pglib_opf_case162_ieee_dtc; single_stage_power_flow_disruption; neg_weight; 3; 162; 259; 9542.059999999996; ((14, 62, 23), 7); 0.0; 1; 1; 0; 162; 1
pglib_opf_case162_ieee_dtc; single_stage_power_flow_disruption; neg_weight; 3; 162; 259; 9542.059999999996; ((14, 7, 184), 7); 0.0; 1; 1; 0; 162; 1
pglib_opf_case162_ieee_dtc; single_stage_power_flow_disruption; neg_weight; 3; 162; 259; 9542.059999999996; ((14, 59, 192), 10); 0.0; 2; 2; 0; 162; 1
pglib_opf_case162_ieee_dtc; single_stage_power_flow_disruption; neg_weight; 3; 162; 259; 9542.059999999996; ((57, 60, 92), 47); 0.0; 2; 2; 0; 162; 1
pglib_opf_case162_ieee_dtc; single_stage_power_flow_disruption; neg_weight; 3; 162; 259; 9542.059999999996; ((58, 60, 93), 49); 0.0; 1; 1; 0; 162; 1
pglib_opf_case162_ieee_dtc; single_stage_power_flow_disruption; neg_weight; 3; 162; 259; 9542.059999999996; ((112, 131, 137), 7); 0.0; 1; 1; 0; 162; 1
pglib_opf_case162_ieee_dtc; single_stage_power_flow_disruption; neg_weight; 3; 162; 259; 9542.059999999996; ((112, 133, 138), 22); 0.0; 1; 1; 0; 162; 1
pglib_opf_case162_ieee_dtc; single_stage_power_flow_disruption; neg_weight; 3; 162; 259; 9542.059999999996; ((61, 62, 96), 121); 321.5069170388888; 6; 9; 0; 160; 3
pglib_opf_case162_ieee_dtc; single_stage_power_flow_disruption; neg_weight; 3; 162; 259; 9542.059999999996; ((61, 59, 216), 29); 0.0; 1; 1; 0; 162; 1
pglib_opf_case162_ieee_dtc; single_stage_power_flow_disruption; neg_weight; 3; 162; 259; 9542.059999999996; ((15, 16, 24), 1); 0.0; 1; 1; 0; 162; 1
pglib_opf_case162_ieee_dtc; single_stage_power_flow_disruption; neg_weight; 3; 162; 259; 9542.059999999996; ((15, 17, 25), 65); 0.0; 1; 1; 0; 162; 1
pglib_opf_case162_ieee_dtc; single_stage_power_flow_disruption; neg_weight; 3; 162; 259; 9542.059999999996; ((16, 17, 26), 76); 0.0; 1; 1; 0; 162; 1
pglib_opf_case162_ieee_dtc; single_stage_power_flow_disruption; neg_weight; 3; 162; 259; 9542.059999999996; ((16, 18, 27), 23); 0.0; 1; 1; 0; 162; 1
pglib_opf_case162_ieee_dtc; single_stage_power_flow_disruption; neg_weight; 3; 162; 259; 9542.059999999996; ((16, 20, 28), 12); 0.0; 1; 1; 0; 162; 1
pglib_opf_case162_ieee_dtc; single_stage_power_flow_disruption; neg_weight; 3; 162; 259; 9542.059999999996; ((17, 29, 29), 97); 321.5069170388888; 5; 7; 0; 160; 3
pglib_opf_case162_ieee_dtc; single_stage_power_flow_disruption; neg_weight; 3; 162; 259; 9542.059999999996; ((17, 31, 30), 105); 321.5069170388888; 5; 7; 0; 160; 3
pglib_opf_case162_ieee_dtc; single_stage_power_flow_disruption; neg_weight; 3; 162; 259; 9542.059999999996; ((18, 20, 31), 8); 0.0; 1; 1; 0; 162; 1
pglib_opf_case162_ieee_dtc; single_stage_power_flow_disruption; neg_weight; 3; 162; 259; 9542.059999999996; ((18, 37, 32), 3); 0.0; 1; 1; 0; 162; 1
pglib_opf_case162_ieee_dtc; single_stage_power_flow_disruption; neg_weight; 3; 162; 259; 9542.059999999996; ((18, 42, 33), 7); 0.0; 1; 1; 0; 162; 1
pglib_opf_case162_ieee_dtc; single_stage_power_flow_disruption; neg_weight; 3; 162; 259; 9542.059999999996; ((20, 21, 35), 77); 0.0; 2; 2; 0; 162; 1
pglib_opf_case162_ieee_dtc; single_stage_power_flow_disruption; neg_weight; 3; 162; 259; 9542.059999999996; ((29, 31, 53), 22); 0.0; 1; 1; 0; 162; 1
pglib_opf_case162_ieee_dtc; single_stage_power_flow_disruption; neg_weight; 3; 162; 259; 9542.059999999996; ((31, 32, 54), 74); 321.5069170388888; 5; 7; 0; 160; 3
pglib_opf_case162_ieee_dtc; single_stage_power_flow_disruption; neg_weight; 3; 162; 259; 9542.059999999996; ((37, 104, 240), 8); 0.0; 1; 1; 0; 162; 1
pglib_opf_case162_ieee_dtc; single_stage_power_flow_disruption; neg_weight; 3; 162; 259; 9542.059999999996; ((42, 43, 70), 15); 0.0; 1; 1; 0; 162; 1
pglib_opf_case162_ieee_dtc; single_stage_power_flow_disruption; neg_weight; 3; 162; 259; 9542.059999999996; ((42, 102, 71), 8); 0.0; 1; 1; 0; 162; 1
pglib_opf_case162_ieee_dtc; single_stage_power_flow_disruption; neg_weight; 3; 162; 259; 9542.059999999996; ((19, 156, 34), 7); 0.0; 1; 1; 0; 162; 1
pglib_opf_case162_ieee_dtc; single_stage_power_flow_disruption; neg_weight; 3; 162; 259; 9542.059999999996; ((156, 157, 173), 14); 0.0; 1; 1; 0; 162; 1
pglib_opf_case162_ieee_dtc; single_stage_power_flow_disruption; neg_weight; 3; 162; 259; 9542.059999999996; ((21, 37, 36), 26); 0.0; 1; 1; 0; 162; 1
pglib_opf_case162_ieee_dtc; single_stage_power_flow_disruption; neg_weight; 3; 162; 259; 9542.059999999996; ((21, 39, 37), 108); 321.5069170388888; 5; 6; 0; 160; 3
pglib_opf_case162_ieee_dtc; single_stage_power_flow_disruption; neg_weight; 3; 162; 259; 9542.059999999996; ((21, 40, 38), 57); 0.0; 1; 1; 0; 162; 1
pglib_opf_case162_ieee_dtc; single_stage_power_flow_disruption; neg_weight; 3; 162; 259; 9542.059999999996; ((39, 81, 66), 4); 0.0; 1; 1; 0; 162; 1
pglib_opf_case162_ieee_dtc; single_stage_power_flow_disruption; neg_weight; 3; 162; 259; 9542.059999999996; ((39, 80, 207), 22); 0.0; 1; 1; 0; 162; 1
pglib_opf_case162_ieee_dtc; single_stage_power_flow_disruption; neg_weight; 3; 162; 259; 9542.059999999996; ((40, 82, 67), 59); 0.0; 1; 1; 0; 162; 1
pglib_opf_case162_ieee_dtc; single_stage_power_flow_disruption; neg_weight; 3; 162; 259; 9542.059999999996; ((40, 83, 68), 70); 321.5069170388888; 5; 6; 0; 160; 3
pglib_opf_case162_ieee_dtc; single_stage_power_flow_disruption; neg_weight; 3; 162; 259; 9542.059999999996; ((40, 80, 208), 29); 0.0; 1; 1; 0; 162; 1
pglib_opf_case162_ieee_dtc; single_stage_power_flow_disruption; neg_weight; 3; 162; 259; 9542.059999999996; ((22, 23, 39), 56); 0.0; 2; 2; 0; 162; 1
pglib_opf_case162_ieee_dtc; single_stage_power_flow_disruption; neg_weight; 3; 162; 259; 9542.059999999996; ((22, 59, 202), 8); 0.0; 1; 1; 0; 162; 1
pglib_opf_case162_ieee_dtc; single_stage_power_flow_disruption; neg_weight; 3; 162; 259; 9542.059999999996; ((23, 27, 40), 74); 0.0; 1; 1; 0; 162; 1
pglib_opf_case162_ieee_dtc; single_stage_power_flow_disruption; neg_weight; 3; 162; 259; 9542.059999999996; ((23, 44, 41), 73); 321.5069170388888; 5; 6; 0; 160; 3
pglib_opf_case162_ieee_dtc; single_stage_power_flow_disruption; neg_weight; 3; 162; 259; 9542.059999999996; ((27, 28, 50), 36); 0.0; 1; 1; 0; 162; 1
pglib_opf_case162_ieee_dtc; single_stage_power_flow_disruption; neg_weight; 3; 162; 259; 9542.059999999996; ((44, 53, 74), 53); 321.5069170388888; 5; 6; 0; 160; 3
pglib_opf_case162_ieee_dtc; single_stage_power_flow_disruption; neg_weight; 3; 162; 259; 9542.059999999996; ((24, 25, 42), 270); 4327.475121962092; 7; 88; 0; 100; 34
pglib_opf_case162_ieee_dtc; single_stage_power_flow_disruption; neg_weight; 3; 162; 259; 9542.059999999996; ((24, 26, 43), 67); 4464.396703868712; 9; 95; 0; 100; 37
pglib_opf_case162_ieee_dtc; single_stage_power_flow_disruption; neg_weight; 3; 162; 259; 9542.059999999996; ((24, 23, 203), 203); 321.5069170388888; 6; 7; 0; 160; 3
pglib_opf_case162_ieee_dtc; single_stage_power_flow_disruption; neg_weight; 3; 162; 259; 9542.059999999996; ((25, 73, 44), 335); 5048.111734790475; 6; 79; 0; 89; 32
pglib_opf_case162_ieee_dtc; single_stage_power_flow_disruption; neg_weight; 3; 162; 259; 9542.059999999996; ((25, 74, 45), 99); 0.0; 1; 1; 0; 162; 1
pglib_opf_case162_ieee_dtc; single_stage_power_flow_disruption; neg_weight; 3; 162; 259; 9542.059999999996; ((25, 75, 204), 1127); 1345.435663924458; 4; 9; 0; 158; 4
pglib_opf_case162_ieee_dtc; single_stage_power_flow_disruption; neg_weight; 3; 162; 259; 9542.059999999996; ((25, 148, 254), 211); 4198.019795970533; 7; 86; 0; 113; 36
pglib_opf_case162_ieee_dtc; single_stage_power_flow_disruption; neg_weight; 3; 162; 259; 9542.059999999996; ((25, 148, 255), 211); 4198.019795970533; 7; 86; 0; 113; 36
pglib_opf_case162_ieee_dtc; single_stage_power_flow_disruption; neg_weight; 3; 162; 259; 9542.059999999996; ((26, 64, 46), 35); 0.0; 1; 1; 0; 162; 1
pglib_opf_case162_ieee_dtc; single_stage_power_flow_disruption; neg_weight; 3; 162; 259; 9542.059999999996; ((26, 124, 47), 5); 0.0; 1; 1; 0; 162; 1
pglib_opf_case162_ieee_dtc; single_stage_power_flow_disruption; neg_weight; 3; 162; 259; 9542.059999999996; ((26, 125, 48), 277); 375.1803083476261; 5; 16; 0; 159; 5
pglib_opf_case162_ieee_dtc; single_stage_power_flow_disruption; neg_weight; 3; 162; 259; 9542.059999999996; ((26, 126, 49), 0); 0.0; 1; 1; 0; 162; 1
pglib_opf_case162_ieee_dtc; single_stage_power_flow_disruption; neg_weight; 3; 162; 259; 9542.059999999996; ((26, 15, 193), 1); 0.0; 1; 1; 0; 162; 1
pglib_opf_case162_ieee_dtc; single_stage_power_flow_disruption; neg_weight; 3; 162; 259; 9542.059999999996; ((26, 30, 205), 91); 321.5069170388888; 6; 8; 0; 160; 3
pglib_opf_case162_ieee_dtc; single_stage_power_flow_disruption; neg_weight; 3; 162; 259; 9542.059999999996; ((26, 61, 206), 40); 0.0; 2; 2; 0; 162; 1
pglib_opf_case162_ieee_dtc; single_stage_power_flow_disruption; neg_weight; 3; 162; 259; 9542.059999999996; ((73, 78, 225), 335); 5048.111734790475; 6; 79; 0; 89; 32
pglib_opf_case162_ieee_dtc; single_stage_power_flow_disruption; neg_weight; 3; 162; 259; 9542.059999999996; ((64, 125, 99), 23); 0.0; 1; 1; 0; 162; 1
pglib_opf_case162_ieee_dtc; single_stage_power_flow_disruption; neg_weight; 3; 162; 259; 9542.059999999996; ((64, 59, 217), 35); 0.0; 2; 2; 0; 162; 1
pglib_opf_case162_ieee_dtc; single_stage_power_flow_disruption; neg_weight; 3; 162; 259; 9542.059999999996; ((64, 61, 219), 181); 4190.366197976006; 10; 74; 0; 119; 32
pglib_opf_case162_ieee_dtc; single_stage_power_flow_disruption; neg_weight; 3; 162; 259; 9542.059999999996; ((64, 62, 221), 4); 0.0; 1; 1; 0; 162; 1
pglib_opf_case162_ieee_dtc; single_stage_power_flow_disruption; neg_weight; 3; 162; 259; 9542.059999999996; ((124, 125, 147), 24); 0.0; 1; 1; 0; 162; 1
pglib_opf_case162_ieee_dtc; single_stage_power_flow_disruption; neg_weight; 3; 162; 259; 9542.059999999996; ((124, 42, 210), 10); 321.5069170388888; 5; 6; 0; 160; 3
pglib_opf_case162_ieee_dtc; single_stage_power_flow_disruption; neg_weight; 3; 162; 259; 9542.059999999996; ((124, 102, 238), 26); 321.5069170388888; 5; 6; 0; 160; 3
pglib_opf_case162_ieee_dtc; single_stage_power_flow_disruption; neg_weight; 3; 162; 259; 9542.059999999996; ((124, 122, 246), 119); 321.5069170388888; 4; 5; 0; 160; 3
pglib_opf_case162_ieee_dtc; single_stage_power_flow_disruption; neg_weight; 3; 162; 259; 9542.059999999996; ((125, 126, 148), 9); 0.0; 1; 1; 0; 162; 1
pglib_opf_case162_ieee_dtc; single_stage_power_flow_disruption; neg_weight; 3; 162; 259; 9542.059999999996; ((125, 15, 194), 11); 0.0; 1; 1; 0; 162; 1
pglib_opf_case162_ieee_dtc; single_stage_power_flow_disruption; neg_weight; 3; 162; 259; 9542.059999999996; ((125, 59, 218), 6); 0.0; 2; 2; 0; 162; 1
pglib_opf_case162_ieee_dtc; single_stage_power_flow_disruption; neg_weight; 3; 162; 259; 9542.059999999996; ((125, 61, 220), 57); 0.0; 2; 2; 0; 162; 1
pglib_opf_case162_ieee_dtc; single_stage_power_flow_disruption; neg_weight; 3; 162; 259; 9542.059999999996; ((126, 15, 195), 1); 0.0; 1; 1; 0; 162; 1
pglib_opf_case162_ieee_dtc; single_stage_power_flow_disruption; neg_weight; 3; 162; 259; 9542.059999999996; ((126, 16, 196), 5); 0.0; 1; 1; 0; 162; 1
pglib_opf_case162_ieee_dtc; single_stage_power_flow_disruption; neg_weight; 3; 162; 259; 9542.059999999996; ((126, 18, 198), 24); 0.0; 1; 1; 0; 162; 1
pglib_opf_case162_ieee_dtc; single_stage_power_flow_disruption; neg_weight; 3; 162; 259; 9542.059999999996; ((126, 20, 200), 3); 0.0; 1; 1; 0; 162; 1
pglib_opf_case162_ieee_dtc; single_stage_power_flow_disruption; neg_weight; 3; 162; 259; 9542.059999999996; ((28, 29, 51), 26); 0.0; 1; 1; 0; 162; 1
pglib_opf_case162_ieee_dtc; single_stage_power_flow_disruption; neg_weight; 3; 162; 259; 9542.059999999996; ((28, 30, 52), 18); 0.0; 1; 1; 0; 162; 1
pglib_opf_case162_ieee_dtc; single_stage_power_flow_disruption; neg_weight; 3; 162; 259; 9542.059999999996; ((32, 33, 55), 1); 0.0; 1; 1; 0; 162; 1
pglib_opf_case162_ieee_dtc; single_stage_power_flow_disruption; neg_weight; 3; 162; 259; 9542.059999999996; ((32, 34, 56), 29); 0.0; 1; 1; 0; 162; 1
pglib_opf_case162_ieee_dtc; single_stage_power_flow_disruption; neg_weight; 3; 162; 259; 9542.059999999996; ((32, 35, 57), 2); 0.0; 1; 1; 0; 162; 1
pglib_opf_case162_ieee_dtc; single_stage_power_flow_disruption; neg_weight; 3; 162; 259; 9542.059999999996; ((33, 39, 58), 3); 0.0; 1; 1; 0; 162; 1
pglib_opf_case162_ieee_dtc; single_stage_power_flow_disruption; neg_weight; 3; 162; 259; 9542.059999999996; ((33, 76, 59), 64); 0.0; 1; 1; 0; 162; 1
pglib_opf_case162_ieee_dtc; single_stage_power_flow_disruption; neg_weight; 3; 162; 259; 9542.059999999996; ((33, 103, 239), 55); 54.72999999999956; 1; 1; 0; 160; 2
pglib_opf_case162_ieee_dtc; single_stage_power_flow_disruption; neg_weight; 3; 162; 259; 9542.059999999996; ((34, 39, 60), 26); 0.0; 1; 1; 0; 162; 1
pglib_opf_case162_ieee_dtc; single_stage_power_flow_disruption; neg_weight; 3; 162; 259; 9542.059999999996; ((35, 66, 61), 34); 0.0; 1; 1; 0; 162; 1
pglib_opf_case162_ieee_dtc; single_stage_power_flow_disruption; neg_weight; 3; 162; 259; 9542.059999999996; ((66, 67, 100), 32); 0.0; 1; 1; 0; 162; 1
pglib_opf_case162_ieee_dtc; single_stage_power_flow_disruption; neg_weight; 3; 162; 259; 9542.059999999996; ((36, 38, 62), 150); 0.0; 1; 1; 0; 162; 1
pglib_opf_case162_ieee_dtc; single_stage_power_flow_disruption; neg_weight; 3; 162; 259; 9542.059999999996; ((36, 125, 63), 205); 1.8189894035458565e-12; 3; 3; 0; 162; 1
pglib_opf_case162_ieee_dtc; single_stage_power_flow_disruption; neg_weight; 3; 162; 259; 9542.059999999996; ((36, 126, 64), 40); 0.0; 1; 1; 0; 162; 1
pglib_opf_case162_ieee_dtc; single_stage_power_flow_disruption; neg_weight; 3; 162; 259; 9542.059999999996; ((36, 17, 197), 95); 321.5069170388888; 5; 7; 0; 160; 3
pglib_opf_case162_ieee_dtc; single_stage_power_flow_disruption; neg_weight; 3; 162; 259; 9542.059999999996; ((38, 41, 65), 19); 0.0; 1; 1; 0; 162; 1
pglib_opf_case162_ieee_dtc; single_stage_power_flow_disruption; neg_weight; 3; 162; 259; 9542.059999999996; ((38, 21, 201), 131); 321.5069170388888; 5; 6; 0; 160; 3
pglib_opf_case162_ieee_dtc; single_stage_power_flow_disruption; neg_weight; 3; 162; 259; 9542.059999999996; ((41, 108, 69), 68); 0.0; 1; 1; 0; 162; 1
pglib_opf_case162_ieee_dtc; single_stage_power_flow_disruption; neg_weight; 3; 162; 259; 9542.059999999996; ((41, 92, 230), 49); 0.0; 1; 1; 0; 162; 1
pglib_opf_case162_ieee_dtc; single_stage_power_flow_disruption; neg_weight; 3; 162; 259; 9542.059999999996; ((81, 82, 113), 59); 0.0; 1; 1; 0; 162; 1
pglib_opf_case162_ieee_dtc; single_stage_power_flow_disruption; neg_weight; 3; 162; 259; 9542.059999999996; ((83, 92, 114), 108); 346.34691703888893; 7; 9; 0; 159; 4
pglib_opf_case162_ieee_dtc; single_stage_power_flow_disruption; neg_weight; 3; 162; 259; 9542.059999999996; ((108, 123, 130), 122); 0.0; 1; 1; 0; 162; 1
pglib_opf_case162_ieee_dtc; single_stage_power_flow_disruption; neg_weight; 3; 162; 259; 9542.059999999996; ((108, 124, 131), 17); 321.5069170388888; 5; 6; 0; 160; 3
pglib_opf_case162_ieee_dtc; single_stage_power_flow_disruption; neg_weight; 3; 162; 259; 9542.059999999996; ((108, 93, 232), 206); 321.5069170388888; 5; 7; 0; 160; 3
pglib_opf_case162_ieee_dtc; single_stage_power_flow_disruption; neg_weight; 3; 162; 259; 9542.059999999996; ((43, 101, 72), 24); 0.0; 1; 1; 0; 162; 1
pglib_opf_case162_ieee_dtc; single_stage_power_flow_disruption; neg_weight; 3; 162; 259; 9542.059999999996; ((43, 102, 73), 48); 0.0; 1; 1; 0; 162; 1
pglib_opf_case162_ieee_dtc; single_stage_power_flow_disruption; neg_weight; 3; 162; 259; 9542.059999999996; ((43, 96, 235), 23); 22.840000000000146; 1; 1; 0; 161; 2
pglib_opf_case162_ieee_dtc; single_stage_power_flow_disruption; neg_weight; 3; 162; 259; 9542.059999999996; ((102, 122, 127), 32); 321.5069170388888; 4; 5; 0; 160; 3
pglib_opf_case162_ieee_dtc; single_stage_power_flow_disruption; neg_weight; 3; 162; 259; 9542.059999999996; ((53, 55, 85), 50); 0.0; 1; 1; 0; 162; 1
pglib_opf_case162_ieee_dtc; single_stage_power_flow_disruption; neg_weight; 3; 162; 259; 9542.059999999996; ((53, 56, 86), 7); 0.0; 1; 1; 0; 162; 1
pglib_opf_case162_ieee_dtc; single_stage_power_flow_disruption; neg_weight; 3; 162; 259; 9542.059999999996; ((45, 46, 75), 57); 644.8462707425915; 5; 11; 0; 157; 7
pglib_opf_case162_ieee_dtc; single_stage_power_flow_disruption; neg_weight; 3; 162; 259; 9542.059999999996; ((46, 48, 76), 52); 640.0262707425918; 5; 11; 0; 157; 7
pglib_opf_case162_ieee_dtc; single_stage_power_flow_disruption; neg_weight; 3; 162; 259; 9542.059999999996; ((48, 86, 211), 46); 633.2062707425921; 5; 11; 0; 157; 7
pglib_opf_case162_ieee_dtc; single_stage_power_flow_disruption; neg_weight; 3; 162; 259; 9542.059999999996; ((47, 49, 77), 3); 0.0; 1; 1; 0; 162; 1
pglib_opf_case162_ieee_dtc; single_stage_power_flow_disruption; neg_weight; 3; 162; 259; 9542.059999999996; ((47, 50, 78), 30); 0.0; 1; 1; 0; 162; 1
pglib_opf_case162_ieee_dtc; single_stage_power_flow_disruption; neg_weight; 3; 162; 259; 9542.059999999996; ((50, 140, 80), 87); 335.39174339713827; 5; 7; 0; 154; 4
pglib_opf_case162_ieee_dtc; single_stage_power_flow_disruption; neg_weight; 3; 162; 259; 9542.059999999996; ((50, 141, 251), 19); 0.0; 1; 1; 0; 162; 1
pglib_opf_case162_ieee_dtc; single_stage_power_flow_disruption; neg_weight; 3; 162; 259; 9542.059999999996; ((140, 143, 252), 48); 10.829999999999927; 2; 3; 0; 161; 2
pglib_opf_case162_ieee_dtc; single_stage_power_flow_disruption; neg_weight; 3; 162; 259; 9542.059999999996; ((51, 78, 81), 86); 706.1312585020896; 5; 17; 0; 148; 12
pglib_opf_case162_ieee_dtc; single_stage_power_flow_disruption; neg_weight; 3; 162; 259; 9542.059999999996; ((51, 105, 82), 68); 687.8981533128153; 5; 16; 0; 147; 11
pglib_opf_case162_ieee_dtc; single_stage_power_flow_disruption; neg_weight; 3; 162; 259; 9542.059999999996; ((51, 117, 212), 200); 975.0865180802084; 5; 13; 0; 146; 6
pglib_opf_case162_ieee_dtc; single_stage_power_flow_disruption; neg_weight; 3; 162; 259; 9542.059999999996; ((105, 106, 128), 14); 356.9547686139158; 4; 5; 0; 159; 3
pglib_opf_case162_ieee_dtc; single_stage_power_flow_disruption; neg_weight; 3; 162; 259; 9542.059999999996; ((105, 87, 228), 53); 0.0; 1; 1; 0; 162; 1
pglib_opf_case162_ieee_dtc; single_stage_power_flow_disruption; neg_weight; 3; 162; 259; 9542.059999999996; ((52, 53, 83), 60); 0.0; 1; 1; 0; 162; 1
pglib_opf_case162_ieee_dtc; single_stage_power_flow_disruption; neg_weight; 3; 162; 259; 9542.059999999996; ((52, 54, 84), 162); 1.8189894035458565e-12; 3; 4; 0; 162; 1
pglib_opf_case162_ieee_dtc; single_stage_power_flow_disruption; neg_weight; 3; 162; 259; 9542.059999999996; ((52, 19, 199), 31); 0.0; 1; 1; 0; 162; 1
pglib_opf_case162_ieee_dtc; single_stage_power_flow_disruption; neg_weight; 3; 162; 259; 9542.059999999996; ((54, 56, 87), 64); 0.0; 1; 1; 0; 162; 1
pglib_opf_case162_ieee_dtc; single_stage_power_flow_disruption; neg_weight; 3; 162; 259; 9542.059999999996; ((54, 148, 88), 160); 4988.234882879511; 10; 103; 0; 105; 44
pglib_opf_case162_ieee_dtc; single_stage_power_flow_disruption; neg_weight; 3; 162; 259; 9542.059999999996; ((54, 161, 89), 113); 4675.339736690645; 10; 63; 0; 138; 21
pglib_opf_case162_ieee_dtc; single_stage_power_flow_disruption; neg_weight; 3; 162; 259; 9542.059999999996; ((54, 156, 258), 46); 0.0; 1; 1; 0; 162; 1
pglib_opf_case162_ieee_dtc; single_stage_power_flow_disruption; neg_weight; 3; 162; 259; 9542.059999999996; ((55, 66, 90), 24); 0.0; 1; 1; 0; 162; 1
pglib_opf_case162_ieee_dtc; single_stage_power_flow_disruption; neg_weight; 3; 162; 259; 9542.059999999996; ((56, 79, 91), 9); 0.0; 1; 1; 0; 162; 1
pglib_opf_case162_ieee_dtc; single_stage_power_flow_disruption; neg_weight; 3; 162; 259; 9542.059999999996; ((148, 149, 163), 155); 706.1312585020896; 5; 24; 0; 148; 11
pglib_opf_case162_ieee_dtc; single_stage_power_flow_disruption; neg_weight; 3; 162; 259; 9542.059999999996; ((148, 150, 164), 189); 4793.823686934599; 8; 80; 0; 109; 28
pglib_opf_case162_ieee_dtc; single_stage_power_flow_disruption; neg_weight; 3; 162; 259; 9542.059999999996; ((148, 151, 165), 24); 0.0; 1; 1; 0; 162; 1
pglib_opf_case162_ieee_dtc; single_stage_power_flow_disruption; neg_weight; 3; 162; 259; 9542.059999999996; ((60, 61, 94), 104); 0.0; 2; 2; 0; 162; 1
pglib_opf_case162_ieee_dtc; single_stage_power_flow_disruption; neg_weight; 3; 162; 259; 9542.059999999996; ((60, 62, 95), 72); 0.0; 2; 2; 0; 162; 1
pglib_opf_case162_ieee_dtc; single_stage_power_flow_disruption; neg_weight; 3; 162; 259; 9542.059999999996; ((60, 59, 214), 65); 0.0; 2; 2; 0; 162; 1
pglib_opf_case162_ieee_dtc; single_stage_power_flow_disruption; neg_weight; 3; 162; 259; 9542.059999999996; ((60, 59, 215), 109); 416.82870260720483; 5; 11; 0; 160; 4
pglib_opf_case162_ieee_dtc; single_stage_power_flow_disruption; neg_weight; 3; 162; 259; 9542.059999999996; ((63, 64, 97), 111); 321.5069170388888; 5; 7; 0; 160; 3
pglib_opf_case162_ieee_dtc; single_stage_power_flow_disruption; neg_weight; 3; 162; 259; 9542.059999999996; ((63, 65, 98), 111); 321.5069170388888; 5; 7; 0; 160; 3
pglib_opf_case162_ieee_dtc; single_stage_power_flow_disruption; neg_weight; 3; 162; 259; 9542.059999999996; ((65, 10, 222), 111); 321.5069170388888; 5; 7; 0; 160; 3
pglib_opf_case162_ieee_dtc; single_stage_power_flow_disruption; neg_weight; 3; 162; 259; 9542.059999999996; ((67, 68, 101), 72); 0.0; 1; 1; 0; 162; 1
pglib_opf_case162_ieee_dtc; single_stage_power_flow_disruption; neg_weight; 3; 162; 259; 9542.059999999996; ((68, 76, 102), 91); 0.0; 1; 1; 0; 162; 1
pglib_opf_case162_ieee_dtc; single_stage_power_flow_disruption; neg_weight; 3; 162; 259; 9542.059999999996; ((68, 77, 103), 35); 0.0; 1; 1; 0; 162; 1
pglib_opf_case162_ieee_dtc; single_stage_power_flow_disruption; neg_weight; 3; 162; 259; 9542.059999999996; ((68, 78, 104), 128); 0.0; 1; 1; 0; 162; 1
pglib_opf_case162_ieee_dtc; single_stage_power_flow_disruption; neg_weight; 3; 162; 259; 9542.059999999996; ((77, 78, 111), 121); 0.0; 1; 1; 0; 162; 1
pglib_opf_case162_ieee_dtc; single_stage_power_flow_disruption; neg_weight; 3; 162; 259; 9542.059999999996; ((77, 79, 112), 7); 0.0; 1; 1; 0; 162; 1
pglib_opf_case162_ieee_dtc; single_stage_power_flow_disruption; neg_weight; 3; 162; 259; 9542.059999999996; ((69, 148, 105), 52); 0.0; 1; 1; 0; 162; 1
pglib_opf_case162_ieee_dtc; single_stage_power_flow_disruption; neg_weight; 3; 162; 259; 9542.059999999996; ((69, 148, 106), 52); 0.0; 1; 1; 0; 162; 1
pglib_opf_case162_ieee_dtc; single_stage_power_flow_disruption; neg_weight; 3; 162; 259; 9542.059999999996; ((69, 72, 223), 187); 443.82546233037283; 5; 8; 0; 158; 4
pglib_opf_case162_ieee_dtc; single_stage_power_flow_disruption; neg_weight; 3; 162; 259; 9542.059999999996; ((69, 152, 256), 41); 0.0; 1; 1; 0; 162; 1
pglib_opf_case162_ieee_dtc; single_stage_power_flow_disruption; neg_weight; 3; 162; 259; 9542.059999999996; ((69, 152, 257), 41); 0.0; 1; 1; 0; 162; 1
pglib_opf_case162_ieee_dtc; single_stage_power_flow_disruption; neg_weight; 3; 162; 259; 9542.059999999996; ((70, 84, 107), 120); 851.7845473698562; 6; 30; 0; 141; 17
pglib_opf_case162_ieee_dtc; single_stage_power_flow_disruption; neg_weight; 3; 162; 259; 9542.059999999996; ((70, 149, 108), 150); 701.3260176879667; 5; 24; 0; 149; 11
pglib_opf_case162_ieee_dtc; single_stage_power_flow_disruption; neg_weight; 3; 162; 259; 9542.059999999996; ((84, 85, 115), 80); 630.5803083476276; 6; 14; 0; 150; 7
pglib_opf_case162_ieee_dtc; single_stage_power_flow_disruption; neg_weight; 3; 162; 259; 9542.059999999996; ((71, 151, 109), 18); 0.0; 1; 1; 0; 162; 1
pglib_opf_case162_ieee_dtc; single_stage_power_flow_disruption; neg_weight; 3; 162; 259; 9542.059999999996; ((127, 71, 247), 409); 5474.201239697732; 8; 95; 0; 103; 37
pglib_opf_case162_ieee_dtc; single_stage_power_flow_disruption; neg_weight; 3; 162; 259; 9542.059999999996; ((92, 107, 231), 600); 599.9999999899919; 1; 1; 0; 161; 2
pglib_opf_case162_ieee_dtc; single_stage_power_flow_disruption; neg_weight; 3; 162; 259; 9542.059999999996; ((92, 97, 236), 244); 523.4050535713886; 4; 12; 0; 158; 6
pglib_opf_case162_ieee_dtc; single_stage_power_flow_disruption; neg_weight; 3; 162; 259; 9542.059999999996; ((85, 86, 226), 29); 321.5069170388888; 5; 6; 0; 160; 3
pglib_opf_case162_ieee_dtc; single_stage_power_flow_disruption; neg_weight; 3; 162; 259; 9542.059999999996; ((85, 87, 227), 7); 435.8464736259484; 5; 7; 0; 160; 4
pglib_opf_case162_ieee_dtc; single_stage_power_flow_disruption; neg_weight; 3; 162; 259; 9542.059999999996; ((85, 88, 229), 50); 50.20999999999913; 1; 1; 0; 160; 2
pglib_opf_case162_ieee_dtc; single_stage_power_flow_disruption; neg_weight; 3; 162; 259; 9542.059999999996; ((88, 89, 116), 50); 50.20999999999913; 1; 1; 0; 161; 2
pglib_opf_case162_ieee_dtc; single_stage_power_flow_disruption; neg_weight; 3; 162; 259; 9542.059999999996; ((90, 91, 117), 29); 0.0; 1; 1; 0; 162; 1
pglib_opf_case162_ieee_dtc; single_stage_power_flow_disruption; neg_weight; 3; 162; 259; 9542.059999999996; ((90, 92, 118), 95); 981.4530247242619; 6; 24; 0; 144; 15
pglib_opf_case162_ieee_dtc; single_stage_power_flow_disruption; neg_weight; 3; 162; 259; 9542.059999999996; ((90, 93, 119), 16); 0.0; 1; 1; 0; 162; 1
pglib_opf_case162_ieee_dtc; single_stage_power_flow_disruption; neg_weight; 3; 162; 259; 9542.059999999996; ((91, 101, 120), 8); 0.0; 1; 1; 0; 162; 1
pglib_opf_case162_ieee_dtc; single_stage_power_flow_disruption; neg_weight; 3; 162; 259; 9542.059999999996; ((93, 102, 121), 25); 321.5069170388888; 5; 7; 0; 160; 3
pglib_opf_case162_ieee_dtc; single_stage_power_flow_disruption; neg_weight; 3; 162; 259; 9542.059999999996; ((93, 106, 122), 83); 375.1803083476261; 4; 9; 0; 159; 5
pglib_opf_case162_ieee_dtc; single_stage_power_flow_disruption; neg_weight; 3; 162; 259; 9542.059999999996; ((106, 121, 129), 61); 321.50691703888697; 3; 4; 0; 160; 3
pglib_opf_case162_ieee_dtc; single_stage_power_flow_disruption; neg_weight; 3; 162; 259; 9542.059999999996; ((94, 95, 123), 109); 108.99999999999818; 1; 1; 0; 162; 2
pglib_opf_case162_ieee_dtc; single_stage_power_flow_disruption; neg_weight; 3; 162; 259; 9542.059999999996; ((94, 97, 124), 76); 76.2000000099979; 1; 1; 0; 162; 2
pglib_opf_case162_ieee_dtc; single_stage_power_flow_disruption; neg_weight; 3; 162; 259; 9542.059999999996; ((94, 98, 233), 150); 372.48382129370293; 2; 2; 0; 161; 3
pglib_opf_case162_ieee_dtc; single_stage_power_flow_disruption; neg_weight; 3; 162; 259; 9542.059999999996; ((95, 100, 234), 10); 129.27258096319565; 2; 2; 0; 160; 3
pglib_opf_case162_ieee_dtc; single_stage_power_flow_disruption; neg_weight; 3; 162; 259; 9542.059999999996; ((97, 104, 125), 17); 0.0; 1; 1; 0; 162; 1
pglib_opf_case162_ieee_dtc; single_stage_power_flow_disruption; neg_weight; 3; 162; 259; 9542.059999999996; ((99, 103, 126), 23); 23.209999999999127; 1; 1; 0; 161; 2
pglib_opf_case162_ieee_dtc; single_stage_power_flow_disruption; neg_weight; 3; 162; 259; 9542.059999999996; ((121, 122, 144), 14); 274.1763770087473; 4; 4; 0; 161; 3
pglib_opf_case162_ieee_dtc; single_stage_power_flow_disruption; neg_weight; 3; 162; 259; 9542.059999999996; ((123, 124, 145), 10); 0.0; 1; 1; 0; 162; 1
pglib_opf_case162_ieee_dtc; single_stage_power_flow_disruption; neg_weight; 3; 162; 259; 9542.059999999996; ((123, 125, 146), 15); 0.0; 1; 1; 0; 162; 1
pglib_opf_case162_ieee_dtc; single_stage_power_flow_disruption; neg_weight; 3; 162; 259; 9542.059999999996; ((123, 42, 209), 46); 0.0; 1; 1; 0; 162; 1
pglib_opf_case162_ieee_dtc; single_stage_power_flow_disruption; neg_weight; 3; 162; 259; 9542.059999999996; ((123, 102, 237), 408); 1481.5369512079797; 5; 34; 0; 137; 16
pglib_opf_case162_ieee_dtc; single_stage_power_flow_disruption; neg_weight; 3; 162; 259; 9542.059999999996; ((109, 110, 132), 88); 0.0; 1; 1; 0; 162; 1
pglib_opf_case162_ieee_dtc; single_stage_power_flow_disruption; neg_weight; 3; 162; 259; 9542.059999999996; ((109, 133, 133), 96); 0.0; 1; 1; 0; 162; 1
pglib_opf_case162_ieee_dtc; single_stage_power_flow_disruption; neg_weight; 3; 162; 259; 9542.059999999996; ((109, 140, 134), 135); 335.39174339713827; 4; 6; 0; 153; 4
pglib_opf_case162_ieee_dtc; single_stage_power_flow_disruption; neg_weight; 3; 162; 259; 9542.059999999996; ((109, 113, 242), 150); 408.56626694107035; 5; 7; 0; 158; 4
pglib_opf_case162_ieee_dtc; single_stage_power_flow_disruption; neg_weight; 3; 162; 259; 9542.059999999996; ((109, 137, 250), 83); 0.0; 1; 1; 0; 162; 1
pglib_opf_case162_ieee_dtc; single_stage_power_flow_disruption; neg_weight; 3; 162; 259; 9542.059999999996; ((110, 114, 135), 23); 0.0; 1; 1; 0; 162; 1
pglib_opf_case162_ieee_dtc; single_stage_power_flow_disruption; neg_weight; 3; 162; 259; 9542.059999999996; ((133, 132, 249), 57); 0.0; 1; 1; 0; 162; 1
pglib_opf_case162_ieee_dtc; single_stage_power_flow_disruption; neg_weight; 3; 162; 259; 9542.059999999996; ((114, 116, 139), 204); 0.0; 1; 1; 0; 162; 1
pglib_opf_case162_ieee_dtc; single_stage_power_flow_disruption; neg_weight; 3; 162; 259; 9542.059999999996; ((116, 146, 142), 119); 0.0; 1; 1; 0; 162; 1
pglib_opf_case162_ieee_dtc; single_stage_power_flow_disruption; neg_weight; 3; 162; 259; 9542.059999999996; ((115, 116, 140), 17); 0.0; 1; 1; 0; 162; 1
pglib_opf_case162_ieee_dtc; single_stage_power_flow_disruption; neg_weight; 3; 162; 259; 9542.059999999996; ((115, 146, 141), 97); 0.0; 1; 1; 0; 162; 1
pglib_opf_case162_ieee_dtc; single_stage_power_flow_disruption; neg_weight; 3; 162; 259; 9542.059999999996; ((115, 147, 253), 120); 229.12827418818233; 2; 2; 0; 161; 3
pglib_opf_case162_ieee_dtc; single_stage_power_flow_disruption; neg_weight; 3; 162; 259; 9542.059999999996; ((132, 134, 149), 6); 0.0; 1; 1; 0; 162; 1
pglib_opf_case162_ieee_dtc; single_stage_power_flow_disruption; neg_weight; 3; 162; 259; 9542.059999999996; ((132, 135, 150), 8); 0.0; 1; 1; 0; 162; 1
pglib_opf_case162_ieee_dtc; single_stage_power_flow_disruption; neg_weight; 3; 162; 259; 9542.059999999996; ((132, 136, 151), 13); 0.0; 1; 1; 0; 162; 1
pglib_opf_case162_ieee_dtc; single_stage_power_flow_disruption; neg_weight; 3; 162; 259; 9542.059999999996; ((134, 137, 152), 14); 0.0; 1; 1; 0; 162; 1
pglib_opf_case162_ieee_dtc; single_stage_power_flow_disruption; neg_weight; 3; 162; 259; 9542.059999999996; ((135, 138, 153), 12); 0.0; 1; 1; 0; 162; 1
pglib_opf_case162_ieee_dtc; single_stage_power_flow_disruption; neg_weight; 3; 162; 259; 9542.059999999996; ((136, 139, 154), 7); 0.0; 1; 1; 0; 162; 1
pglib_opf_case162_ieee_dtc; single_stage_power_flow_disruption; neg_weight; 3; 162; 259; 9542.059999999996; ((137, 138, 155), 22); 0.0; 1; 1; 0; 162; 1
pglib_opf_case162_ieee_dtc; single_stage_power_flow_disruption; neg_weight; 3; 162; 259; 9542.059999999996; ((137, 139, 156), 21); 0.0; 1; 1; 0; 162; 1
pglib_opf_case162_ieee_dtc; single_stage_power_flow_disruption; neg_weight; 3; 162; 259; 9542.059999999996; ((137, 144, 157), 26); 0.0; 1; 1; 0; 162; 1
pglib_opf_case162_ieee_dtc; single_stage_power_flow_disruption; neg_weight; 3; 162; 259; 9542.059999999996; ((141, 142, 158), 5); 0.0; 1; 1; 0; 162; 1
pglib_opf_case162_ieee_dtc; single_stage_power_flow_disruption; neg_weight; 3; 162; 259; 9542.059999999996; ((141, 145, 159), 3); 0.0; 1; 1; 0; 162; 1
pglib_opf_case162_ieee_dtc; single_stage_power_flow_disruption; neg_weight; 3; 162; 259; 9542.059999999996; ((142, 143, 160), 26); 0.0; 1; 1; 0; 162; 1
pglib_opf_case162_ieee_dtc; single_stage_power_flow_disruption; neg_weight; 3; 162; 259; 9542.059999999996; ((143, 144, 161), 15); 0.0; 1; 1; 0; 162; 1
pglib_opf_case162_ieee_dtc; single_stage_power_flow_disruption; neg_weight; 3; 162; 259; 9542.059999999996; ((143, 145, 162), 24); 0.0; 1; 1; 0; 162; 1
pglib_opf_case162_ieee_dtc; single_stage_power_flow_disruption; neg_weight; 3; 162; 259; 9542.059999999996; ((150, 160, 166), 165); 4750.347652213362; 8; 76; 0; 132; 25
pglib_opf_case162_ieee_dtc; single_stage_power_flow_disruption; neg_weight; 3; 162; 259; 9542.059999999996; ((160, 161, 176), 133); 4996.171012162953; 9; 66; 0; 137; 23
pglib_opf_case162_ieee_dtc; single_stage_power_flow_disruption; neg_weight; 3; 162; 259; 9542.059999999996; ((152, 153, 167), 38); 0.0; 1; 1; 0; 162; 1
pglib_opf_case162_ieee_dtc; single_stage_power_flow_disruption; neg_weight; 3; 162; 259; 9542.059999999996; ((152, 154, 168), 41); 86.40000000000146; 4; 6; 0; 156; 4
pglib_opf_case162_ieee_dtc; single_stage_power_flow_disruption; neg_weight; 3; 162; 259; 9542.059999999996; ((153, 155, 169), 15); 0.0; 1; 1; 0; 162; 1
pglib_opf_case162_ieee_dtc; single_stage_power_flow_disruption; neg_weight; 3; 162; 259; 9542.059999999996; ((153, 159, 170), 25); 0.0; 1; 1; 0; 162; 1
pglib_opf_case162_ieee_dtc; single_stage_power_flow_disruption; neg_weight; 3; 162; 259; 9542.059999999996; ((154, 155, 171), 29); 0.0; 1; 1; 0; 162; 1
pglib_opf_case162_ieee_dtc; single_stage_power_flow_disruption; neg_weight; 3; 162; 259; 9542.059999999996; ((155, 156, 172), 6); 0.0; 1; 1; 0; 162; 1
pglib_opf_case162_ieee_dtc; single_stage_power_flow_disruption; neg_weight; 3; 162; 259; 9542.059999999996; ((157, 158, 174), 2); 0.0; 1; 1; 0; 162; 1
pglib_opf_case162_ieee_dtc; single_stage_power_flow_disruption; neg_weight; 3; 162; 259; 9542.059999999996; ((158, 159, 175), 10); 0.0; 1; 1; 0; 162; 1
