pglib_opf_case300_ieee; two_stage_power_flow_disruption; neg_weight; 4; 300; 384; 23848.950000000004; ((265, 269, 0), 10); 4878.919837804067; 5; 15; 0; 295; 12
pglib_opf_case300_ieee; two_stage_power_flow_disruption; neg_weight; 4; 300; 384; 23848.950000000004; ((265, 270, 263), 26); 5218.719865773692; 5; 25; 0; 266; 19
pglib_opf_case300_ieee; two_stage_power_flow_disruption; neg_weight; 4; 300; 384; 23848.950000000004; ((265, 272, 264), 17); 5211.170634015598; 5; 25; 0; 275; 19
pglib_opf_case300_ieee; two_stage_power_flow_disruption; neg_weight; 4; 300; 384; 23848.950000000004; ((269, 291, 265), 36); 5226.972699175843; 5; 25; 0; 283; 19
pglib_opf_case300_ieee; two_stage_power_flow_disruption; neg_weight; 4; 300; 384; 23848.950000000004; ((269, 292, 266), 30); 5222.16337499666; 5; 25; 0; 283; 19
pglib_opf_case300_ieee; two_stage_power_flow_disruption; neg_weight; 4; 300; 384; 23848.950000000004; ((269, 293, 267), 28); 5220.3174553891295; 5; 25; 0; 282; 19
pglib_opf_case300_ieee; two_stage_power_flow_disruption; neg_weight; 4; 300; 384; 23848.950000000004; ((269, 294, 268), 84); 5681.087733651144; 5; 31; 0; 285; 18
pglib_opf_case300_ieee; two_stage_power_flow_disruption; neg_weight; 4; 300; 384; 23848.950000000004; ((269, 295, 269), 0); 2.1827872842550278e-10; 2; 2; 0; 299; 2
pglib_opf_case300_ieee; two_stage_power_flow_disruption; neg_weight; 4; 300; 384; 23848.950000000004; ((270, 271, 1), 9); 0.0; 2; 2; 0; 300; 1
pglib_opf_case300_ieee; two_stage_power_flow_disruption; neg_weight; 4; 300; 384; 23848.950000000004; ((270, 267, 2), 8); 0.0; 2; 2; 0; 300; 1
pglib_opf_case300_ieee; two_stage_power_flow_disruption; neg_weight; 4; 300; 384; 23848.950000000004; ((270, 267, 3), 8); 0.0; 2; 2; 0; 300; 1
pglib_opf_case300_ieee; two_stage_power_flow_disruption; neg_weight; 4; 300; 384; 23848.950000000004; ((271, 267, 8), 7); 0.0; 2; 2; 0; 300; 1
pglib_opf_case300_ieee; two_stage_power_flow_disruption; neg_weight; 4; 300; 384; 23848.950000000004; ((271, 296, 274), 1); 4880.821136745468; 5; 15; 0; 294; 12
pglib_opf_case300_ieee; two_stage_power_flow_disruption; neg_weight; 4; 300; 384; 23848.950000000004; ((271, 297, 275), 1); 4880.821136745468; 5; 15; 0; 294; 12
pglib_opf_case300_ieee; two_stage_power_flow_disruption; neg_weight; 4; 300; 384; 23848.950000000004; ((267, 290, 9), 4); 4883.596686844245; 5; 15; 0; 290; 12
pglib_opf_case300_ieee; two_stage_power_flow_disruption; neg_weight; 4; 300; 384; 23848.950000000004; ((267, 279, 276), 2); 4881.552872680601; 5; 15; 0; 294; 12
pglib_opf_case300_ieee; two_stage_power_flow_disruption; neg_weight; 4; 300; 384; 23848.950000000004; ((267, 280, 277), 1); 4881.149156302599; 5; 15; 0; 294; 12
pglib_opf_case300_ieee; two_stage_power_flow_disruption; neg_weight; 4; 300; 384; 23848.950000000004; ((267, 281, 278), 2); 4881.5949264699775; 5; 15; 0; 294; 12
pglib_opf_case300_ieee; two_stage_power_flow_disruption; neg_weight; 4; 300; 384; 23848.950000000004; ((267, 282, 282), 2); 4881.292139186473; 5; 15; 0; 294; 12
pglib_opf_case300_ieee; two_stage_power_flow_disruption; neg_weight; 4; 300; 384; 23848.950000000004; ((267, 283, 283), 2); 4881.393068280977; 5; 15; 0; 294; 12
pglib_opf_case300_ieee; two_stage_power_flow_disruption; neg_weight; 4; 300; 384; 23848.950000000004; ((267, 284, 284), 3); 4882.469645288984; 5; 15; 0; 294; 12
pglib_opf_case300_ieee; two_stage_power_flow_disruption; neg_weight; 4; 300; 384; 23848.950000000004; ((267, 285, 285), 2); 4881.569694196354; 5; 15; 0; 294; 12
pglib_opf_case300_ieee; two_stage_power_flow_disruption; neg_weight; 4; 300; 384; 23848.950000000004; ((267, 286, 286), 3); 4882.20891179486; 5; 15; 0; 294; 12
pglib_opf_case300_ieee; two_stage_power_flow_disruption; neg_weight; 4; 300; 384; 23848.950000000004; ((272, 266, 4), 6); 0.0; 2; 2; 0; 300; 1
pglib_opf_case300_ieee; two_stage_power_flow_disruption; neg_weight; 4; 300; 384; 23848.950000000004; ((272, 266, 5), 6); 0.0; 2; 2; 0; 300; 1
pglib_opf_case300_ieee; two_stage_power_flow_disruption; neg_weight; 4; 300; 384; 23848.950000000004; ((272, 298, 11), 4); 4883.11727364537; 5; 15; 0; 294; 12
pglib_opf_case300_ieee; two_stage_power_flow_disruption; neg_weight; 4; 300; 384; 23848.950000000004; ((266, 273, 6), 7); 4886.06103890164; 5; 15; 0; 290; 12
pglib_opf_case300_ieee; two_stage_power_flow_disruption; neg_weight; 4; 300; 384; 23848.950000000004; ((266, 276, 271), 1); 4881.115513271096; 5; 15; 0; 294; 12
pglib_opf_case300_ieee; two_stage_power_flow_disruption; neg_weight; 4; 300; 384; 23848.950000000004; ((273, 275, 7), 1); 4880.711796893091; 5; 15; 0; 292; 12
pglib_opf_case300_ieee; two_stage_power_flow_disruption; neg_weight; 4; 300; 384; 23848.950000000004; ((273, 274, 270), 2); 4881.2753176707265; 5; 15; 0; 294; 12
pglib_opf_case300_ieee; two_stage_power_flow_disruption; neg_weight; 4; 300; 384; 23848.950000000004; ((275, 277, 272), 0); 0.47000000000480213; 2; 2; 0; 299; 2
pglib_opf_case300_ieee; two_stage_power_flow_disruption; neg_weight; 4; 300; 384; 23848.950000000004; ((275, 278, 273), 0); 0.47000000000480213; 2; 2; 0; 299; 2
pglib_opf_case300_ieee; two_stage_power_flow_disruption; neg_weight; 4; 300; 384; 23848.950000000004; ((290, 268, 10), 4); 4883.596686844245; 5; 15; 0; 291; 12
pglib_opf_case300_ieee; two_stage_power_flow_disruption; neg_weight; 4; 300; 384; 23848.950000000004; ((268, 287, 279), 1); 4880.812725987598; 5; 15; 0; 294; 12
pglib_opf_case300_ieee; two_stage_power_flow_disruption; neg_weight; 4; 300; 384; 23848.950000000004; ((268, 288, 280), 1); 5063.818657483374; 7; 16; 0; 290; 13
pglib_opf_case300_ieee; two_stage_power_flow_disruption; neg_weight; 4; 300; 384; 23848.950000000004; ((268, 289, 281), 2); 4881.266906912842; 5; 15; 0; 294; 12
pglib_opf_case300_ieee; two_stage_power_flow_disruption; neg_weight; 4; 300; 384; 23848.950000000004; ((0, 4, 12), 42); 0.0; 2; 2; 0; 300; 1
pglib_opf_case300_ieee; two_stage_power_flow_disruption; neg_weight; 4; 300; 384; 23848.950000000004; ((0, 246, 371), 0); 4.456524038687348e-09; 2; 2; 0; 299; 2
pglib_opf_case300_ieee; two_stage_power_flow_disruption; neg_weight; 4; 300; 384; 23848.950000000004; ((4, 8, 18), 138); 0.0; 2; 2; 0; 300; 1
pglib_opf_case300_ieee; two_stage_power_flow_disruption; neg_weight; 4; 300; 384; 23848.950000000004; ((1, 5, 13), 120); 5807.096648985324; 5; 35; 0; 279; 22
pglib_opf_case300_ieee; two_stage_power_flow_disruption; neg_weight; 4; 300; 384; 23848.950000000004; ((1, 7, 14), 494); 7378.744288055845; 7; 33; 0; 282; 21
pglib_opf_case300_ieee; two_stage_power_flow_disruption; neg_weight; 4; 300; 384; 23848.950000000004; ((1, 247, 365), 670); 7564.549439055874; 6; 29; 0; 291; 17
pglib_opf_case300_ieee; two_stage_power_flow_disruption; neg_weight; 4; 300; 384; 23848.950000000004; ((7, 13, 20), 431); 7280.416089886719; 7; 33; 0; 282; 21
pglib_opf_case300_ieee; two_stage_power_flow_disruption; neg_weight; 4; 300; 384; 23848.950000000004; ((2, 6, 15), 106); 0.0; 2; 2; 0; 300; 1
pglib_opf_case300_ieee; two_stage_power_flow_disruption; neg_weight; 4; 300; 384; 23848.950000000004; ((2, 17, 16), 152); 0.0; 2; 2; 0; 300; 1
pglib_opf_case300_ieee; two_stage_power_flow_disruption; neg_weight; 4; 300; 384; 23848.950000000004; ((2, 0, 312), 132); 0.0; 2; 2; 0; 300; 1
pglib_opf_case300_ieee; two_stage_power_flow_disruption; neg_weight; 4; 300; 384; 23848.950000000004; ((2, 248, 366), 1401); 8651.09839487672; 6; 43; 0; 269; 26
pglib_opf_case300_ieee; two_stage_power_flow_disruption; neg_weight; 4; 300; 384; 23848.950000000004; ((6, 11, 19), 68); 0.0; 2; 2; 0; 300; 1
pglib_opf_case300_ieee; two_stage_power_flow_disruption; neg_weight; 4; 300; 384; 23848.950000000004; ((6, 4, 314), 174); 0.0; 2; 2; 0; 300; 1
pglib_opf_case300_ieee; two_stage_power_flow_disruption; neg_weight; 4; 300; 384; 23848.950000000004; ((17, 19, 28), 197); 0.0; 2; 2; 0; 300; 1
pglib_opf_case300_ieee; two_stage_power_flow_disruption; neg_weight; 4; 300; 384; 23848.950000000004; ((17, 71, 29), 350); 5007.288677039265; 5; 32; 0; 282; 19
pglib_opf_case300_ieee; two_stage_power_flow_disruption; neg_weight; 4; 300; 384; 23848.950000000004; ((3, 15, 17), 991); 7547.26130372328; 6; 37; 0; 273; 23
pglib_opf_case300_ieee; two_stage_power_flow_disruption; neg_weight; 4; 300; 384; 23848.950000000004; ((3, 2, 313), 991); 7547.26130372328; 6; 37; 0; 273; 23
pglib_opf_case300_ieee; two_stage_power_flow_disruption; neg_weight; 4; 300; 384; 23848.950000000004; ((15, 35, 27), 694); 6398.249977771877; 6; 28; 0; 290; 16
pglib_opf_case300_ieee; two_stage_power_flow_disruption; neg_weight; 4; 300; 384; 23848.950000000004; ((15, 14, 318), 297); 5282.000746055091; 5; 34; 0; 282; 20
pglib_opf_case300_ieee; two_stage_power_flow_disruption; neg_weight; 4; 300; 384; 23848.950000000004; ((8, 10, 21), 234); 0.0; 2; 2; 0; 300; 1
pglib_opf_case300_ieee; two_stage_power_flow_disruption; neg_weight; 4; 300; 384; 23848.950000000004; ((11, 19, 23), 483); 6758.954346356673; 8; 33; 0; 283; 18
pglib_opf_case300_ieee; two_stage_power_flow_disruption; neg_weight; 4; 300; 384; 23848.950000000004; ((11, 9, 316), 76); 0.0; 2; 2; 0; 300; 1
pglib_opf_case300_ieee; two_stage_power_flow_disruption; neg_weight; 4; 300; 384; 23848.950000000004; ((11, 250, 377), 626); 6443.4442800545585; 6; 25; 0; 293; 14
pglib_opf_case300_ieee; two_stage_power_flow_disruption; neg_weight; 4; 300; 384; 23848.950000000004; ((13, 14, 25), 271); 6450.272920296484; 7; 31; 0; 284; 19
pglib_opf_case300_ieee; two_stage_power_flow_disruption; neg_weight; 4; 300; 384; 23848.950000000004; ((10, 12, 22), 274); 0.0; 2; 2; 0; 300; 1
pglib_opf_case300_ieee; two_stage_power_flow_disruption; neg_weight; 4; 300; 384; 23848.950000000004; ((10, 249, 373), 668); 6475.182954058459; 6; 25; 0; 293; 14
pglib_opf_case300_ieee; two_stage_power_flow_disruption; neg_weight; 4; 300; 384; 23848.950000000004; ((12, 18, 24), 216); 0.0; 2; 2; 0; 300; 1
pglib_opf_case300_ieee; two_stage_power_flow_disruption; neg_weight; 4; 300; 384; 23848.950000000004; ((19, 22, 32), 254); 0.0; 2; 2; 0; 300; 1
pglib_opf_case300_ieee; two_stage_power_flow_disruption; neg_weight; 4; 300; 384; 23848.950000000004; ((19, 18, 319), 462); 0.0; 2; 2; 0; 300; 1
pglib_opf_case300_ieee; two_stage_power_flow_disruption; neg_weight; 4; 300; 384; 23848.950000000004; ((18, 20, 30), 33); 0.0; 2; 2; 0; 300; 1
pglib_opf_case300_ieee; two_stage_power_flow_disruption; neg_weight; 4; 300; 384; 23848.950000000004; ((18, 25, 31), 40); 0.0; 2; 2; 0; 300; 1
pglib_opf_case300_ieee; two_stage_power_flow_disruption; neg_weight; 4; 300; 384; 23848.950000000004; ((14, 73, 26), 62); 5309.92080082286; 5; 25; 0; 282; 19
pglib_opf_case300_ieee; two_stage_power_flow_disruption; neg_weight; 4; 300; 384; 23848.950000000004; ((14, 16, 317), 380); 5183.582325393894; 5; 27; 0; 290; 16
pglib_opf_case300_ieee; two_stage_power_flow_disruption; neg_weight; 4; 300; 384; 23848.950000000004; ((73, 75, 107), 17); 5229.133515328729; 5; 25; 0; 283; 19
pglib_opf_case300_ieee; two_stage_power_flow_disruption; neg_weight; 4; 300; 384; 23848.950000000004; ((35, 39, 58), 694); 6398.249977772044; 6; 28; 0; 290; 16
pglib_opf_case300_ieee; two_stage_power_flow_disruption; neg_weight; 4; 300; 384; 23848.950000000004; ((71, 77, 328), 118); 5007.288677039265; 6; 34; 0; 281; 20
pglib_opf_case300_ieee; two_stage_power_flow_disruption; neg_weight; 4; 300; 384; 23848.950000000004; ((20, 21, 33), 48); 0.0; 2; 2; 0; 300; 1
pglib_opf_case300_ieee; two_stage_power_flow_disruption; neg_weight; 4; 300; 384; 23848.950000000004; ((22, 230, 35), 116); 5799.4891355662985; 5; 35; 0; 279; 22
pglib_opf_case300_ieee; two_stage_power_flow_disruption; neg_weight; 4; 300; 384; 23848.950000000004; ((22, 21, 320), 174); 0.0; 2; 2; 0; 300; 1
pglib_opf_case300_ieee; two_stage_power_flow_disruption; neg_weight; 4; 300; 384; 23848.950000000004; ((22, 253, 370), 543); 6870.953330458335; 7; 32; 0; 275; 20
pglib_opf_case300_ieee; two_stage_power_flow_disruption; neg_weight; 4; 300; 384; 23848.950000000004; ((21, 23, 34), 104); 0.0; 2; 2; 0; 300; 1
pglib_opf_case300_ieee; two_stage_power_flow_disruption; neg_weight; 4; 300; 384; 23848.950000000004; ((21, 252, 374), 0); 7.712515071034431e-10; 2; 2; 0; 299; 2
pglib_opf_case300_ieee; two_stage_power_flow_disruption; neg_weight; 4; 300; 384; 23848.950000000004; ((23, 24, 36), 59); 0.0; 2; 2; 0; 300; 1
pglib_opf_case300_ieee; two_stage_power_flow_disruption; neg_weight; 4; 300; 384; 23848.950000000004; ((24, 25, 37), 29); 0.0; 2; 2; 0; 300; 1
pglib_opf_case300_ieee; two_stage_power_flow_disruption; neg_weight; 4; 300; 384; 23848.950000000004; ((24, 231, 38), 2); 4884.339767542853; 5; 15; 0; 294; 12
pglib_opf_case300_ieee; two_stage_power_flow_disruption; neg_weight; 4; 300; 384; 23848.950000000004; ((26, 31, 39), 16); 0.0; 2; 2; 0; 300; 1
pglib_opf_case300_ieee; two_stage_power_flow_disruption; neg_weight; 4; 300; 384; 23848.950000000004; ((26, 33, 40), 17); 0.0; 2; 2; 0; 300; 1
pglib_opf_case300_ieee; two_stage_power_flow_disruption; neg_weight; 4; 300; 384; 23848.950000000004; ((26, 34, 41), 88); 0.0; 2; 2; 0; 300; 1
pglib_opf_case300_ieee; two_stage_power_flow_disruption; neg_weight; 4; 300; 384; 23848.950000000004; ((31, 34, 52), 107); 0.0; 2; 2; 0; 300; 1
pglib_opf_case300_ieee; two_stage_power_flow_disruption; neg_weight; 4; 300; 384; 23848.950000000004; ((31, 36, 53), 45); 0.0; 1; 1; 0; 300; 1
pglib_opf_case300_ieee; two_stage_power_flow_disruption; neg_weight; 4; 300; 384; 23848.950000000004; ((33, 41, 55), 33); 0.0; 1; 1; 0; 300; 1
pglib_opf_case300_ieee; two_stage_power_flow_disruption; neg_weight; 4; 300; 384; 23848.950000000004; ((34, 42, 56), 142); 6979.729033905329; 8; 36; 0; 291; 18
pglib_opf_case300_ieee; two_stage_power_flow_disruption; neg_weight; 4; 300; 384; 23848.950000000004; ((34, 43, 57), 150); 6979.729033905325; 7; 35; 0; 292; 17
pglib_opf_case300_ieee; two_stage_power_flow_disruption; neg_weight; 4; 300; 384; 23848.950000000004; ((27, 35, 42), 0); 0.0; 2; 2; 0; 299; 2
pglib_opf_case300_ieee; two_stage_power_flow_disruption; neg_weight; 4; 300; 384; 23848.950000000004; ((28, 59, 43), 20); 0.0; 2; 2; 0; 300; 1
pglib_opf_case300_ieee; two_stage_power_flow_disruption; neg_weight; 4; 300; 384; 23848.950000000004; ((28, 62, 44), 113); 0.0; 2; 2; 0; 300; 1
pglib_opf_case300_ieee; two_stage_power_flow_disruption; neg_weight; 4; 300; 384; 23848.950000000004; ((28, 63, 45), 133); 0.0; 2; 2; 0; 300; 1
pglib_opf_case300_ieee; two_stage_power_flow_disruption; neg_weight; 4; 300; 384; 23848.950000000004; ((59, 63, 87), 59); 0.0; 2; 2; 0; 300; 1
pglib_opf_case300_ieee; two_stage_power_flow_disruption; neg_weight; 4; 300; 384; 23848.950000000004; ((59, 237, 88), 14); 4420.054287675943; 6; 17; 0; 291; 14
pglib_opf_case300_ieee; two_stage_power_flow_disruption; neg_weight; 4; 300; 384; 23848.950000000004; ((62, 63, 93), 126); 0.0; 2; 2; 0; 300; 1
pglib_opf_case300_ieee; two_stage_power_flow_disruption; neg_weight; 4; 300; 384; 23848.950000000004; ((63, 64, 94), 548); 6448.262697753209; 8; 30; 0; 290; 16
pglib_opf_case300_ieee; two_stage_power_flow_disruption; neg_weight; 4; 300; 384; 23848.950000000004; ((63, 66, 95), 138); 3000.7259384341305; 7; 32; 0; 287; 18
pglib_opf_case300_ieee; two_stage_power_flow_disruption; neg_weight; 4; 300; 384; 23848.950000000004; ((63, 238, 96), 11); 7007.15644604469; 7; 32; 0; 281; 20
pglib_opf_case300_ieee; two_stage_power_flow_disruption; neg_weight; 4; 300; 384; 23848.950000000004; ((63, 240, 97), 30); 4433.4654123798355; 7; 17; 0; 291; 14
pglib_opf_case300_ieee; two_stage_power_flow_disruption; neg_weight; 4; 300; 384; 23848.950000000004; ((29, 72, 46), 0); 0.0; 2; 2; 0; 299; 2
pglib_opf_case300_ieee; two_stage_power_flow_disruption; neg_weight; 4; 300; 384; 23848.950000000004; ((30, 31, 47), 76); 0.0; 2; 2; 0; 300; 1
pglib_opf_case300_ieee; two_stage_power_flow_disruption; neg_weight; 4; 300; 384; 23848.950000000004; ((30, 33, 48), 61); 0.0; 2; 2; 0; 300; 1
pglib_opf_case300_ieee; two_stage_power_flow_disruption; neg_weight; 4; 300; 384; 23848.950000000004; ((30, 34, 49), 11); 0.0; 2; 2; 0; 300; 1
pglib_opf_case300_ieee; two_stage_power_flow_disruption; neg_weight; 4; 300; 384; 23848.950000000004; ((30, 42, 50), 339); 6979.729033905325; 7; 36; 0; 291; 18
pglib_opf_case300_ieee; two_stage_power_flow_disruption; neg_weight; 4; 300; 384; 23848.950000000004; ((30, 74, 51), 75); 0.0; 2; 2; 0; 300; 1
pglib_opf_case300_ieee; two_stage_power_flow_disruption; neg_weight; 4; 300; 384; 23848.950000000004; ((30, 265, 262), 52); 5230.973924302321; 5; 24; 0; 286; 18
pglib_opf_case300_ieee; two_stage_power_flow_disruption; neg_weight; 4; 300; 384; 23848.950000000004; ((42, 43, 68), 145); 6972.828443071281; 7; 35; 0; 292; 17
pglib_opf_case300_ieee; two_stage_power_flow_disruption; neg_weight; 4; 300; 384; 23848.950000000004; ((42, 256, 375), 718); 7098.746476216118; 6; 34; 0; 290; 18
pglib_opf_case300_ieee; two_stage_power_flow_disruption; neg_weight; 4; 300; 384; 23848.950000000004; ((74, 76, 108), 9); 0.0; 2; 2; 0; 300; 1
pglib_opf_case300_ieee; two_stage_power_flow_disruption; neg_weight; 4; 300; 384; 23848.950000000004; ((36, 41, 59), 6); 0.0; 2; 2; 0; 300; 1
pglib_opf_case300_ieee; two_stage_power_flow_disruption; neg_weight; 4; 300; 384; 23848.950000000004; ((32, 35, 54), 0); 8.003553375601768e-11; 2; 2; 0; 298; 2
pglib_opf_case300_ieee; two_stage_power_flow_disruption; neg_weight; 4; 300; 384; 23848.950000000004; ((32, 254, 379), 0); 8.003553375601768e-11; 2; 2; 0; 299; 2
pglib_opf_case300_ieee; two_stage_power_flow_disruption; neg_weight; 4; 300; 384; 23848.950000000004; ((41, 86, 67), 3); 0.0; 2; 2; 0; 300; 1
pglib_opf_case300_ieee; two_stage_power_flow_disruption; neg_weight; 4; 300; 384; 23848.950000000004; ((39, 67, 64), 694); 6398.249977772044; 6; 28; 0; 290; 16
pglib_opf_case300_ieee; two_stage_power_flow_disruption; neg_weight; 4; 300; 384; 23848.950000000004; ((37, 40, 60), 122); 4916.31166374655; 6; 16; 0; 292; 12
pglib_opf_case300_ieee; two_stage_power_flow_disruption; neg_weight; 4; 300; 384; 23848.950000000004; ((37, 46, 61), 103); 4739.311663746841; 5; 12; 0; 296; 9
pglib_opf_case300_ieee; two_stage_power_flow_disruption; neg_weight; 4; 300; 384; 23848.950000000004; ((37, 255, 381), 0); 4.389221430756152e-08; 2; 2; 0; 299; 2
pglib_opf_case300_ieee; two_stage_power_flow_disruption; neg_weight; 4; 300; 384; 23848.950000000004; ((40, 60, 65), 2); 0.0; 2; 2; 0; 300; 1
pglib_opf_case300_ieee; two_stage_power_flow_disruption; neg_weight; 4; 300; 384; 23848.950000000004; ((40, 91, 66), 62); 4916.31166374655; 6; 16; 0; 292; 12
pglib_opf_case300_ieee; two_stage_power_flow_disruption; neg_weight; 4; 300; 384; 23848.950000000004; ((46, 47, 71), 182); 4837.7063742384635; 5; 12; 0; 296; 9
pglib_opf_case300_ieee; two_stage_power_flow_disruption; neg_weight; 4; 300; 384; 23848.950000000004; ((38, 51, 62), 447); 6494.907234745759; 6; 32; 0; 287; 20
pglib_opf_case300_ieee; two_stage_power_flow_disruption; neg_weight; 4; 300; 384; 23848.950000000004; ((38, 61, 63), 233); 5670.70731552018; 5; 28; 0; 289; 14
pglib_opf_case300_ieee; two_stage_power_flow_disruption; neg_weight; 4; 300; 384; 23848.950000000004; ((38, 37, 321), 214); 4789.136820343083; 6; 24; 0; 289; 16
pglib_opf_case300_ieee; two_stage_power_flow_disruption; neg_weight; 4; 300; 384; 23848.950000000004; ((51, 53, 77), 447); 6494.907234745759; 6; 32; 0; 287; 20
pglib_opf_case300_ieee; two_stage_power_flow_disruption; neg_weight; 4; 300; 384; 23848.950000000004; ((61, 72, 91), 92); 4728.594001558889; 4; 25; 0; 290; 15
pglib_opf_case300_ieee; two_stage_power_flow_disruption; neg_weight; 4; 300; 384; 23848.950000000004; ((61, 239, 92), 50); 4451.432592519057; 7; 17; 0; 291; 14
pglib_opf_case300_ieee; two_stage_power_flow_disruption; neg_weight; 4; 300; 384; 23848.950000000004; ((61, 60, 324), 91); 0.0; 2; 2; 0; 300; 1
pglib_opf_case300_ieee; two_stage_power_flow_disruption; neg_weight; 4; 300; 384; 23848.950000000004; ((67, 172, 102), 367); 0.0; 2; 2; 0; 300; 1
pglib_opf_case300_ieee; two_stage_power_flow_disruption; neg_weight; 4; 300; 384; 23848.950000000004; ((67, 173, 103), 419); 0.0; 2; 2; 0; 300; 1
pglib_opf_case300_ieee; two_stage_power_flow_disruption; neg_weight; 4; 300; 384; 23848.950000000004; ((67, 72, 325), 92); 4728.594001558893; 4; 25; 0; 290; 15
pglib_opf_case300_ieee; two_stage_power_flow_disruption; neg_weight; 4; 300; 384; 23848.950000000004; ((60, 62, 89), 31); 0.0; 2; 2; 0; 300; 1
pglib_opf_case300_ieee; two_stage_power_flow_disruption; neg_weight; 4; 300; 384; 23848.950000000004; ((60, 65, 90), 89); 0.0; 2; 2; 0; 300; 1
pglib_opf_case300_ieee; two_stage_power_flow_disruption; neg_weight; 4; 300; 384; 23848.950000000004; ((44, 47, 69), 61); 4533.274061784046; 7; 17; 0; 291; 14
pglib_opf_case300_ieee; two_stage_power_flow_disruption; neg_weight; 4; 300; 384; 23848.950000000004; ((47, 48, 72), 115); 4758.79321844568; 5; 12; 0; 296; 9
pglib_opf_case300_ieee; two_stage_power_flow_disruption; neg_weight; 4; 300; 384; 23848.950000000004; ((47, 257, 382), 150); 6268.131376430669; 6; 30; 0; 290; 18
pglib_opf_case300_ieee; two_stage_power_flow_disruption; neg_weight; 4; 300; 384; 23848.950000000004; ((45, 46, 70), 69); 4480.701020160988; 7; 17; 0; 292; 14
pglib_opf_case300_ieee; two_stage_power_flow_disruption; neg_weight; 4; 300; 384; 23848.950000000004; ((48, 49, 73), 252); 5866.410842986104; 5; 26; 0; 286; 15
pglib_opf_case300_ieee; two_stage_power_flow_disruption; neg_weight; 4; 300; 384; 23848.950000000004; ((48, 54, 74), 39); 5864.893744813613; 6; 19; 0; 291; 15
pglib_opf_case300_ieee; two_stage_power_flow_disruption; neg_weight; 4; 300; 384; 23848.950000000004; ((48, 258, 380), 0); 2.510205376893282e-10; 2; 2; 0; 299; 2
pglib_opf_case300_ieee; two_stage_power_flow_disruption; neg_weight; 4; 300; 384; 23848.950000000004; ((49, 50, 75), 266); 5883.771428838369; 5; 26; 0; 286; 15
pglib_opf_case300_ieee; two_stage_power_flow_disruption; neg_weight; 4; 300; 384; 23848.950000000004; ((54, 235, 80), 145); 5166.391127847826; 7; 28; 0; 282; 18
pglib_opf_case300_ieee; two_stage_power_flow_disruption; neg_weight; 4; 300; 384; 23848.950000000004; ((50, 52, 76), 484); 6074.715241358215; 5; 28; 0; 281; 17
pglib_opf_case300_ieee; two_stage_power_flow_disruption; neg_weight; 4; 300; 384; 23848.950000000004; ((52, 259, 367), 1209); 7524.820937764818; 7; 29; 0; 279; 18
pglib_opf_case300_ieee; two_stage_power_flow_disruption; neg_weight; 4; 300; 384; 23848.950000000004; ((53, 55, 78), 177); 6817.134000165395; 6; 28; 0; 286; 16
pglib_opf_case300_ieee; two_stage_power_flow_disruption; neg_weight; 4; 300; 384; 23848.950000000004; ((53, 122, 79), 353); 4253.22109122379; 5; 9; 0; 298; 7
pglib_opf_case300_ieee; two_stage_power_flow_disruption; neg_weight; 4; 300; 384; 23848.950000000004; ((53, 52, 322), 498); 5864.893744813609; 5; 19; 0; 291; 15
pglib_opf_case300_ieee; two_stage_power_flow_disruption; neg_weight; 4; 300; 384; 23848.950000000004; ((53, 260, 368), 479); 6726.017814097177; 6; 34; 0; 274; 23
pglib_opf_case300_ieee; two_stage_power_flow_disruption; neg_weight; 4; 300; 384; 23848.950000000004; ((55, 54, 323), 177); 6817.134000165395; 6; 28; 0; 286; 16
pglib_opf_case300_ieee; two_stage_power_flow_disruption; neg_weight; 4; 300; 384; 23848.950000000004; ((56, 189, 81), 27); 0.0; 2; 2; 0; 300; 1
pglib_opf_case300_ieee; two_stage_power_flow_disruption; neg_weight; 4; 300; 384; 23848.950000000004; ((56, 65, 82), 79); 0.0; 2; 2; 0; 300; 1
pglib_opf_case300_ieee; two_stage_power_flow_disruption; neg_weight; 4; 300; 384; 23848.950000000004; ((56, 179, 352), 52); 0.0; 2; 2; 0; 300; 1
pglib_opf_case300_ieee; two_stage_power_flow_disruption; neg_weight; 4; 300; 384; 23848.950000000004; ((189, 180, 353), 26); 0.0; 2; 2; 0; 300; 1
pglib_opf_case300_ieee; two_stage_power_flow_disruption; neg_weight; 4; 300; 384; 23848.950000000004; ((65, 189, 100), 50); 0.0; 2; 2; 0; 300; 1
pglib_opf_case300_ieee; two_stage_power_flow_disruption; neg_weight; 4; 300; 384; 23848.950000000004; ((57, 58, 83), 84); 4480.316950569089; 7; 17; 0; 290; 14
pglib_opf_case300_ieee; two_stage_power_flow_disruption; neg_weight; 4; 300; 384; 23848.950000000004; ((57, 236, 84), 28); 4432.175889199563; 7; 17; 0; 291; 14
pglib_opf_case300_ieee; two_stage_power_flow_disruption; neg_weight; 4; 300; 384; 23848.950000000004; ((58, 59, 85), 8); 0.0; 2; 2; 0; 300; 1
pglib_opf_case300_ieee; two_stage_power_flow_disruption; neg_weight; 4; 300; 384; 23848.950000000004; ((58, 60, 86), 11); 0.0; 2; 2; 0; 300; 1
pglib_opf_case300_ieee; two_stage_power_flow_disruption; neg_weight; 4; 300; 384; 23848.950000000004; ((58, 261, 383), 203); 7192.22265842721; 7; 33; 0; 281; 20
pglib_opf_case300_ieee; two_stage_power_flow_disruption; neg_weight; 4; 300; 384; 23848.950000000004; ((64, 65, 98), 267); 0.0; 2; 2; 0; 300; 1
pglib_opf_case300_ieee; two_stage_power_flow_disruption; neg_weight; 4; 300; 384; 23848.950000000004; ((64, 68, 99), 815); 6519.277680637468; 6; 27; 0; 290; 16
pglib_opf_case300_ieee; two_stage_power_flow_disruption; neg_weight; 4; 300; 384; 23848.950000000004; ((66, 189, 101), 110); 2960.59903732959; 7; 31; 0; 289; 17
pglib_opf_case300_ieee; two_stage_power_flow_disruption; neg_weight; 4; 300; 384; 23848.950000000004; ((172, 197, 214), 480); 5005.851582655323; 4; 26; 0; 288; 13
pglib_opf_case300_ieee; two_stage_power_flow_disruption; neg_weight; 4; 300; 384; 23848.950000000004; ((172, 241, 215), 114); 7059.500141919147; 7; 33; 0; 281; 20
pglib_opf_case300_ieee; two_stage_power_flow_disruption; neg_weight; 4; 300; 384; 23848.950000000004; ((173, 197, 216), 419); 0.0; 2; 2; 0; 300; 1
pglib_opf_case300_ieee; two_stage_power_flow_disruption; neg_weight; 4; 300; 384; 23848.950000000004; ((69, 70, 104), 107); 0.0; 2; 2; 0; 300; 1
pglib_opf_case300_ieee; two_stage_power_flow_disruption; neg_weight; 4; 300; 384; 23848.950000000004; ((69, 80, 326), 107); 0.0; 2; 2; 0; 300; 1
pglib_opf_case300_ieee; two_stage_power_flow_disruption; neg_weight; 4; 300; 384; 23848.950000000004; ((70, 71, 105), 231); 4907.436914748796; 6; 33; 0; 282; 19
pglib_opf_case300_ieee; two_stage_power_flow_disruption; neg_weight; 4; 300; 384; 23848.950000000004; ((70, 233, 106), 15); 4978.925548917123; 5; 27; 0; 286; 16
pglib_opf_case300_ieee; two_stage_power_flow_disruption; neg_weight; 4; 300; 384; 23848.950000000004; ((70, 82, 327), 139); 0.0; 2; 2; 0; 300; 1
pglib_opf_case300_ieee; two_stage_power_flow_disruption; neg_weight; 4; 300; 384; 23848.950000000004; ((76, 83, 109), 11); 0.0; 2; 2; 0; 300; 1
pglib_opf_case300_ieee; two_stage_power_flow_disruption; neg_weight; 4; 300; 384; 23848.950000000004; ((76, 85, 110), 3); 0.0; 2; 2; 0; 300; 1
pglib_opf_case300_ieee; two_stage_power_flow_disruption; neg_weight; 4; 300; 384; 23848.950000000004; ((83, 85, 122), 30); 0.0; 1; 1; 0; 300; 1
pglib_opf_case300_ieee; two_stage_power_flow_disruption; neg_weight; 4; 300; 384; 23848.950000000004; ((85, 86, 125), 29); 0.0; 2; 2; 0; 300; 1
pglib_opf_case300_ieee; two_stage_power_flow_disruption; neg_weight; 4; 300; 384; 23848.950000000004; ((85, 89, 126), 12); 0.0; 1; 1; 0; 300; 1
pglib_opf_case300_ieee; two_stage_power_flow_disruption; neg_weight; 4; 300; 384; 23848.950000000004; ((77, 78, 111), 58); 0.0; 1; 1; 0; 300; 1
pglib_opf_case300_ieee; two_stage_power_flow_disruption; neg_weight; 4; 300; 384; 23848.950000000004; ((78, 81, 112), 31); 0.0; 2; 2; 0; 300; 1
pglib_opf_case300_ieee; two_stage_power_flow_disruption; neg_weight; 4; 300; 384; 23848.950000000004; ((78, 82, 113), 23); 0.0; 2; 2; 0; 300; 1
pglib_opf_case300_ieee; two_stage_power_flow_disruption; neg_weight; 4; 300; 384; 23848.950000000004; ((78, 83, 114), 72); 0.0; 1; 1; 0; 300; 1
pglib_opf_case300_ieee; two_stage_power_flow_disruption; neg_weight; 4; 300; 384; 23848.950000000004; ((81, 82, 120), 12); 0.0; 2; 2; 0; 300; 1
pglib_opf_case300_ieee; two_stage_power_flow_disruption; neg_weight; 4; 300; 384; 23848.950000000004; ((82, 84, 121), 33); 0.0; 1; 1; 0; 300; 1
pglib_opf_case300_ieee; two_stage_power_flow_disruption; neg_weight; 4; 300; 384; 23848.950000000004; ((79, 81, 115), 20); 0.0; 2; 2; 0; 300; 1
pglib_opf_case300_ieee; two_stage_power_flow_disruption; neg_weight; 4; 300; 384; 23848.950000000004; ((79, 82, 116), 7); 0.0; 2; 2; 0; 300; 1
pglib_opf_case300_ieee; two_stage_power_flow_disruption; neg_weight; 4; 300; 384; 23848.950000000004; ((80, 86, 117), 36); 0.0; 2; 2; 0; 300; 1
pglib_opf_case300_ieee; two_stage_power_flow_disruption; neg_weight; 4; 300; 384; 23848.950000000004; ((80, 87, 118), 83); 0.0; 1; 1; 0; 300; 1
pglib_opf_case300_ieee; two_stage_power_flow_disruption; neg_weight; 4; 300; 384; 23848.950000000004; ((80, 89, 119), 70); 5265.7039002679485; 6; 26; 0; 282; 19
pglib_opf_case300_ieee; two_stage_power_flow_disruption; neg_weight; 4; 300; 384; 23848.950000000004; ((87, 234, 127), 25); 5217.776211803939; 5; 25; 0; 283; 19
pglib_opf_case300_ieee; two_stage_power_flow_disruption; neg_weight; 4; 300; 384; 23848.950000000004; ((89, 90, 130), 20); 5213.554601939224; 5; 25; 0; 283; 19
pglib_opf_case300_ieee; two_stage_power_flow_disruption; neg_weight; 4; 300; 384; 23848.950000000004; ((84, 87, 123), 22); 0.0; 1; 1; 0; 300; 1
pglib_opf_case300_ieee; two_stage_power_flow_disruption; neg_weight; 4; 300; 384; 23848.950000000004; ((84, 232, 124), 2); 4881.939767542855; 5; 15; 0; 294; 12
pglib_opf_case300_ieee; two_stage_power_flow_disruption; neg_weight; 4; 300; 384; 23848.950000000004; ((88, 91, 128), 36); 4916.31166374655; 6; 16; 0; 292; 12
pglib_opf_case300_ieee; two_stage_power_flow_disruption; neg_weight; 4; 300; 384; 23848.950000000004; ((88, 92, 129), 5); 0.0; 2; 2; 0; 300; 1
pglib_opf_case300_ieee; two_stage_power_flow_disruption; neg_weight; 4; 300; 384; 23848.950000000004; ((92, 185, 329), 13); 0.0; 2; 2; 0; 300; 1
pglib_opf_case300_ieee; two_stage_power_flow_disruption; neg_weight; 4; 300; 384; 23848.950000000004; ((93, 100, 131), 20); 0.0; 2; 2; 0; 300; 1
pglib_opf_case300_ieee; two_stage_power_flow_disruption; neg_weight; 4; 300; 384; 23848.950000000004; ((100, 101, 140), 25); 0.0; 2; 2; 0; 300; 1
pglib_opf_case300_ieee; two_stage_power_flow_disruption; neg_weight; 4; 300; 384; 23848.950000000004; ((100, 103, 141), 9); 0.0; 2; 2; 0; 300; 1
pglib_opf_case300_ieee; two_stage_power_flow_disruption; neg_weight; 4; 300; 384; 23848.950000000004; ((94, 98, 132), 69); 0.0; 3; 4; 0; 300; 1
pglib_opf_case300_ieee; two_stage_power_flow_disruption; neg_weight; 4; 300; 384; 23848.950000000004; ((94, 102, 330), 69); 0.0; 3; 4; 0; 300; 1
pglib_opf_case300_ieee; two_stage_power_flow_disruption; neg_weight; 4; 300; 384; 23848.950000000004; ((98, 243, 364), 100); 5447.82313623454; 4; 31; 0; 287; 18
pglib_opf_case300_ieee; two_stage_power_flow_disruption; neg_weight; 4; 300; 384; 23848.950000000004; ((95, 96, 133), 429); 9224.560007636162; 7; 44; 0; 286; 21
pglib_opf_case300_ieee; two_stage_power_flow_disruption; neg_weight; 4; 300; 384; 23848.950000000004; ((96, 97, 134), 533); 8117.455737982818; 5; 41; 0; 284; 21
pglib_opf_case300_ieee; two_stage_power_flow_disruption; neg_weight; 4; 300; 384; 23848.950000000004; ((96, 244, 135), 39); 0.0; 2; 2; 0; 300; 1
pglib_opf_case300_ieee; two_stage_power_flow_disruption; neg_weight; 4; 300; 384; 23848.950000000004; ((96, 99, 137), 51); 0.0; 2; 3; 0; 300; 1
pglib_opf_case300_ieee; two_stage_power_flow_disruption; neg_weight; 4; 300; 384; 23848.950000000004; ((97, 98, 138), 707); 8726.640162816308; 7; 38; 0; 290; 18
pglib_opf_case300_ieee; two_stage_power_flow_disruption; neg_weight; 4; 300; 384; 23848.950000000004; ((97, 99, 139), 504); 0.0; 2; 3; 0; 300; 1
pglib_opf_case300_ieee; two_stage_power_flow_disruption; neg_weight; 4; 300; 384; 23848.950000000004; ((97, 242, 363), 100); 6923.930433923117; 7; 33; 0; 281; 20
pglib_opf_case300_ieee; two_stage_power_flow_disruption; neg_weight; 4; 300; 384; 23848.950000000004; ((244, 98, 136), 39); 0.0; 2; 2; 0; 300; 1
pglib_opf_case300_ieee; two_stage_power_flow_disruption; neg_weight; 4; 300; 384; 23848.950000000004; ((99, 93, 331), 20); 0.0; 2; 2; 0; 300; 1
pglib_opf_case300_ieee; two_stage_power_flow_disruption; neg_weight; 4; 300; 384; 23848.950000000004; ((101, 102, 142), 35); 0.0; 3; 4; 0; 300; 1
pglib_opf_case300_ieee; two_stage_power_flow_disruption; neg_weight; 4; 300; 384; 23848.950000000004; ((101, 103, 143), 18); 0.0; 2; 2; 0; 300; 1
pglib_opf_case300_ieee; two_stage_power_flow_disruption; neg_weight; 4; 300; 384; 23848.950000000004; ((103, 104, 144), 523); 5849.104254908663; 7; 31; 0; 290; 14
pglib_opf_case300_ieee; two_stage_power_flow_disruption; neg_weight; 4; 300; 384; 23848.950000000004; ((105, 106, 145), 232); 4216.273511575146; 8; 30; 0; 281; 19
pglib_opf_case300_ieee; two_stage_power_flow_disruption; neg_weight; 4; 300; 384; 23848.950000000004; ((105, 112, 146), 67); 0.0; 2; 3; 0; 300; 1
pglib_opf_case300_ieee; two_stage_power_flow_disruption; neg_weight; 4; 300; 384; 23848.950000000004; ((105, 146, 147), 231); 4216.273511575146; 8; 30; 0; 281; 19
pglib_opf_case300_ieee; two_stage_power_flow_disruption; neg_weight; 4; 300; 384; 23848.950000000004; ((105, 104, 288), 149); 5958.921900631369; 9; 27; 0; 291; 14
pglib_opf_case300_ieee; two_stage_power_flow_disruption; neg_weight; 4; 300; 384; 23848.950000000004; ((106, 108, 148), 204); 0.0; 2; 3; 0; 300; 1
pglib_opf_case300_ieee; two_stage_power_flow_disruption; neg_weight; 4; 300; 384; 23848.950000000004; ((106, 111, 149), 27); 0.0; 2; 2; 0; 300; 1
pglib_opf_case300_ieee; two_stage_power_flow_disruption; neg_weight; 4; 300; 384; 23848.950000000004; ((112, 113, 159), 46); 0.0; 2; 2; 0; 300; 1
pglib_opf_case300_ieee; two_stage_power_flow_disruption; neg_weight; 4; 300; 384; 23848.950000000004; ((112, 162, 160), 113); 5463.3519171236985; 4; 30; 0; 288; 18
pglib_opf_case300_ieee; two_stage_power_flow_disruption; neg_weight; 4; 300; 384; 23848.950000000004; ((108, 110, 152), 388); 0.0; 2; 2; 0; 300; 1
pglib_opf_case300_ieee; two_stage_power_flow_disruption; neg_weight; 4; 300; 384; 23848.950000000004; ((108, 129, 153), 267); 0.0; 2; 2; 0; 300; 1
pglib_opf_case300_ieee; two_stage_power_flow_disruption; neg_weight; 4; 300; 384; 23848.950000000004; ((108, 145, 154), 249); 0.0; 2; 3; 0; 300; 1
pglib_opf_case300_ieee; two_stage_power_flow_disruption; neg_weight; 4; 300; 384; 23848.950000000004; ((108, 146, 155), 202); 0.0; 2; 3; 0; 300; 1
pglib_opf_case300_ieee; two_stage_power_flow_disruption; neg_weight; 4; 300; 384; 23848.950000000004; ((108, 109, 333), 0); 0.0; 2; 2; 0; 299; 2
pglib_opf_case300_ieee; two_stage_power_flow_disruption; neg_weight; 4; 300; 384; 23848.950000000004; ((108, 128, 334), 0); 0.0; 2; 2; 0; 299; 2
pglib_opf_case300_ieee; two_stage_power_flow_disruption; neg_weight; 4; 300; 384; 23848.950000000004; ((108, 262, 372), 1510); 7032.081279694168; 4; 27; 0; 286; 16
pglib_opf_case300_ieee; two_stage_power_flow_disruption; neg_weight; 4; 300; 384; 23848.950000000004; ((111, 115, 156), 996); 4320.7411745718055; 5; 26; 0; 281; 19
pglib_opf_case300_ieee; two_stage_power_flow_disruption; neg_weight; 4; 300; 384; 23848.950000000004; ((111, 146, 157), 29); 0.0; 2; 2; 0; 300; 1
pglib_opf_case300_ieee; two_stage_power_flow_disruption; neg_weight; 4; 300; 384; 23848.950000000004; ((111, 147, 158), 192); 7008.134140009974; 10; 41; 0; 280; 22
pglib_opf_case300_ieee; two_stage_power_flow_disruption; neg_weight; 4; 300; 384; 23848.950000000004; ((111, 149, 294), 764); 7078.087574661189; 6; 35; 0; 289; 19
pglib_opf_case300_ieee; two_stage_power_flow_disruption; neg_weight; 4; 300; 384; 23848.950000000004; ((107, 108, 150), 199); 0.0; 2; 3; 0; 300; 1
pglib_opf_case300_ieee; two_stage_power_flow_disruption; neg_weight; 4; 300; 384; 23848.950000000004; ((107, 111, 151), 16); 0.0; 2; 2; 0; 300; 1
pglib_opf_case300_ieee; two_stage_power_flow_disruption; neg_weight; 4; 300; 384; 23848.950000000004; ((107, 104, 289), 183); 0.0; 3; 4; 0; 300; 1
pglib_opf_case300_ieee; two_stage_power_flow_disruption; neg_weight; 4; 300; 384; 23848.950000000004; ((110, 104, 290), 173); 0.0; 2; 2; 0; 300; 1
pglib_opf_case300_ieee; two_stage_power_flow_disruption; neg_weight; 4; 300; 384; 23848.950000000004; ((110, 148, 335), 215); 0.0; 2; 3; 0; 300; 1
pglib_opf_case300_ieee; two_stage_power_flow_disruption; neg_weight; 4; 300; 384; 23848.950000000004; ((129, 148, 341), 267); 0.0; 2; 2; 0; 300; 1
pglib_opf_case300_ieee; two_stage_power_flow_disruption; neg_weight; 4; 300; 384; 23848.950000000004; ((145, 147, 189), 51); 0.0; 2; 2; 0; 300; 1
pglib_opf_case300_ieee; two_stage_power_flow_disruption; neg_weight; 4; 300; 384; 23848.950000000004; ((115, 118, 164), 966); 7864.451223292061; 6; 35; 0; 283; 18
pglib_opf_case300_ieee; two_stage_power_flow_disruption; neg_weight; 4; 300; 384; 23848.950000000004; ((115, 159, 165), 435); 0.0; 2; 2; 0; 300; 1
pglib_opf_case300_ieee; two_stage_power_flow_disruption; neg_weight; 4; 300; 384; 23848.950000000004; ((115, 164, 166), 1047); 0.0; 2; 2; 0; 300; 1
pglib_opf_case300_ieee; two_stage_power_flow_disruption; neg_weight; 4; 300; 384; 23848.950000000004; ((115, 166, 167), 1213); 0.0; 2; 2; 0; 300; 1
pglib_opf_case300_ieee; two_stage_power_flow_disruption; neg_weight; 4; 300; 384; 23848.950000000004; ((147, 104, 293), 142); 0.0; 3; 4; 0; 300; 1
pglib_opf_case300_ieee; two_stage_power_flow_disruption; neg_weight; 4; 300; 384; 23848.950000000004; ((113, 114, 161), 123); 0.0; 2; 3; 0; 300; 1
pglib_opf_case300_ieee; two_stage_power_flow_disruption; neg_weight; 4; 300; 384; 23848.950000000004; ((162, 163, 203), 250); 5598.426375872565; 4; 27; 0; 288; 16
pglib_opf_case300_ieee; two_stage_power_flow_disruption; neg_weight; 4; 300; 384; 23848.950000000004; ((114, 115, 162), 191); 0.0; 2; 3; 0; 300; 1
pglib_opf_case300_ieee; two_stage_power_flow_disruption; neg_weight; 4; 300; 384; 23848.950000000004; ((114, 130, 163), 12); 0.0; 2; 2; 0; 300; 1
pglib_opf_case300_ieee; two_stage_power_flow_disruption; neg_weight; 4; 300; 384; 23848.950000000004; ((130, 131, 177), 5); 0.0; 2; 2; 0; 300; 1
pglib_opf_case300_ieee; two_stage_power_flow_disruption; neg_weight; 4; 300; 384; 23848.950000000004; ((118, 120, 168), 257); 5063.466663171272; 6; 15; 0; 291; 12
pglib_opf_case300_ieee; two_stage_power_flow_disruption; neg_weight; 4; 300; 384; 23848.950000000004; ((118, 160, 169), 836); 6769.852740791444; 6; 27; 0; 292; 16
pglib_opf_case300_ieee; two_stage_power_flow_disruption; neg_weight; 4; 300; 384; 23848.950000000004; ((159, 116, 201), 444); 0.0; 2; 2; 0; 300; 1
pglib_opf_case300_ieee; two_stage_power_flow_disruption; neg_weight; 4; 300; 384; 23848.950000000004; ((159, 165, 202), 952); 0.0; 2; 2; 0; 300; 1
pglib_opf_case300_ieee; two_stage_power_flow_disruption; neg_weight; 4; 300; 384; 23848.950000000004; ((164, 166, 204), 1358); 7878.868136964671; 4; 44; 0; 278; 26
pglib_opf_case300_ieee; two_stage_power_flow_disruption; neg_weight; 4; 300; 384; 23848.950000000004; ((166, 116, 206), 575); 0.0; 2; 2; 0; 300; 1
pglib_opf_case300_ieee; two_stage_power_flow_disruption; neg_weight; 4; 300; 384; 23848.950000000004; ((120, 121, 171), 484); 5723.182134522653; 7; 32; 0; 287; 18
pglib_opf_case300_ieee; two_stage_power_flow_disruption; neg_weight; 4; 300; 384; 23848.950000000004; ((120, 153, 337), 171); 3596.115788375544; 7; 27; 0; 282; 14
pglib_opf_case300_ieee; two_stage_power_flow_disruption; neg_weight; 4; 300; 384; 23848.950000000004; ((160, 117, 348), 595); 5943.830177510012; 6; 28; 0; 290; 14
pglib_opf_case300_ieee; two_stage_power_flow_disruption; neg_weight; 4; 300; 384; 23848.950000000004; ((119, 124, 170), 11); 5111.85389655851; 6; 23; 0; 290; 16
pglib_opf_case300_ieee; two_stage_power_flow_disruption; neg_weight; 4; 300; 384; 23848.950000000004; ((119, 152, 336), 141); 5402.212885833054; 8; 33; 0; 273; 21
pglib_opf_case300_ieee; two_stage_power_flow_disruption; neg_weight; 4; 300; 384; 23848.950000000004; ((124, 125, 176), 0); 6.184563972055912e-10; 2; 2; 0; 299; 2
pglib_opf_case300_ieee; two_stage_power_flow_disruption; neg_weight; 4; 300; 384; 23848.950000000004; ((121, 123, 172), 198); 4240.140309950955; 6; 35; 0; 278; 22
pglib_opf_case300_ieee; two_stage_power_flow_disruption; neg_weight; 4; 300; 384; 23848.950000000004; ((121, 127, 173), 63); 0.0; 2; 2; 0; 300; 1
pglib_opf_case300_ieee; two_stage_power_flow_disruption; neg_weight; 4; 300; 384; 23848.950000000004; ((121, 122, 338), 353); 4253.22109122379; 5; 9; 0; 298; 7
pglib_opf_case300_ieee; two_stage_power_flow_disruption; neg_weight; 4; 300; 384; 23848.950000000004; ((121, 126, 339), 257); 4362.5266599639435; 6; 33; 0; 280; 20
pglib_opf_case300_ieee; two_stage_power_flow_disruption; neg_weight; 4; 300; 384; 23848.950000000004; ((123, 124, 174), 102); 5191.762321253627; 5; 22; 0; 291; 15
pglib_opf_case300_ieee; two_stage_power_flow_disruption; neg_weight; 4; 300; 384; 23848.950000000004; ((123, 127, 175), 63); 0.0; 2; 2; 0; 300; 1
pglib_opf_case300_ieee; two_stage_power_flow_disruption; neg_weight; 4; 300; 384; 23848.950000000004; ((123, 158, 340), 339); 4378.622779929006; 6; 38; 0; 272; 25
pglib_opf_case300_ieee; two_stage_power_flow_disruption; neg_weight; 4; 300; 384; 23848.950000000004; ((131, 139, 178), 150); 0.0; 2; 3; 0; 300; 1
pglib_opf_case300_ieee; two_stage_power_flow_disruption; neg_weight; 4; 300; 384; 23848.950000000004; ((131, 161, 342), 88); 6934.935592542039; 8; 33; 0; 280; 20
pglib_opf_case300_ieee; two_stage_power_flow_disruption; neg_weight; 4; 300; 384; 23848.950000000004; ((132, 134, 179), 22); 0.0; 2; 2; 0; 300; 1
pglib_opf_case300_ieee; two_stage_power_flow_disruption; neg_weight; 4; 300; 384; 23848.950000000004; ((132, 161, 180), 48); 0.0; 2; 2; 0; 300; 1
pglib_opf_case300_ieee; two_stage_power_flow_disruption; neg_weight; 4; 300; 384; 23848.950000000004; ((133, 139, 181), 115); 0.0; 2; 2; 0; 300; 1
pglib_opf_case300_ieee; two_stage_power_flow_disruption; neg_weight; 4; 300; 384; 23848.950000000004; ((133, 134, 343), 97); 6281.998253977836; 8; 33; 0; 280; 20
pglib_opf_case300_ieee; two_stage_power_flow_disruption; neg_weight; 4; 300; 384; 23848.950000000004; ((135, 137, 182), 322); 7778.100482864018; 7; 45; 0; 277; 23
pglib_opf_case300_ieee; two_stage_power_flow_disruption; neg_weight; 4; 300; 384; 23848.950000000004; ((135, 104, 291), 44); 0.0; 2; 2; 0; 300; 1
pglib_opf_case300_ieee; two_stage_power_flow_disruption; neg_weight; 4; 300; 384; 23848.950000000004; ((135, 100, 332), 243); 6349.874873150777; 8; 36; 0; 285; 19
pglib_opf_case300_ieee; two_stage_power_flow_disruption; neg_weight; 4; 300; 384; 23848.950000000004; ((137, 95, 344), 429); 9224.560007636162; 7; 44; 0; 286; 21
pglib_opf_case300_ieee; two_stage_power_flow_disruption; neg_weight; 4; 300; 384; 23848.950000000004; ((136, 137, 183), 73); 0.0; 2; 2; 0; 300; 1
pglib_opf_case300_ieee; two_stage_power_flow_disruption; neg_weight; 4; 300; 384; 23848.950000000004; ((136, 138, 184), 95); 0.0; 2; 2; 0; 300; 1
pglib_opf_case300_ieee; two_stage_power_flow_disruption; neg_weight; 4; 300; 384; 23848.950000000004; ((136, 104, 292), 21); 0.0; 2; 2; 0; 300; 1
pglib_opf_case300_ieee; two_stage_power_flow_disruption; neg_weight; 4; 300; 384; 23848.950000000004; ((138, 102, 345), 95); 0.0; 2; 2; 0; 300; 1
pglib_opf_case300_ieee; two_stage_power_flow_disruption; neg_weight; 4; 300; 384; 23848.950000000004; ((140, 142, 185), 85); 6906.542510446856; 7; 32; 0; 278; 20
pglib_opf_case300_ieee; two_stage_power_flow_disruption; neg_weight; 4; 300; 384; 23848.950000000004; ((140, 143, 186), 0); 2.6011548470705748e-09; 2; 2; 0; 297; 2
pglib_opf_case300_ieee; two_stage_power_flow_disruption; neg_weight; 4; 300; 384; 23848.950000000004; ((142, 133, 347), 183); 0.0; 2; 3; 0; 300; 1
pglib_opf_case300_ieee; two_stage_power_flow_disruption; neg_weight; 4; 300; 384; 23848.950000000004; ((143, 144, 188), 0); 2.6011548470705748e-09; 2; 2; 0; 298; 2
pglib_opf_case300_ieee; two_stage_power_flow_disruption; neg_weight; 4; 300; 384; 23848.950000000004; ((141, 142, 187), 268); 4753.3370180784; 7; 29; 0; 281; 18
pglib_opf_case300_ieee; two_stage_power_flow_disruption; neg_weight; 4; 300; 384; 23848.950000000004; ((141, 115, 346), 268); 4753.3370180784; 7; 29; 0; 281; 18
pglib_opf_case300_ieee; two_stage_power_flow_disruption; neg_weight; 4; 300; 384; 23848.950000000004; ((144, 264, 369), 0); 2.6011548470705748e-09; 2; 2; 0; 299; 2
pglib_opf_case300_ieee; two_stage_power_flow_disruption; neg_weight; 4; 300; 384; 23848.950000000004; ((150, 151, 190), 31); 3636.3720432268783; 7; 30; 0; 278; 18
pglib_opf_case300_ieee; two_stage_power_flow_disruption; neg_weight; 4; 300; 384; 23848.950000000004; ((150, 152, 191), 58); 5402.212885833054; 9; 34; 0; 274; 21
pglib_opf_case300_ieee; two_stage_power_flow_disruption; neg_weight; 4; 300; 384; 23848.950000000004; ((151, 152, 192), 83); 3636.3720432268783; 7; 30; 0; 278; 18
pglib_opf_case300_ieee; two_stage_power_flow_disruption; neg_weight; 4; 300; 384; 23848.950000000004; ((151, 153, 193), 22); 5253.733569971926; 8; 20; 0; 288; 14
pglib_opf_case300_ieee; two_stage_power_flow_disruption; neg_weight; 4; 300; 384; 23848.950000000004; ((151, 154, 194), 27); 3656.613894580383; 7; 30; 0; 279; 18
pglib_opf_case300_ieee; two_stage_power_flow_disruption; neg_weight; 4; 300; 384; 23848.950000000004; ((153, 154, 195), 18); 0.0; 2; 2; 0; 300; 1
pglib_opf_case300_ieee; two_stage_power_flow_disruption; neg_weight; 4; 300; 384; 23848.950000000004; ((153, 157, 196), 9); 0.0; 2; 2; 0; 300; 1
pglib_opf_case300_ieee; two_stage_power_flow_disruption; neg_weight; 4; 300; 384; 23848.950000000004; ((154, 155, 197), 50); 4424.956589822672; 6; 34; 0; 275; 21
pglib_opf_case300_ieee; two_stage_power_flow_disruption; neg_weight; 4; 300; 384; 23848.950000000004; ((155, 156, 198), 47); 0.0; 2; 2; 0; 300; 1
pglib_opf_case300_ieee; two_stage_power_flow_disruption; neg_weight; 4; 300; 384; 23848.950000000004; ((156, 157, 199), 21); 4206.637662270445; 7; 33; 0; 284; 20
pglib_opf_case300_ieee; two_stage_power_flow_disruption; neg_weight; 4; 300; 384; 23848.950000000004; ((156, 158, 200), 269); 4378.622779929006; 6; 38; 0; 272; 25
pglib_opf_case300_ieee; two_stage_power_flow_disruption; neg_weight; 4; 300; 384; 23848.950000000004; ((165, 166, 205), 612); 0.0; 2; 2; 0; 300; 1
pglib_opf_case300_ieee; two_stage_power_flow_disruption; neg_weight; 4; 300; 384; 23848.950000000004; ((167, 186, 207), 0); 0.0; 2; 2; 0; 300; 1
pglib_opf_case300_ieee; two_stage_power_flow_disruption; neg_weight; 4; 300; 384; 23848.950000000004; ((167, 187, 208), 1); 0.0; 2; 2; 0; 300; 1
pglib_opf_case300_ieee; two_stage_power_flow_disruption; neg_weight; 4; 300; 384; 23848.950000000004; ((168, 209, 209), 63); 0.0; 2; 2; 0; 300; 1
pglib_opf_case300_ieee; two_stage_power_flow_disruption; neg_weight; 4; 300; 384; 23848.950000000004; ((168, 218, 297), 33); 7040.551345344167; 7; 32; 0; 280; 20
pglib_opf_case300_ieee; two_stage_power_flow_disruption; neg_weight; 4; 300; 384; 23848.950000000004; ((168, 207, 305), 96); 0.0; 2; 2; 0; 300; 1
pglib_opf_case300_ieee; two_stage_power_flow_disruption; neg_weight; 4; 300; 384; 23848.950000000004; ((209, 215, 249), 1212); 0.0; 2; 2; 0; 300; 1
pglib_opf_case300_ieee; two_stage_power_flow_disruption; neg_weight; 4; 300; 384; 23848.950000000004; ((209, 204, 302), 310); 0.0; 2; 2; 0; 300; 1
pglib_opf_case300_ieee; two_stage_power_flow_disruption; neg_weight; 4; 300; 384; 23848.950000000004; ((209, 205, 303), 102); 2626.4194798774515; 4; 23; 0; 290; 14
pglib_opf_case300_ieee; two_stage_power_flow_disruption; neg_weight; 4; 300; 384; 23848.950000000004; ((209, 206, 304), 67); 0.0; 2; 2; 0; 300; 1
pglib_opf_case300_ieee; two_stage_power_flow_disruption; neg_weight; 4; 300; 384; 23848.950000000004; ((209, 210, 306), 511); 3386.118729109614; 4; 23; 0; 291; 13
pglib_opf_case300_ieee; two_stage_power_flow_disruption; neg_weight; 4; 300; 384; 23848.950000000004; ((169, 170, 210), 610); 6170.420174746814; 7; 37; 0; 279; 23
pglib_opf_case300_ieee; two_stage_power_flow_disruption; neg_weight; 4; 300; 384; 23848.950000000004; ((170, 203, 211), 190); 4154.594232865762; 4; 25; 0; 288; 14
pglib_opf_case300_ieee; two_stage_power_flow_disruption; neg_weight; 4; 300; 384; 23848.950000000004; ((203, 169, 246), 452); 6170.420174746814; 7; 37; 0; 279; 23
pglib_opf_case300_ieee; two_stage_power_flow_disruption; neg_weight; 4; 300; 384; 23848.950000000004; ((171, 183, 212), 10); 0.0; 2; 2; 0; 300; 1
pglib_opf_case300_ieee; two_stage_power_flow_disruption; neg_weight; 4; 300; 384; 23848.950000000004; ((171, 186, 213), 7); 0.0; 2; 2; 0; 300; 1
pglib_opf_case300_ieee; two_stage_power_flow_disruption; neg_weight; 4; 300; 384; 23848.950000000004; ((183, 184, 230), 4); 0.0; 2; 2; 0; 300; 1
pglib_opf_case300_ieee; two_stage_power_flow_disruption; neg_weight; 4; 300; 384; 23848.950000000004; ((197, 215, 239), 506); 0.0; 2; 2; 0; 300; 1
pglib_opf_case300_ieee; two_stage_power_flow_disruption; neg_weight; 4; 300; 384; 23848.950000000004; ((197, 195, 300), 234); 0.0; 2; 2; 0; 300; 1
pglib_opf_case300_ieee; two_stage_power_flow_disruption; neg_weight; 4; 300; 384; 23848.950000000004; ((197, 196, 357), 160); 0.0; 2; 2; 0; 300; 1
pglib_opf_case300_ieee; two_stage_power_flow_disruption; neg_weight; 4; 300; 384; 23848.950000000004; ((174, 175, 217), 66); 0.0; 2; 2; 0; 300; 1
pglib_opf_case300_ieee; two_stage_power_flow_disruption; neg_weight; 4; 300; 384; 23848.950000000004; ((174, 188, 218), 16); 0.0; 2; 2; 0; 300; 1
pglib_opf_case300_ieee; two_stage_power_flow_disruption; neg_weight; 4; 300; 384; 23848.950000000004; ((174, 171, 350), 3); 0.0; 2; 2; 0; 300; 1
pglib_opf_case300_ieee; two_stage_power_flow_disruption; neg_weight; 4; 300; 384; 23848.950000000004; ((174, 245, 362), 75); 0.0; 2; 2; 0; 300; 1
pglib_opf_case300_ieee; two_stage_power_flow_disruption; neg_weight; 4; 300; 384; 23848.950000000004; ((175, 176, 219), 96); 0.0; 2; 2; 0; 300; 1
pglib_opf_case300_ieee; two_stage_power_flow_disruption; neg_weight; 4; 300; 384; 23848.950000000004; ((175, 189, 220), 14); 0.0; 2; 2; 0; 300; 1
pglib_opf_case300_ieee; two_stage_power_flow_disruption; neg_weight; 4; 300; 384; 23848.950000000004; ((188, 167, 349), 6); 0.0; 2; 2; 0; 300; 1
pglib_opf_case300_ieee; two_stage_power_flow_disruption; neg_weight; 4; 300; 384; 23848.950000000004; ((176, 181, 221), 73); 0.0; 2; 2; 0; 300; 1
pglib_opf_case300_ieee; two_stage_power_flow_disruption; neg_weight; 4; 300; 384; 23848.950000000004; ((176, 188, 222), 98); 0.0; 2; 2; 0; 300; 1
pglib_opf_case300_ieee; two_stage_power_flow_disruption; neg_weight; 4; 300; 384; 23848.950000000004; ((176, 189, 223), 48); 0.0; 2; 2; 0; 300; 1
pglib_opf_case300_ieee; two_stage_power_flow_disruption; neg_weight; 4; 300; 384; 23848.950000000004; ((176, 180, 298), 12); 0.0; 2; 2; 0; 300; 1
pglib_opf_case300_ieee; two_stage_power_flow_disruption; neg_weight; 4; 300; 384; 23848.950000000004; ((176, 187, 355), 39); 0.0; 2; 2; 0; 300; 1
pglib_opf_case300_ieee; two_stage_power_flow_disruption; neg_weight; 4; 300; 384; 23848.950000000004; ((181, 189, 228), 31); 0.0; 2; 2; 0; 300; 1
pglib_opf_case300_ieee; two_stage_power_flow_disruption; neg_weight; 4; 300; 384; 23848.950000000004; ((177, 178, 224), 5); 0.0; 2; 2; 0; 300; 1
pglib_opf_case300_ieee; two_stage_power_flow_disruption; neg_weight; 4; 300; 384; 23848.950000000004; ((177, 188, 225), 40); 0.0; 2; 2; 0; 300; 1
pglib_opf_case300_ieee; two_stage_power_flow_disruption; neg_weight; 4; 300; 384; 23848.950000000004; ((178, 188, 226), 36); 0.0; 2; 2; 0; 300; 1
pglib_opf_case300_ieee; two_stage_power_flow_disruption; neg_weight; 4; 300; 384; 23848.950000000004; ((178, 226, 351), 14); 0.0; 2; 2; 0; 300; 1
pglib_opf_case300_ieee; two_stage_power_flow_disruption; neg_weight; 4; 300; 384; 23848.950000000004; ((179, 182, 227), 11); 0.0; 2; 2; 0; 300; 1
pglib_opf_case300_ieee; two_stage_power_flow_disruption; neg_weight; 4; 300; 384; 23848.950000000004; ((182, 183, 229), 14); 0.0; 2; 2; 0; 300; 1
pglib_opf_case300_ieee; two_stage_power_flow_disruption; neg_weight; 4; 300; 384; 23848.950000000004; ((184, 185, 231), 8); 0.0; 2; 2; 0; 300; 1
pglib_opf_case300_ieee; two_stage_power_flow_disruption; neg_weight; 4; 300; 384; 23848.950000000004; ((184, 186, 232), 0); 0.0; 2; 2; 0; 300; 1
pglib_opf_case300_ieee; two_stage_power_flow_disruption; neg_weight; 4; 300; 384; 23848.950000000004; ((190, 193, 233), 131); 2668.0232128576463; 5; 24; 0; 290; 14
pglib_opf_case300_ieee; two_stage_power_flow_disruption; neg_weight; 4; 300; 384; 23848.950000000004; ((190, 189, 356), 131); 2668.0232128576463; 5; 24; 0; 290; 14
pglib_opf_case300_ieee; two_stage_power_flow_disruption; neg_weight; 4; 300; 384; 23848.950000000004; ((193, 194, 236), 176); 2700.7415716968026; 4; 23; 0; 289; 14
pglib_opf_case300_ieee; two_stage_power_flow_disruption; neg_weight; 4; 300; 384; 23848.950000000004; ((192, 193, 234), 92); 0.0; 2; 2; 0; 300; 1
pglib_opf_case300_ieee; two_stage_power_flow_disruption; neg_weight; 4; 300; 384; 23848.950000000004; ((192, 220, 235), 114); 0.0; 2; 2; 0; 300; 1
pglib_opf_case300_ieee; two_stage_power_flow_disruption; neg_weight; 4; 300; 384; 23848.950000000004; ((192, 191, 299), 0); 1.2114469427615404e-09; 2; 2; 0; 299; 2
pglib_opf_case300_ieee; two_stage_power_flow_disruption; neg_weight; 4; 300; 384; 23848.950000000004; ((220, 223, 310), 90); 0.0; 2; 2; 0; 300; 1
pglib_opf_case300_ieee; two_stage_power_flow_disruption; neg_weight; 4; 300; 384; 23848.950000000004; ((220, 225, 311), 24); 0.0; 2; 2; 0; 300; 1
pglib_opf_case300_ieee; two_stage_power_flow_disruption; neg_weight; 4; 300; 384; 23848.950000000004; ((195, 196, 237), 29); 0.0; 2; 2; 0; 300; 1
pglib_opf_case300_ieee; two_stage_power_flow_disruption; neg_weight; 4; 300; 384; 23848.950000000004; ((195, 198, 238), 105); 0.0; 2; 2; 0; 300; 1
pglib_opf_case300_ieee; two_stage_power_flow_disruption; neg_weight; 4; 300; 384; 23848.950000000004; ((198, 196, 240), 58); 0.0; 2; 2; 0; 300; 1
pglib_opf_case300_ieee; two_stage_power_flow_disruption; neg_weight; 4; 300; 384; 23848.950000000004; ((198, 199, 241), 56); 0.0; 2; 2; 0; 300; 1
pglib_opf_case300_ieee; two_stage_power_flow_disruption; neg_weight; 4; 300; 384; 23848.950000000004; ((198, 216, 242), 282); 0.0; 2; 2; 0; 300; 1
pglib_opf_case300_ieee; two_stage_power_flow_disruption; neg_weight; 4; 300; 384; 23848.950000000004; ((215, 200, 301), 328); 3001.263030687558; 4; 23; 0; 291; 13
pglib_opf_case300_ieee; two_stage_power_flow_disruption; neg_weight; 4; 300; 384; 23848.950000000004; ((215, 212, 308), 89); 0.0; 2; 2; 0; 300; 1
pglib_opf_case300_ieee; two_stage_power_flow_disruption; neg_weight; 4; 300; 384; 23848.950000000004; ((215, 219, 309), 1123); 7424.703191618424; 6; 36; 0; 280; 22
pglib_opf_case300_ieee; two_stage_power_flow_disruption; neg_weight; 4; 300; 384; 23848.950000000004; ((199, 201, 243), 439); 0.0; 2; 2; 0; 300; 1
pglib_opf_case300_ieee; two_stage_power_flow_disruption; neg_weight; 4; 300; 384; 23848.950000000004; ((216, 217, 361), 0); 6.570189725607634e-09; 2; 2; 0; 299; 2
pglib_opf_case300_ieee; two_stage_power_flow_disruption; neg_weight; 4; 300; 384; 23848.950000000004; ((202, 203, 244), 148); 3764.4861022729347; 4; 25; 0; 288; 15
pglib_opf_case300_ieee; two_stage_power_flow_disruption; neg_weight; 4; 300; 384; 23848.950000000004; ((202, 204, 245), 310); 0.0; 2; 2; 0; 300; 1
pglib_opf_case300_ieee; two_stage_power_flow_disruption; neg_weight; 4; 300; 384; 23848.950000000004; ((202, 201, 358), 11); 0.0; 2; 2; 0; 300; 1
pglib_opf_case300_ieee; two_stage_power_flow_disruption; neg_weight; 4; 300; 384; 23848.950000000004; ((206, 207, 247), 0); 0.0; 2; 2; 0; 300; 1
pglib_opf_case300_ieee; two_stage_power_flow_disruption; neg_weight; 4; 300; 384; 23848.950000000004; ((206, 212, 248), 156); 0.0; 2; 2; 0; 300; 1
pglib_opf_case300_ieee; two_stage_power_flow_disruption; neg_weight; 4; 300; 384; 23848.950000000004; ((207, 208, 359), 0); 1.877197064459324e-08; 2; 2; 0; 299; 2
pglib_opf_case300_ieee; two_stage_power_flow_disruption; neg_weight; 4; 300; 384; 23848.950000000004; ((212, 213, 250), 242); 0.0; 2; 2; 0; 300; 1
pglib_opf_case300_ieee; two_stage_power_flow_disruption; neg_weight; 4; 300; 384; 23848.950000000004; ((212, 214, 360), 881); 7357.048696406364; 6; 29; 0; 289; 17
pglib_opf_case300_ieee; two_stage_power_flow_disruption; neg_weight; 4; 300; 384; 23848.950000000004; ((213, 216, 251), 27); 0.0; 2; 2; 0; 300; 1
pglib_opf_case300_ieee; two_stage_power_flow_disruption; neg_weight; 4; 300; 384; 23848.950000000004; ((218, 229, 252), 33); 7040.551345344167; 7; 32; 0; 281; 20
pglib_opf_case300_ieee; two_stage_power_flow_disruption; neg_weight; 4; 300; 384; 23848.950000000004; ((221, 222, 253), 208); 7428.826642888405; 8; 40; 0; 273; 22
pglib_opf_case300_ieee; two_stage_power_flow_disruption; neg_weight; 4; 300; 384; 23848.950000000004; ((221, 223, 254), 126); 0.0; 2; 2; 0; 300; 1
pglib_opf_case300_ieee; two_stage_power_flow_disruption; neg_weight; 4; 300; 384; 23848.950000000004; ((222, 224, 255), 208); 7428.826642888405; 8; 40; 0; 274; 22
pglib_opf_case300_ieee; two_stage_power_flow_disruption; neg_weight; 4; 300; 384; 23848.950000000004; ((223, 224, 256), 54); 0.0; 2; 2; 0; 300; 1
pglib_opf_case300_ieee; two_stage_power_flow_disruption; neg_weight; 4; 300; 384; 23848.950000000004; ((223, 225, 257), 28); 0.0; 2; 2; 0; 300; 1
pglib_opf_case300_ieee; two_stage_power_flow_disruption; neg_weight; 4; 300; 384; 23848.950000000004; ((224, 225, 258), 77); 0.0; 2; 2; 0; 300; 1
pglib_opf_case300_ieee; two_stage_power_flow_disruption; neg_weight; 4; 300; 384; 23848.950000000004; ((225, 226, 259), 21); 0.0; 2; 2; 0; 300; 1
pglib_opf_case300_ieee; two_stage_power_flow_disruption; neg_weight; 4; 300; 384; 23848.950000000004; ((226, 227, 260), 6); 4257.631865304; 6; 12; 0; 296; 10
pglib_opf_case300_ieee; two_stage_power_flow_disruption; neg_weight; 4; 300; 384; 23848.950000000004; ((227, 228, 261), 23); 7025.220050665765; 7; 32; 0; 281; 20
pglib_opf_case300_ieee; two_stage_power_flow_disruption; neg_weight; 4; 300; 384; 23848.950000000004; ((293, 299, 287), 1); 4881.006173418718; 5; 15; 0; 294; 12
pglib_opf_case300_ieee; two_stage_power_flow_disruption; neg_weight; 4; 300; 384; 23848.950000000004; ((126, 156, 295), 132); 4240.14030995284; 7; 34; 0; 279; 21
pglib_opf_case300_ieee; two_stage_power_flow_disruption; neg_weight; 4; 300; 384; 23848.950000000004; ((126, 157, 296), 62); 0.0; 2; 2; 0; 300; 1
pglib_opf_case300_ieee; two_stage_power_flow_disruption; neg_weight; 4; 300; 384; 23848.950000000004; ((210, 211, 307), 63); 4448.469066540023; 7; 17; 0; 292; 14
pglib_opf_case300_ieee; two_stage_power_flow_disruption; neg_weight; 4; 300; 384; 23848.950000000004; ((9, 10, 315), 77); 0.0; 2; 2; 0; 300; 1
pglib_opf_case300_ieee; two_stage_power_flow_disruption; neg_weight; 4; 300; 384; 23848.950000000004; ((16, 251, 378), 181); 6435.475392654851; 7; 31; 0; 283; 19
pglib_opf_case300_ieee; two_stage_power_flow_disruption; neg_weight; 4; 300; 384; 23848.950000000004; ((117, 263, 376), 0); 2.979504643008113e-09; 2; 2; 0; 299; 2
pglib_opf_case300_ieee; two_stage_power_flow_disruption; neg_weight; 4; 300; 384; 23848.950000000004; ((245, 182, 354), 75); 0.0; 2; 2; 0; 300; 1
