pglib_opf_case300_ieee; warm_start_maximum_congestion; neg_weight; 4; 300; 385; 23848.950000000004; ((265, 269, 0), 10); 4878.993775811294; 5; 15; 0; 295; 12
pglib_opf_case300_ieee; warm_start_maximum_congestion; neg_weight; 4; 300; 385; 23848.950000000004; ((265, 270, 263), 26); 5017.451662172742; 5; 18; 0; 274; 15
pglib_opf_case300_ieee; warm_start_maximum_congestion; neg_weight; 4; 300; 385; 23848.950000000004; ((265, 272, 264), 17); 5009.825380608127; 5; 18; 0; 283; 15
pglib_opf_case300_ieee; warm_start_maximum_congestion; neg_weight; 4; 300; 385; 23848.950000000004; ((269, 291, 265), 36); 5025.788726558618; 5; 18; 0; 291; 15
pglib_opf_case300_ieee; warm_start_maximum_congestion; neg_weight; 4; 300; 385; 23848.950000000004; ((269, 292, 266), 30); 5020.930316921516; 5; 18; 0; 291; 15
pglib_opf_case300_ieee; warm_start_maximum_congestion; neg_weight; 4; 300; 385; 23848.950000000004; ((269, 293, 267), 28); 5019.06555728455; 5; 18; 0; 290; 15
pglib_opf_case300_ieee; warm_start_maximum_congestion; neg_weight; 4; 300; 385; 23848.950000000004; ((269, 294, 268), 84); 5681.155664342343; 5; 31; 0; 285; 18
pglib_opf_case300_ieee; warm_start_maximum_congestion; neg_weight; 4; 300; 385; 23848.950000000004; ((269, 295, 269), 0); 0.0; 2; 2; 0; 299; 2
pglib_opf_case300_ieee; warm_start_maximum_congestion; neg_weight; 4; 300; 385; 23848.950000000004; ((270, 271, 1), 9); 0.0; 2; 2; 0; 300; 1
pglib_opf_case300_ieee; warm_start_maximum_congestion; neg_weight; 4; 300; 385; 23848.950000000004; ((270, 267, 2), 8); 0.0; 2; 2; 0; 300; 1
pglib_opf_case300_ieee; warm_start_maximum_congestion; neg_weight; 4; 300; 385; 23848.950000000004; ((270, 267, 3), 8); 0.0; 2; 2; 0; 300; 1
pglib_opf_case300_ieee; warm_start_maximum_congestion; neg_weight; 4; 300; 385; 23848.950000000004; ((271, 267, 8), 7); 0.0; 2; 2; 0; 300; 1
pglib_opf_case300_ieee; warm_start_maximum_congestion; neg_weight; 4; 300; 385; 23848.950000000004; ((271, 296, 274), 1); 4880.895101251994; 5; 15; 0; 294; 12
pglib_opf_case300_ieee; warm_start_maximum_congestion; neg_weight; 4; 300; 385; 23848.950000000004; ((271, 297, 275), 1); 4880.895101251994; 5; 15; 0; 294; 12
pglib_opf_case300_ieee; warm_start_maximum_congestion; neg_weight; 4; 300; 385; 23848.950000000004; ((267, 290, 9), 4); 4883.670641115779; 5; 15; 0; 290; 12
pglib_opf_case300_ieee; warm_start_maximum_congestion; neg_weight; 4; 300; 385; 23848.950000000004; ((267, 279, 276), 2); 4881.6268344888085; 5; 15; 0; 294; 12
pglib_opf_case300_ieee; warm_start_maximum_congestion; neg_weight; 4; 300; 385; 23848.950000000004; ((267, 280, 277), 1); 4881.22311959953; 5; 15; 0; 294; 12
pglib_opf_case300_ieee; warm_start_maximum_congestion; neg_weight; 4; 300; 385; 23848.950000000004; ((267, 281, 278), 2); 4881.668888123106; 5; 15; 0; 294; 12
pglib_opf_case300_ieee; warm_start_maximum_congestion; neg_weight; 4; 300; 385; 23848.950000000004; ((267, 282, 282), 2); 4881.366101956155; 5; 15; 0; 294; 12
pglib_opf_case300_ieee; warm_start_maximum_congestion; neg_weight; 4; 300; 385; 23848.950000000004; ((267, 283, 283), 2); 4881.467030678476; 5; 15; 0; 294; 12
pglib_opf_case300_ieee; warm_start_maximum_congestion; neg_weight; 4; 300; 385; 23848.950000000004; ((267, 284, 284), 3); 4882.543603716542; 5; 15; 0; 294; 12
pglib_opf_case300_ieee; warm_start_maximum_congestion; neg_weight; 4; 300; 385; 23848.950000000004; ((267, 285, 285), 2); 4881.643655942527; 5; 15; 0; 294; 12
pglib_opf_case300_ieee; warm_start_maximum_congestion; neg_weight; 4; 300; 385; 23848.950000000004; ((267, 286, 286), 3); 4882.282871183885; 5; 15; 0; 294; 12
pglib_opf_case300_ieee; warm_start_maximum_congestion; neg_weight; 4; 300; 385; 23848.950000000004; ((272, 266, 4), 6); 0.0; 2; 2; 0; 300; 1
pglib_opf_case300_ieee; warm_start_maximum_congestion; neg_weight; 4; 300; 385; 23848.950000000004; ((272, 266, 5), 6); 0.0; 2; 2; 0; 300; 1
pglib_opf_case300_ieee; warm_start_maximum_congestion; neg_weight; 4; 300; 385; 23848.950000000004; ((272, 298, 11), 4); 4883.191229684762; 5; 15; 0; 294; 12
pglib_opf_case300_ieee; warm_start_maximum_congestion; neg_weight; 4; 300; 385; 23848.950000000004; ((266, 273, 6), 7); 4886.134984085744; 5; 15; 0; 290; 12
pglib_opf_case300_ieee; warm_start_maximum_congestion; neg_weight; 4; 300; 385; 23848.950000000004; ((266, 276, 271), 1); 4881.189476692089; 5; 15; 0; 294; 12
pglib_opf_case300_ieee; warm_start_maximum_congestion; neg_weight; 4; 300; 385; 23848.950000000004; ((273, 275, 7), 1); 4880.785761802817; 5; 15; 0; 292; 12
pglib_opf_case300_ieee; warm_start_maximum_congestion; neg_weight; 4; 300; 385; 23848.950000000004; ((273, 274, 270), 2); 4881.349280502436; 5; 15; 0; 294; 12
pglib_opf_case300_ieee; warm_start_maximum_congestion; neg_weight; 4; 300; 385; 23848.950000000004; ((275, 277, 272), 0); 0.47000000000116415; 2; 2; 0; 299; 2
pglib_opf_case300_ieee; warm_start_maximum_congestion; neg_weight; 4; 300; 385; 23848.950000000004; ((275, 278, 273), 0); 0.47000000000116415; 2; 2; 0; 299; 2
pglib_opf_case300_ieee; warm_start_maximum_congestion; neg_weight; 4; 300; 385; 23848.950000000004; ((290, 268, 10), 4); 4883.670641115779; 5; 15; 0; 291; 12
pglib_opf_case300_ieee; warm_start_maximum_congestion; neg_weight; 4; 300; 385; 23848.950000000004; ((268, 287, 279), 1); 4880.886690525134; 5; 15; 0; 294; 12
pglib_opf_case300_ieee; warm_start_maximum_congestion; neg_weight; 4; 300; 385; 23848.950000000004; ((268, 288, 280), 1); 5063.910721790326; 7; 16; 0; 290; 13
pglib_opf_case300_ieee; warm_start_maximum_congestion; neg_weight; 4; 300; 385; 23848.950000000004; ((268, 289, 281), 2); 4881.340869775573; 5; 15; 0; 294; 12
pglib_opf_case300_ieee; warm_start_maximum_congestion; neg_weight; 4; 300; 385; 23848.950000000004; ((0, 4, 12), 42); 0.0; 2; 2; 0; 300; 1
pglib_opf_case300_ieee; warm_start_maximum_congestion; neg_weight; 4; 300; 385; 23848.950000000004; ((0, 246, 372), 0); 7.275957614183426e-12; 2; 2; 0; 299; 2
pglib_opf_case300_ieee; warm_start_maximum_congestion; neg_weight; 4; 300; 385; 23848.950000000004; ((4, 8, 18), 138); 0.0; 2; 2; 0; 300; 1
pglib_opf_case300_ieee; warm_start_maximum_congestion; neg_weight; 4; 300; 385; 23848.950000000004; ((1, 5, 13), 120); 5606.623950841531; 5; 28; 0; 287; 18
pglib_opf_case300_ieee; warm_start_maximum_congestion; neg_weight; 4; 300; 385; 23848.950000000004; ((1, 7, 14), 494); 7378.900979724091; 7; 33; 0; 282; 21
pglib_opf_case300_ieee; warm_start_maximum_congestion; neg_weight; 4; 300; 385; 23848.950000000004; ((1, 247, 366), 670); 7564.699097707233; 6; 29; 0; 291; 17
pglib_opf_case300_ieee; warm_start_maximum_congestion; neg_weight; 4; 300; 385; 23848.950000000004; ((7, 13, 20), 431); 7280.573026604234; 7; 33; 0; 282; 21
pglib_opf_case300_ieee; warm_start_maximum_congestion; neg_weight; 4; 300; 385; 23848.950000000004; ((2, 6, 15), 106); 0.0; 2; 2; 0; 300; 1
pglib_opf_case300_ieee; warm_start_maximum_congestion; neg_weight; 4; 300; 385; 23848.950000000004; ((2, 17, 16), 152); 0.0; 2; 2; 0; 300; 1
pglib_opf_case300_ieee; warm_start_maximum_congestion; neg_weight; 4; 300; 385; 23848.950000000004; ((2, 0, 312), 132); 0.0; 2; 2; 0; 300; 1
pglib_opf_case300_ieee; warm_start_maximum_congestion; neg_weight; 4; 300; 385; 23848.950000000004; ((2, 248, 367), 1401); 8651.220563265206; 6; 43; 0; 269; 26
pglib_opf_case300_ieee; warm_start_maximum_congestion; neg_weight; 4; 300; 385; 23848.950000000004; ((6, 11, 19), 68); 0.0; 2; 2; 0; 300; 1
pglib_opf_case300_ieee; warm_start_maximum_congestion; neg_weight; 4; 300; 385; 23848.950000000004; ((6, 4, 314), 174); 0.0; 2; 2; 0; 300; 1
pglib_opf_case300_ieee; warm_start_maximum_congestion; neg_weight; 4; 300; 385; 23848.950000000004; ((17, 19, 28), 197); 0.0; 2; 2; 0; 300; 1
pglib_opf_case300_ieee; warm_start_maximum_congestion; neg_weight; 4; 300; 385; 23848.950000000004; ((17, 71, 29), 350); 4775.950321043085; 5; 25; 0; 290; 15
pglib_opf_case300_ieee; warm_start_maximum_congestion; neg_weight; 4; 300; 385; 23848.950000000004; ((3, 15, 17), 991); 7547.3897338622555; 6; 37; 0; 273; 23
pglib_opf_case300_ieee; warm_start_maximum_congestion; neg_weight; 4; 300; 385; 23848.950000000004; ((3, 2, 313), 991); 7547.3897338622555; 6; 37; 0; 273; 23
pglib_opf_case300_ieee; warm_start_maximum_congestion; neg_weight; 4; 300; 385; 23848.950000000004; ((15, 35, 27), 694); 6398.381841952032; 6; 28; 0; 290; 16
pglib_opf_case300_ieee; warm_start_maximum_congestion; neg_weight; 4; 300; 385; 23848.950000000004; ((15, 14, 318), 297); 5050.083659343662; 5; 27; 0; 290; 16
pglib_opf_case300_ieee; warm_start_maximum_congestion; neg_weight; 4; 300; 385; 23848.950000000004; ((8, 10, 21), 234); 0.0; 2; 2; 0; 300; 1
pglib_opf_case300_ieee; warm_start_maximum_congestion; neg_weight; 4; 300; 385; 23848.950000000004; ((11, 19, 23), 483); 6759.025172404559; 8; 33; 0; 283; 18
pglib_opf_case300_ieee; warm_start_maximum_congestion; neg_weight; 4; 300; 385; 23848.950000000004; ((11, 9, 316), 76); 0.0; 2; 2; 0; 300; 1
pglib_opf_case300_ieee; warm_start_maximum_congestion; neg_weight; 4; 300; 385; 23848.950000000004; ((11, 250, 378), 626); 6443.6029103058645; 6; 25; 0; 293; 14
pglib_opf_case300_ieee; warm_start_maximum_congestion; neg_weight; 4; 300; 385; 23848.950000000004; ((13, 14, 25), 271); 6450.436461359426; 7; 31; 0; 284; 19
pglib_opf_case300_ieee; warm_start_maximum_congestion; neg_weight; 4; 300; 385; 23848.950000000004; ((10, 12, 22), 274); 0.0; 2; 2; 0; 300; 1
pglib_opf_case300_ieee; warm_start_maximum_congestion; neg_weight; 4; 300; 385; 23848.950000000004; ((10, 249, 374), 668); 6475.34147843115; 6; 25; 0; 293; 14
pglib_opf_case300_ieee; warm_start_maximum_congestion; neg_weight; 4; 300; 385; 23848.950000000004; ((12, 18, 24), 216); 0.0; 2; 2; 0; 300; 1
pglib_opf_case300_ieee; warm_start_maximum_congestion; neg_weight; 4; 300; 385; 23848.950000000004; ((19, 22, 32), 254); 0.0; 2; 2; 0; 300; 1
pglib_opf_case300_ieee; warm_start_maximum_congestion; neg_weight; 4; 300; 385; 23848.950000000004; ((19, 18, 319), 462); 0.0; 2; 2; 0; 300; 1
pglib_opf_case300_ieee; warm_start_maximum_congestion; neg_weight; 4; 300; 385; 23848.950000000004; ((18, 20, 30), 33); 0.0; 2; 2; 0; 300; 1
pglib_opf_case300_ieee; warm_start_maximum_congestion; neg_weight; 4; 300; 385; 23848.950000000004; ((18, 25, 31), 40); 0.0; 2; 2; 0; 300; 1
pglib_opf_case300_ieee; warm_start_maximum_congestion; neg_weight; 4; 300; 385; 23848.950000000004; ((14, 73, 26), 62); 5108.9547135708235; 5; 18; 0; 290; 15
pglib_opf_case300_ieee; warm_start_maximum_congestion; neg_weight; 4; 300; 385; 23848.950000000004; ((14, 16, 317), 380); 5183.6549908483175; 5; 27; 0; 290; 16
pglib_opf_case300_ieee; warm_start_maximum_congestion; neg_weight; 4; 300; 385; 23848.950000000004; ((73, 75, 107), 17); 5027.794006865141; 5; 18; 0; 291; 15
pglib_opf_case300_ieee; warm_start_maximum_congestion; neg_weight; 4; 300; 385; 23848.950000000004; ((35, 39, 58), 694); 6398.381841952032; 6; 28; 0; 290; 16
pglib_opf_case300_ieee; warm_start_maximum_congestion; neg_weight; 4; 300; 385; 23848.950000000004; ((71, 77, 329), 118); 4775.950321043554; 6; 27; 0; 289; 16
pglib_opf_case300_ieee; warm_start_maximum_congestion; neg_weight; 4; 300; 385; 23848.950000000004; ((20, 21, 33), 48); 0.0; 2; 2; 0; 300; 1
pglib_opf_case300_ieee; warm_start_maximum_congestion; neg_weight; 4; 300; 385; 23848.950000000004; ((22, 230, 35), 116); 5598.980953958962; 5; 28; 0; 287; 18
pglib_opf_case300_ieee; warm_start_maximum_congestion; neg_weight; 4; 300; 385; 23848.950000000004; ((22, 21, 320), 174); 0.0; 2; 2; 0; 300; 1
pglib_opf_case300_ieee; warm_start_maximum_congestion; neg_weight; 4; 300; 385; 23848.950000000004; ((22, 253, 371), 543); 6871.1191605588865; 7; 32; 0; 275; 20
pglib_opf_case300_ieee; warm_start_maximum_congestion; neg_weight; 4; 300; 385; 23848.950000000004; ((21, 23, 34), 104); 0.0; 2; 2; 0; 300; 1
pglib_opf_case300_ieee; warm_start_maximum_congestion; neg_weight; 4; 300; 385; 23848.950000000004; ((21, 252, 375), 0); 0.0; 2; 2; 0; 299; 2
pglib_opf_case300_ieee; warm_start_maximum_congestion; neg_weight; 4; 300; 385; 23848.950000000004; ((23, 24, 36), 59); 0.0; 2; 2; 0; 300; 1
pglib_opf_case300_ieee; warm_start_maximum_congestion; neg_weight; 4; 300; 385; 23848.950000000004; ((24, 25, 37), 29); 0.0; 2; 2; 0; 300; 1
pglib_opf_case300_ieee; warm_start_maximum_congestion; neg_weight; 4; 300; 385; 23848.950000000004; ((24, 231, 38), 2); 4884.413727924362; 5; 15; 0; 294; 12
pglib_opf_case300_ieee; warm_start_maximum_congestion; neg_weight; 4; 300; 385; 23848.950000000004; ((26, 31, 39), 16); 0.0; 2; 2; 0; 300; 1
pglib_opf_case300_ieee; warm_start_maximum_congestion; neg_weight; 4; 300; 385; 23848.950000000004; ((26, 33, 40), 17); 0.0; 2; 2; 0; 300; 1
pglib_opf_case300_ieee; warm_start_maximum_congestion; neg_weight; 4; 300; 385; 23848.950000000004; ((26, 34, 41), 88); 0.0; 2; 2; 0; 300; 1
pglib_opf_case300_ieee; warm_start_maximum_congestion; neg_weight; 4; 300; 385; 23848.950000000004; ((31, 34, 52), 107); 0.0; 2; 2; 0; 300; 1
pglib_opf_case300_ieee; warm_start_maximum_congestion; neg_weight; 4; 300; 385; 23848.950000000004; ((31, 36, 53), 45); 0.0; 1; 1; 0; 300; 1
pglib_opf_case300_ieee; warm_start_maximum_congestion; neg_weight; 4; 300; 385; 23848.950000000004; ((33, 41, 55), 33); 0.0; 1; 1; 0; 300; 1
pglib_opf_case300_ieee; warm_start_maximum_congestion; neg_weight; 4; 300; 385; 23848.950000000004; ((34, 42, 56), 142); 6979.881362757049; 8; 36; 0; 291; 18
pglib_opf_case300_ieee; warm_start_maximum_congestion; neg_weight; 4; 300; 385; 23848.950000000004; ((34, 43, 57), 150); 6979.881362757049; 7; 35; 0; 292; 17
pglib_opf_case300_ieee; warm_start_maximum_congestion; neg_weight; 4; 300; 385; 23848.950000000004; ((27, 35, 42), 0); 0.0; 2; 2; 0; 299; 2
pglib_opf_case300_ieee; warm_start_maximum_congestion; neg_weight; 4; 300; 385; 23848.950000000004; ((28, 59, 43), 17); 0.0; 2; 2; 0; 300; 1
pglib_opf_case300_ieee; warm_start_maximum_congestion; neg_weight; 4; 300; 385; 23848.950000000004; ((28, 62, 44), 100); 0.0; 2; 2; 0; 300; 1
pglib_opf_case300_ieee; warm_start_maximum_congestion; neg_weight; 4; 300; 385; 23848.950000000004; ((28, 63, 45), 140); 0.0; 2; 2; 0; 300; 1
pglib_opf_case300_ieee; warm_start_maximum_congestion; neg_weight; 4; 300; 385; 23848.950000000004; ((59, 63, 87), 59); 0.0; 2; 2; 0; 300; 1
pglib_opf_case300_ieee; warm_start_maximum_congestion; neg_weight; 4; 300; 385; 23848.950000000004; ((59, 237, 88), 14); 4420.146965925465; 6; 17; 0; 291; 14
pglib_opf_case300_ieee; warm_start_maximum_congestion; neg_weight; 4; 300; 385; 23848.950000000004; ((62, 63, 93), 127); 0.0; 2; 2; 0; 300; 1
pglib_opf_case300_ieee; warm_start_maximum_congestion; neg_weight; 4; 300; 385; 23848.950000000004; ((63, 64, 94), 556); 5467.079667400321; 6; 19; 0; 292; 13
pglib_opf_case300_ieee; warm_start_maximum_congestion; neg_weight; 4; 300; 385; 23848.950000000004; ((63, 66, 95), 137); 3000.789453340687; 7; 32; 0; 287; 18
pglib_opf_case300_ieee; warm_start_maximum_congestion; neg_weight; 4; 300; 385; 23848.950000000004; ((63, 238, 96), 11); 7007.2864718365745; 7; 32; 0; 281; 20
pglib_opf_case300_ieee; warm_start_maximum_congestion; neg_weight; 4; 300; 385; 23848.950000000004; ((63, 240, 97), 30); 4433.558000893638; 7; 17; 0; 291; 14
pglib_opf_case300_ieee; warm_start_maximum_congestion; neg_weight; 4; 300; 385; 23848.950000000004; ((29, 72, 46), 23); 0.0; 2; 2; 0; 300; 1
pglib_opf_case300_ieee; warm_start_maximum_congestion; neg_weight; 4; 300; 385; 23848.950000000004; ((29, 28, 321), 23); 0.0; 2; 2; 0; 300; 1
pglib_opf_case300_ieee; warm_start_maximum_congestion; neg_weight; 4; 300; 385; 23848.950000000004; ((30, 31, 47), 76); 0.0; 2; 2; 0; 300; 1
pglib_opf_case300_ieee; warm_start_maximum_congestion; neg_weight; 4; 300; 385; 23848.950000000004; ((30, 33, 48), 61); 0.0; 2; 2; 0; 300; 1
pglib_opf_case300_ieee; warm_start_maximum_congestion; neg_weight; 4; 300; 385; 23848.950000000004; ((30, 34, 49), 11); 0.0; 2; 2; 0; 300; 1
pglib_opf_case300_ieee; warm_start_maximum_congestion; neg_weight; 4; 300; 385; 23848.950000000004; ((30, 42, 50), 339); 6979.881362757049; 7; 36; 0; 291; 18
pglib_opf_case300_ieee; warm_start_maximum_congestion; neg_weight; 4; 300; 385; 23848.950000000004; ((30, 74, 51), 75); 0.0; 2; 2; 0; 300; 1
pglib_opf_case300_ieee; warm_start_maximum_congestion; neg_weight; 4; 300; 385; 23848.950000000004; ((30, 265, 262), 52); 5029.929471775751; 5; 17; 0; 294; 14
pglib_opf_case300_ieee; warm_start_maximum_congestion; neg_weight; 4; 300; 385; 23848.950000000004; ((42, 43, 68), 145); 6972.980784576372; 7; 35; 0; 292; 17
pglib_opf_case300_ieee; warm_start_maximum_congestion; neg_weight; 4; 300; 385; 23848.950000000004; ((42, 256, 376), 718); 7098.898591901609; 6; 34; 0; 290; 18
pglib_opf_case300_ieee; warm_start_maximum_congestion; neg_weight; 4; 300; 385; 23848.950000000004; ((74, 76, 108), 9); 0.0; 2; 2; 0; 300; 1
pglib_opf_case300_ieee; warm_start_maximum_congestion; neg_weight; 4; 300; 385; 23848.950000000004; ((36, 41, 59), 6); 0.0; 2; 2; 0; 300; 1
pglib_opf_case300_ieee; warm_start_maximum_congestion; neg_weight; 4; 300; 385; 23848.950000000004; ((32, 35, 54), 0); 0.0; 2; 2; 0; 298; 2
pglib_opf_case300_ieee; warm_start_maximum_congestion; neg_weight; 4; 300; 385; 23848.950000000004; ((32, 254, 380), 0); 0.0; 2; 2; 0; 299; 2
pglib_opf_case300_ieee; warm_start_maximum_congestion; neg_weight; 4; 300; 385; 23848.950000000004; ((41, 86, 67), 3); 0.0; 2; 2; 0; 300; 1
pglib_opf_case300_ieee; warm_start_maximum_congestion; neg_weight; 4; 300; 385; 23848.950000000004; ((39, 67, 64), 694); 6398.381841952032; 6; 28; 0; 290; 16
pglib_opf_case300_ieee; warm_start_maximum_congestion; neg_weight; 4; 300; 385; 23848.950000000004; ((37, 40, 60), 124); 4916.398446699459; 6; 16; 0; 292; 12
pglib_opf_case300_ieee; warm_start_maximum_congestion; neg_weight; 4; 300; 385; 23848.950000000004; ((37, 46, 61), 103); 4739.398446699455; 5; 12; 0; 296; 9
pglib_opf_case300_ieee; warm_start_maximum_congestion; neg_weight; 4; 300; 385; 23848.950000000004; ((37, 255, 382), 0); 6.001573638059199e-08; 2; 2; 0; 299; 2
pglib_opf_case300_ieee; warm_start_maximum_congestion; neg_weight; 4; 300; 385; 23848.950000000004; ((40, 60, 65), 3); 0.0; 2; 2; 0; 300; 1
pglib_opf_case300_ieee; warm_start_maximum_congestion; neg_weight; 4; 300; 385; 23848.950000000004; ((40, 91, 66), 62); 4916.398446699459; 6; 16; 0; 292; 12
pglib_opf_case300_ieee; warm_start_maximum_congestion; neg_weight; 4; 300; 385; 23848.950000000004; ((46, 47, 71), 182); 4837.793082482858; 5; 12; 0; 296; 9
pglib_opf_case300_ieee; warm_start_maximum_congestion; neg_weight; 4; 300; 385; 23848.950000000004; ((38, 51, 62), 447); 6495.065503936603; 6; 32; 0; 287; 20
pglib_opf_case300_ieee; warm_start_maximum_congestion; neg_weight; 4; 300; 385; 23848.950000000004; ((38, 61, 63), 232); 5670.878786881054; 5; 28; 0; 289; 14
pglib_opf_case300_ieee; warm_start_maximum_congestion; neg_weight; 4; 300; 385; 23848.950000000004; ((38, 37, 322), 215); 4789.222955421028; 6; 24; 0; 289; 16
pglib_opf_case300_ieee; warm_start_maximum_congestion; neg_weight; 4; 300; 385; 23848.950000000004; ((51, 53, 77), 447); 6495.065503936603; 6; 32; 0; 287; 20
pglib_opf_case300_ieee; warm_start_maximum_congestion; neg_weight; 4; 300; 385; 23848.950000000004; ((61, 72, 91), 70); 0.0; 2; 2; 0; 300; 1
pglib_opf_case300_ieee; warm_start_maximum_congestion; neg_weight; 4; 300; 385; 23848.950000000004; ((61, 239, 92), 50); 4451.5250607899; 7; 17; 0; 291; 14
pglib_opf_case300_ieee; warm_start_maximum_congestion; neg_weight; 4; 300; 385; 23848.950000000004; ((61, 60, 325), 111); 0.0; 2; 2; 0; 300; 1
pglib_opf_case300_ieee; warm_start_maximum_congestion; neg_weight; 4; 300; 385; 23848.950000000004; ((67, 172, 102), 367); 0.0; 2; 2; 0; 300; 1
pglib_opf_case300_ieee; warm_start_maximum_congestion; neg_weight; 4; 300; 385; 23848.950000000004; ((67, 173, 103), 420); 0.0; 2; 2; 0; 300; 1
pglib_opf_case300_ieee; warm_start_maximum_congestion; neg_weight; 4; 300; 385; 23848.950000000004; ((67, 72, 326), 92); 4728.785224927218; 4; 25; 0; 290; 15
pglib_opf_case300_ieee; warm_start_maximum_congestion; neg_weight; 4; 300; 385; 23848.950000000004; ((60, 62, 89), 20); 0.0; 2; 2; 0; 300; 1
pglib_opf_case300_ieee; warm_start_maximum_congestion; neg_weight; 4; 300; 385; 23848.950000000004; ((60, 65, 90), 81); 0.0; 2; 2; 0; 300; 1
pglib_opf_case300_ieee; warm_start_maximum_congestion; neg_weight; 4; 300; 385; 23848.950000000004; ((44, 47, 69), 61); 4533.366418140373; 7; 17; 0; 291; 14
pglib_opf_case300_ieee; warm_start_maximum_congestion; neg_weight; 4; 300; 385; 23848.950000000004; ((47, 48, 72), 115); 4758.879848522047; 5; 12; 0; 296; 9
pglib_opf_case300_ieee; warm_start_maximum_congestion; neg_weight; 4; 300; 385; 23848.950000000004; ((47, 257, 383), 150); 6268.26522838635; 6; 30; 0; 290; 18
pglib_opf_case300_ieee; warm_start_maximum_congestion; neg_weight; 4; 300; 385; 23848.950000000004; ((45, 46, 70), 69); 4480.793323741658; 7; 17; 0; 292; 14
pglib_opf_case300_ieee; warm_start_maximum_congestion; neg_weight; 4; 300; 385; 23848.950000000004; ((48, 49, 73), 252); 5866.520387156088; 5; 26; 0; 286; 15
pglib_opf_case300_ieee; warm_start_maximum_congestion; neg_weight; 4; 300; 385; 23848.950000000004; ((48, 54, 74), 39); 5865.014123738038; 6; 19; 0; 291; 15
pglib_opf_case300_ieee; warm_start_maximum_congestion; neg_weight; 4; 300; 385; 23848.950000000004; ((48, 258, 381), 0); 0.0; 2; 2; 0; 299; 2
pglib_opf_case300_ieee; warm_start_maximum_congestion; neg_weight; 4; 300; 385; 23848.950000000004; ((49, 50, 75), 266); 5883.880959926017; 5; 26; 0; 286; 15
pglib_opf_case300_ieee; warm_start_maximum_congestion; neg_weight; 4; 300; 385; 23848.950000000004; ((54, 235, 80), 145); 5166.48292807896; 7; 28; 0; 282; 18
pglib_opf_case300_ieee; warm_start_maximum_congestion; neg_weight; 4; 300; 385; 23848.950000000004; ((50, 52, 76), 484); 6074.824877385239; 5; 28; 0; 281; 17
pglib_opf_case300_ieee; warm_start_maximum_congestion; neg_weight; 4; 300; 385; 23848.950000000004; ((52, 259, 368), 1209); 7524.920579574271; 7; 29; 0; 279; 18
pglib_opf_case300_ieee; warm_start_maximum_congestion; neg_weight; 4; 300; 385; 23848.950000000004; ((53, 55, 78), 177); 6817.290980720973; 6; 28; 0; 286; 16
pglib_opf_case300_ieee; warm_start_maximum_congestion; neg_weight; 4; 300; 385; 23848.950000000004; ((53, 122, 79), 353); 4253.313713877455; 5; 9; 0; 298; 7
pglib_opf_case300_ieee; warm_start_maximum_congestion; neg_weight; 4; 300; 385; 23848.950000000004; ((53, 52, 323), 498); 5865.014123738038; 5; 19; 0; 291; 15
pglib_opf_case300_ieee; warm_start_maximum_congestion; neg_weight; 4; 300; 385; 23848.950000000004; ((53, 260, 369), 479); 6726.140078309676; 6; 34; 0; 274; 23
pglib_opf_case300_ieee; warm_start_maximum_congestion; neg_weight; 4; 300; 385; 23848.950000000004; ((55, 54, 324), 177); 6817.290980720973; 6; 28; 0; 286; 16
pglib_opf_case300_ieee; warm_start_maximum_congestion; neg_weight; 4; 300; 385; 23848.950000000004; ((56, 189, 81), 28); 0.0; 2; 2; 0; 300; 1
pglib_opf_case300_ieee; warm_start_maximum_congestion; neg_weight; 4; 300; 385; 23848.950000000004; ((56, 65, 82), 79); 0.0; 2; 2; 0; 300; 1
pglib_opf_case300_ieee; warm_start_maximum_congestion; neg_weight; 4; 300; 385; 23848.950000000004; ((56, 179, 353), 52); 0.0; 2; 2; 0; 300; 1
pglib_opf_case300_ieee; warm_start_maximum_congestion; neg_weight; 4; 300; 385; 23848.950000000004; ((189, 180, 354), 26); 0.0; 2; 2; 0; 300; 1
pglib_opf_case300_ieee; warm_start_maximum_congestion; neg_weight; 4; 300; 385; 23848.950000000004; ((65, 189, 100), 50); 0.0; 2; 2; 0; 300; 1
pglib_opf_case300_ieee; warm_start_maximum_congestion; neg_weight; 4; 300; 385; 23848.950000000004; ((57, 58, 83), 84); 4480.409225481799; 7; 17; 0; 290; 14
pglib_opf_case300_ieee; warm_start_maximum_congestion; neg_weight; 4; 300; 385; 23848.950000000004; ((57, 236, 84), 28); 4432.268486342367; 7; 17; 0; 291; 14
pglib_opf_case300_ieee; warm_start_maximum_congestion; neg_weight; 4; 300; 385; 23848.950000000004; ((58, 59, 85), 5); 0.0; 2; 2; 0; 300; 1
pglib_opf_case300_ieee; warm_start_maximum_congestion; neg_weight; 4; 300; 385; 23848.950000000004; ((58, 60, 86), 8); 0.0; 2; 2; 0; 300; 1
pglib_opf_case300_ieee; warm_start_maximum_congestion; neg_weight; 4; 300; 385; 23848.950000000004; ((58, 261, 384), 203); 7192.347470772336; 7; 33; 0; 281; 20
pglib_opf_case300_ieee; warm_start_maximum_congestion; neg_weight; 4; 300; 385; 23848.950000000004; ((64, 65, 98), 259); 0.0; 2; 2; 0; 300; 1
pglib_opf_case300_ieee; warm_start_maximum_congestion; neg_weight; 4; 300; 385; 23848.950000000004; ((64, 68, 99), 815); 6519.40964416488; 6; 27; 0; 290; 16
pglib_opf_case300_ieee; warm_start_maximum_congestion; neg_weight; 4; 300; 385; 23848.950000000004; ((66, 189, 101), 109); 2960.6627075021934; 7; 31; 0; 289; 17
pglib_opf_case300_ieee; warm_start_maximum_congestion; neg_weight; 4; 300; 385; 23848.950000000004; ((172, 197, 214), 480); 5006.008718849982; 4; 26; 0; 288; 13
pglib_opf_case300_ieee; warm_start_maximum_congestion; neg_weight; 4; 300; 385; 23848.950000000004; ((172, 241, 215), 114); 7059.625223603496; 7; 33; 0; 281; 20
pglib_opf_case300_ieee; warm_start_maximum_congestion; neg_weight; 4; 300; 385; 23848.950000000004; ((173, 197, 216), 420); 0.0; 2; 2; 0; 300; 1
pglib_opf_case300_ieee; warm_start_maximum_congestion; neg_weight; 4; 300; 385; 23848.950000000004; ((69, 70, 104), 107); 0.0; 2; 2; 0; 300; 1
pglib_opf_case300_ieee; warm_start_maximum_congestion; neg_weight; 4; 300; 385; 23848.950000000004; ((69, 80, 327), 107); 0.0; 2; 2; 0; 300; 1
pglib_opf_case300_ieee; warm_start_maximum_congestion; neg_weight; 4; 300; 385; 23848.950000000004; ((70, 71, 105), 231); 4675.4754483759425; 6; 26; 0; 290; 15
pglib_opf_case300_ieee; warm_start_maximum_congestion; neg_weight; 4; 300; 385; 23848.950000000004; ((70, 233, 106), 15); 4978.998218062745; 5; 27; 0; 286; 16
pglib_opf_case300_ieee; warm_start_maximum_congestion; neg_weight; 4; 300; 385; 23848.950000000004; ((70, 82, 328), 139); 0.0; 2; 2; 0; 300; 1
pglib_opf_case300_ieee; warm_start_maximum_congestion; neg_weight; 4; 300; 385; 23848.950000000004; ((76, 83, 109), 11); 0.0; 2; 2; 0; 300; 1
pglib_opf_case300_ieee; warm_start_maximum_congestion; neg_weight; 4; 300; 385; 23848.950000000004; ((76, 85, 110), 3); 0.0; 2; 2; 0; 300; 1
pglib_opf_case300_ieee; warm_start_maximum_congestion; neg_weight; 4; 300; 385; 23848.950000000004; ((83, 85, 122), 30); 0.0; 1; 1; 0; 300; 1
pglib_opf_case300_ieee; warm_start_maximum_congestion; neg_weight; 4; 300; 385; 23848.950000000004; ((85, 86, 125), 29); 0.0; 2; 2; 0; 300; 1
pglib_opf_case300_ieee; warm_start_maximum_congestion; neg_weight; 4; 300; 385; 23848.950000000004; ((85, 89, 126), 12); 0.0; 1; 1; 0; 300; 1
pglib_opf_case300_ieee; warm_start_maximum_congestion; neg_weight; 4; 300; 385; 23848.950000000004; ((77, 78, 111), 58); 0.0; 1; 1; 0; 300; 1
pglib_opf_case300_ieee; warm_start_maximum_congestion; neg_weight; 4; 300; 385; 23848.950000000004; ((78, 81, 112), 31); 0.0; 2; 2; 0; 300; 1
pglib_opf_case300_ieee; warm_start_maximum_congestion; neg_weight; 4; 300; 385; 23848.950000000004; ((78, 82, 113), 23); 0.0; 2; 2; 0; 300; 1
pglib_opf_case300_ieee; warm_start_maximum_congestion; neg_weight; 4; 300; 385; 23848.950000000004; ((78, 83, 114), 72); 0.0; 1; 1; 0; 300; 1
pglib_opf_case300_ieee; warm_start_maximum_congestion; neg_weight; 4; 300; 385; 23848.950000000004; ((81, 82, 120), 12); 0.0; 2; 2; 0; 300; 1
pglib_opf_case300_ieee; warm_start_maximum_congestion; neg_weight; 4; 300; 385; 23848.950000000004; ((82, 84, 121), 33); 0.0; 1; 1; 0; 300; 1
pglib_opf_case300_ieee; warm_start_maximum_congestion; neg_weight; 4; 300; 385; 23848.950000000004; ((79, 81, 115), 20); 0.0; 2; 2; 0; 300; 1
pglib_opf_case300_ieee; warm_start_maximum_congestion; neg_weight; 4; 300; 385; 23848.950000000004; ((79, 82, 116), 7); 0.0; 2; 2; 0; 300; 1
pglib_opf_case300_ieee; warm_start_maximum_congestion; neg_weight; 4; 300; 385; 23848.950000000004; ((80, 86, 117), 36); 0.0; 2; 2; 0; 300; 1
pglib_opf_case300_ieee; warm_start_maximum_congestion; neg_weight; 4; 300; 385; 23848.950000000004; ((80, 87, 118), 83); 0.0; 1; 1; 0; 300; 1
pglib_opf_case300_ieee; warm_start_maximum_congestion; neg_weight; 4; 300; 385; 23848.950000000004; ((80, 89, 119), 70); 5064.915230331448; 6; 19; 0; 290; 15
pglib_opf_case300_ieee; warm_start_maximum_congestion; neg_weight; 4; 300; 385; 23848.950000000004; ((87, 234, 127), 25); 5016.498376977168; 5; 18; 0; 291; 15
pglib_opf_case300_ieee; warm_start_maximum_congestion; neg_weight; 4; 300; 385; 23848.950000000004; ((89, 90, 130), 20); 5012.233680049587; 5; 18; 0; 291; 15
pglib_opf_case300_ieee; warm_start_maximum_congestion; neg_weight; 4; 300; 385; 23848.950000000004; ((84, 87, 123), 22); 0.0; 1; 1; 0; 300; 1
pglib_opf_case300_ieee; warm_start_maximum_congestion; neg_weight; 4; 300; 385; 23848.950000000004; ((84, 232, 124), 2); 4882.0137279243645; 5; 15; 0; 294; 12
pglib_opf_case300_ieee; warm_start_maximum_congestion; neg_weight; 4; 300; 385; 23848.950000000004; ((88, 91, 128), 36); 4916.398446699459; 6; 16; 0; 292; 12
pglib_opf_case300_ieee; warm_start_maximum_congestion; neg_weight; 4; 300; 385; 23848.950000000004; ((88, 92, 129), 6); 0.0; 2; 2; 0; 300; 1
pglib_opf_case300_ieee; warm_start_maximum_congestion; neg_weight; 4; 300; 385; 23848.950000000004; ((92, 185, 330), 13); 0.0; 2; 2; 0; 300; 1
pglib_opf_case300_ieee; warm_start_maximum_congestion; neg_weight; 4; 300; 385; 23848.950000000004; ((93, 100, 131), 20); 0.0; 2; 2; 0; 300; 1
pglib_opf_case300_ieee; warm_start_maximum_congestion; neg_weight; 4; 300; 385; 23848.950000000004; ((100, 101, 140), 25); 0.0; 2; 2; 0; 300; 1
pglib_opf_case300_ieee; warm_start_maximum_congestion; neg_weight; 4; 300; 385; 23848.950000000004; ((100, 103, 141), 9); 0.0; 2; 2; 0; 300; 1
pglib_opf_case300_ieee; warm_start_maximum_congestion; neg_weight; 4; 300; 385; 23848.950000000004; ((94, 98, 132), 69); 0.0; 3; 4; 0; 300; 1
pglib_opf_case300_ieee; warm_start_maximum_congestion; neg_weight; 4; 300; 385; 23848.950000000004; ((94, 102, 331), 69); 0.0; 3; 4; 0; 300; 1
pglib_opf_case300_ieee; warm_start_maximum_congestion; neg_weight; 4; 300; 385; 23848.950000000004; ((98, 243, 365), 100); 5447.892316614645; 4; 30; 0; 287; 18
pglib_opf_case300_ieee; warm_start_maximum_congestion; neg_weight; 4; 300; 385; 23848.950000000004; ((95, 96, 133), 429); 9224.61916110432; 7; 44; 0; 286; 21
pglib_opf_case300_ieee; warm_start_maximum_congestion; neg_weight; 4; 300; 385; 23848.950000000004; ((96, 97, 134), 533); 8117.514891440156; 5; 41; 0; 284; 21
pglib_opf_case300_ieee; warm_start_maximum_congestion; neg_weight; 4; 300; 385; 23848.950000000004; ((96, 244, 135), 39); 0.0; 2; 2; 0; 300; 1
pglib_opf_case300_ieee; warm_start_maximum_congestion; neg_weight; 4; 300; 385; 23848.950000000004; ((96, 99, 137), 51); 0.0; 2; 3; 0; 300; 1
pglib_opf_case300_ieee; warm_start_maximum_congestion; neg_weight; 4; 300; 385; 23848.950000000004; ((97, 98, 138), 707); 8726.726101467768; 7; 38; 0; 290; 18
pglib_opf_case300_ieee; warm_start_maximum_congestion; neg_weight; 4; 300; 385; 23848.950000000004; ((97, 99, 139), 504); 0.0; 2; 3; 0; 300; 1
pglib_opf_case300_ieee; warm_start_maximum_congestion; neg_weight; 4; 300; 385; 23848.950000000004; ((97, 242, 364), 100); 6924.086771792554; 7; 33; 0; 281; 20
pglib_opf_case300_ieee; warm_start_maximum_congestion; neg_weight; 4; 300; 385; 23848.950000000004; ((244, 98, 136), 39); 0.0; 2; 2; 0; 300; 1
pglib_opf_case300_ieee; warm_start_maximum_congestion; neg_weight; 4; 300; 385; 23848.950000000004; ((99, 93, 332), 20); 0.0; 2; 2; 0; 300; 1
pglib_opf_case300_ieee; warm_start_maximum_congestion; neg_weight; 4; 300; 385; 23848.950000000004; ((101, 102, 142), 35); 0.0; 3; 4; 0; 300; 1
pglib_opf_case300_ieee; warm_start_maximum_congestion; neg_weight; 4; 300; 385; 23848.950000000004; ((101, 103, 143), 18); 0.0; 2; 2; 0; 300; 1
pglib_opf_case300_ieee; warm_start_maximum_congestion; neg_weight; 4; 300; 385; 23848.950000000004; ((103, 104, 144), 523); 5849.254277002077; 7; 31; 0; 290; 14
pglib_opf_case300_ieee; warm_start_maximum_congestion; neg_weight; 4; 300; 385; 23848.950000000004; ((105, 106, 145), 232); 4216.367064778075; 8; 30; 0; 281; 19
pglib_opf_case300_ieee; warm_start_maximum_congestion; neg_weight; 4; 300; 385; 23848.950000000004; ((105, 112, 146), 67); 0.0; 2; 3; 0; 300; 1
pglib_opf_case300_ieee; warm_start_maximum_congestion; neg_weight; 4; 300; 385; 23848.950000000004; ((105, 146, 147), 231); 4216.367064778075; 8; 30; 0; 281; 19
pglib_opf_case300_ieee; warm_start_maximum_congestion; neg_weight; 4; 300; 385; 23848.950000000004; ((105, 104, 288), 149); 5959.065254870988; 9; 27; 0; 291; 14
pglib_opf_case300_ieee; warm_start_maximum_congestion; neg_weight; 4; 300; 385; 23848.950000000004; ((106, 108, 148), 204); 0.0; 2; 3; 0; 300; 1
pglib_opf_case300_ieee; warm_start_maximum_congestion; neg_weight; 4; 300; 385; 23848.950000000004; ((106, 111, 149), 27); 0.0; 2; 2; 0; 300; 1
pglib_opf_case300_ieee; warm_start_maximum_congestion; neg_weight; 4; 300; 385; 23848.950000000004; ((112, 113, 159), 46); 0.0; 2; 2; 0; 300; 1
pglib_opf_case300_ieee; warm_start_maximum_congestion; neg_weight; 4; 300; 385; 23848.950000000004; ((112, 162, 160), 113); 5463.421097496343; 4; 29; 0; 288; 18
pglib_opf_case300_ieee; warm_start_maximum_congestion; neg_weight; 4; 300; 385; 23848.950000000004; ((108, 110, 152), 388); 0.0; 2; 2; 0; 300; 1
pglib_opf_case300_ieee; warm_start_maximum_congestion; neg_weight; 4; 300; 385; 23848.950000000004; ((108, 129, 153), 267); 0.0; 2; 2; 0; 300; 1
pglib_opf_case300_ieee; warm_start_maximum_congestion; neg_weight; 4; 300; 385; 23848.950000000004; ((108, 145, 154), 249); 0.0; 2; 3; 0; 300; 1
pglib_opf_case300_ieee; warm_start_maximum_congestion; neg_weight; 4; 300; 385; 23848.950000000004; ((108, 146, 155), 202); 0.0; 2; 3; 0; 300; 1
pglib_opf_case300_ieee; warm_start_maximum_congestion; neg_weight; 4; 300; 385; 23848.950000000004; ((108, 109, 334), 0); 0.0; 2; 2; 0; 299; 2
pglib_opf_case300_ieee; warm_start_maximum_congestion; neg_weight; 4; 300; 385; 23848.950000000004; ((108, 128, 335), 0); 0.0; 2; 2; 0; 299; 2
pglib_opf_case300_ieee; warm_start_maximum_congestion; neg_weight; 4; 300; 385; 23848.950000000004; ((108, 262, 373), 1510); 7032.140433165692; 4; 27; 0; 286; 16
pglib_opf_case300_ieee; warm_start_maximum_congestion; neg_weight; 4; 300; 385; 23848.950000000004; ((111, 115, 156), 996); 4320.834178066543; 5; 26; 0; 281; 19
pglib_opf_case300_ieee; warm_start_maximum_congestion; neg_weight; 4; 300; 385; 23848.950000000004; ((111, 146, 157), 29); 0.0; 2; 2; 0; 300; 1
pglib_opf_case300_ieee; warm_start_maximum_congestion; neg_weight; 4; 300; 385; 23848.950000000004; ((111, 147, 158), 192); 7008.22313756909; 10; 41; 0; 280; 22
pglib_opf_case300_ieee; warm_start_maximum_congestion; neg_weight; 4; 300; 385; 23848.950000000004; ((111, 149, 294), 764); 7078.225733551488; 6; 35; 0; 289; 19
pglib_opf_case300_ieee; warm_start_maximum_congestion; neg_weight; 4; 300; 385; 23848.950000000004; ((107, 108, 150), 199); 0.0; 2; 3; 0; 300; 1
pglib_opf_case300_ieee; warm_start_maximum_congestion; neg_weight; 4; 300; 385; 23848.950000000004; ((107, 111, 151), 16); 0.0; 2; 2; 0; 300; 1
pglib_opf_case300_ieee; warm_start_maximum_congestion; neg_weight; 4; 300; 385; 23848.950000000004; ((107, 104, 289), 183); 0.0; 3; 4; 0; 300; 1
pglib_opf_case300_ieee; warm_start_maximum_congestion; neg_weight; 4; 300; 385; 23848.950000000004; ((110, 104, 290), 173); 0.0; 2; 2; 0; 300; 1
pglib_opf_case300_ieee; warm_start_maximum_congestion; neg_weight; 4; 300; 385; 23848.950000000004; ((110, 148, 336), 215); 0.0; 2; 3; 0; 300; 1
pglib_opf_case300_ieee; warm_start_maximum_congestion; neg_weight; 4; 300; 385; 23848.950000000004; ((129, 148, 342), 267); 0.0; 2; 2; 0; 300; 1
pglib_opf_case300_ieee; warm_start_maximum_congestion; neg_weight; 4; 300; 385; 23848.950000000004; ((145, 147, 189), 51); 0.0; 2; 2; 0; 300; 1
pglib_opf_case300_ieee; warm_start_maximum_congestion; neg_weight; 4; 300; 385; 23848.950000000004; ((115, 118, 164), 966); 7864.510376755456; 6; 35; 0; 283; 18
pglib_opf_case300_ieee; warm_start_maximum_congestion; neg_weight; 4; 300; 385; 23848.950000000004; ((115, 159, 165), 435); 0.0; 2; 2; 0; 300; 1
pglib_opf_case300_ieee; warm_start_maximum_congestion; neg_weight; 4; 300; 385; 23848.950000000004; ((115, 164, 166), 1047); 0.0; 2; 2; 0; 300; 1
pglib_opf_case300_ieee; warm_start_maximum_congestion; neg_weight; 4; 300; 385; 23848.950000000004; ((115, 166, 167), 1213); 0.0; 2; 2; 0; 300; 1
pglib_opf_case300_ieee; warm_start_maximum_congestion; neg_weight; 4; 300; 385; 23848.950000000004; ((147, 104, 293), 142); 0.0; 3; 4; 0; 300; 1
pglib_opf_case300_ieee; warm_start_maximum_congestion; neg_weight; 4; 300; 385; 23848.950000000004; ((113, 114, 161), 123); 0.0; 2; 3; 0; 300; 1
pglib_opf_case300_ieee; warm_start_maximum_congestion; neg_weight; 4; 300; 385; 23848.950000000004; ((162, 163, 203), 250); 5598.495556245332; 4; 26; 0; 288; 16
pglib_opf_case300_ieee; warm_start_maximum_congestion; neg_weight; 4; 300; 385; 23848.950000000004; ((114, 115, 162), 191); 0.0; 2; 3; 0; 300; 1
pglib_opf_case300_ieee; warm_start_maximum_congestion; neg_weight; 4; 300; 385; 23848.950000000004; ((114, 130, 163), 12); 0.0; 2; 2; 0; 300; 1
pglib_opf_case300_ieee; warm_start_maximum_congestion; neg_weight; 4; 300; 385; 23848.950000000004; ((130, 131, 177), 5); 0.0; 2; 2; 0; 300; 1
pglib_opf_case300_ieee; warm_start_maximum_congestion; neg_weight; 4; 300; 385; 23848.950000000004; ((118, 120, 168), 257); 5063.558727474807; 6; 15; 0; 291; 12
pglib_opf_case300_ieee; warm_start_maximum_congestion; neg_weight; 4; 300; 385; 23848.950000000004; ((118, 160, 169), 836); 6769.9652307646975; 6; 27; 0; 292; 16
pglib_opf_case300_ieee; warm_start_maximum_congestion; neg_weight; 4; 300; 385; 23848.950000000004; ((159, 116, 201), 444); 0.0; 2; 2; 0; 300; 1
pglib_opf_case300_ieee; warm_start_maximum_congestion; neg_weight; 4; 300; 385; 23848.950000000004; ((159, 165, 202), 952); 0.0; 2; 2; 0; 300; 1
pglib_opf_case300_ieee; warm_start_maximum_congestion; neg_weight; 4; 300; 385; 23848.950000000004; ((164, 166, 204), 1358); 7878.877869430706; 4; 44; 0; 278; 26
pglib_opf_case300_ieee; warm_start_maximum_congestion; neg_weight; 4; 300; 385; 23848.950000000004; ((166, 116, 206), 575); 0.0; 2; 2; 0; 300; 1
pglib_opf_case300_ieee; warm_start_maximum_congestion; neg_weight; 4; 300; 385; 23848.950000000004; ((120, 121, 171), 484); 5723.269037764829; 7; 32; 0; 287; 18
pglib_opf_case300_ieee; warm_start_maximum_congestion; neg_weight; 4; 300; 385; 23848.950000000004; ((120, 153, 338), 171); 3335.1397522099214; 5; 20; 0; 290; 10
pglib_opf_case300_ieee; warm_start_maximum_congestion; neg_weight; 4; 300; 385; 23848.950000000004; ((160, 117, 349), 595); 5943.979424261306; 6; 28; 0; 290; 14
pglib_opf_case300_ieee; warm_start_maximum_congestion; neg_weight; 4; 300; 385; 23848.950000000004; ((119, 124, 170), 11); 5111.923076889194; 6; 22; 0; 290; 16
pglib_opf_case300_ieee; warm_start_maximum_congestion; neg_weight; 4; 300; 385; 23848.950000000004; ((119, 152, 337), 141); 5402.301177252961; 8; 33; 0; 273; 21
pglib_opf_case300_ieee; warm_start_maximum_congestion; neg_weight; 4; 300; 385; 23848.950000000004; ((124, 125, 176), 0); 0.0; 2; 2; 0; 299; 2
pglib_opf_case300_ieee; warm_start_maximum_congestion; neg_weight; 4; 300; 385; 23848.950000000004; ((121, 123, 172), 198); 4240.232718819712; 6; 35; 0; 278; 22
pglib_opf_case300_ieee; warm_start_maximum_congestion; neg_weight; 4; 300; 385; 23848.950000000004; ((121, 127, 173), 63); 0.0; 2; 2; 0; 300; 1
pglib_opf_case300_ieee; warm_start_maximum_congestion; neg_weight; 4; 300; 385; 23848.950000000004; ((121, 122, 339), 353); 4253.313713877455; 5; 9; 0; 298; 7
pglib_opf_case300_ieee; warm_start_maximum_congestion; neg_weight; 4; 300; 385; 23848.950000000004; ((121, 126, 340), 257); 4362.618659231484; 6; 33; 0; 280; 20
pglib_opf_case300_ieee; warm_start_maximum_congestion; neg_weight; 4; 300; 385; 23848.950000000004; ((123, 124, 174), 102); 5191.831501584857; 5; 21; 0; 291; 15
pglib_opf_case300_ieee; warm_start_maximum_congestion; neg_weight; 4; 300; 385; 23848.950000000004; ((123, 127, 175), 63); 0.0; 2; 2; 0; 300; 1
pglib_opf_case300_ieee; warm_start_maximum_congestion; neg_weight; 4; 300; 385; 23848.950000000004; ((123, 158, 341), 339); 4378.715188791124; 6; 38; 0; 272; 25
pglib_opf_case300_ieee; warm_start_maximum_congestion; neg_weight; 4; 300; 385; 23848.950000000004; ((131, 139, 178), 150); 0.0; 2; 3; 0; 300; 1
pglib_opf_case300_ieee; warm_start_maximum_congestion; neg_weight; 4; 300; 385; 23848.950000000004; ((131, 161, 343), 88); 6935.091835026207; 8; 33; 0; 280; 20
pglib_opf_case300_ieee; warm_start_maximum_congestion; neg_weight; 4; 300; 385; 23848.950000000004; ((132, 134, 179), 22); 0.0; 2; 2; 0; 300; 1
pglib_opf_case300_ieee; warm_start_maximum_congestion; neg_weight; 4; 300; 385; 23848.950000000004; ((132, 161, 180), 48); 0.0; 2; 2; 0; 300; 1
pglib_opf_case300_ieee; warm_start_maximum_congestion; neg_weight; 4; 300; 385; 23848.950000000004; ((133, 139, 181), 115); 0.0; 2; 2; 0; 300; 1
pglib_opf_case300_ieee; warm_start_maximum_congestion; neg_weight; 4; 300; 385; 23848.950000000004; ((133, 134, 344), 97); 6282.153859888913; 8; 33; 0; 280; 20
pglib_opf_case300_ieee; warm_start_maximum_congestion; neg_weight; 4; 300; 385; 23848.950000000004; ((135, 137, 182), 322); 7778.159636324759; 7; 45; 0; 277; 23
pglib_opf_case300_ieee; warm_start_maximum_congestion; neg_weight; 4; 300; 385; 23848.950000000004; ((135, 104, 291), 44); 0.0; 2; 2; 0; 300; 1
pglib_opf_case300_ieee; warm_start_maximum_congestion; neg_weight; 4; 300; 385; 23848.950000000004; ((135, 100, 333), 243); 6350.01835699346; 8; 36; 0; 285; 19
pglib_opf_case300_ieee; warm_start_maximum_congestion; neg_weight; 4; 300; 385; 23848.950000000004; ((137, 95, 345), 429); 9224.61916110432; 7; 44; 0; 286; 21
pglib_opf_case300_ieee; warm_start_maximum_congestion; neg_weight; 4; 300; 385; 23848.950000000004; ((136, 137, 183), 73); 0.0; 2; 2; 0; 300; 1
pglib_opf_case300_ieee; warm_start_maximum_congestion; neg_weight; 4; 300; 385; 23848.950000000004; ((136, 138, 184), 95); 0.0; 2; 2; 0; 300; 1
pglib_opf_case300_ieee; warm_start_maximum_congestion; neg_weight; 4; 300; 385; 23848.950000000004; ((136, 104, 292), 21); 0.0; 2; 2; 0; 300; 1
pglib_opf_case300_ieee; warm_start_maximum_congestion; neg_weight; 4; 300; 385; 23848.950000000004; ((138, 102, 346), 95); 0.0; 2; 2; 0; 300; 1
pglib_opf_case300_ieee; warm_start_maximum_congestion; neg_weight; 4; 300; 385; 23848.950000000004; ((140, 142, 185), 85); 6906.69899902607; 7; 32; 0; 278; 20
pglib_opf_case300_ieee; warm_start_maximum_congestion; neg_weight; 4; 300; 385; 23848.950000000004; ((140, 143, 186), 0); 0.0; 2; 2; 0; 297; 2
pglib_opf_case300_ieee; warm_start_maximum_congestion; neg_weight; 4; 300; 385; 23848.950000000004; ((142, 133, 348), 183); 0.0; 2; 3; 0; 300; 1
pglib_opf_case300_ieee; warm_start_maximum_congestion; neg_weight; 4; 300; 385; 23848.950000000004; ((143, 144, 188), 0); 0.0; 2; 2; 0; 298; 2
pglib_opf_case300_ieee; warm_start_maximum_congestion; neg_weight; 4; 300; 385; 23848.950000000004; ((141, 142, 187), 268); 4753.428961843732; 7; 29; 0; 281; 18
pglib_opf_case300_ieee; warm_start_maximum_congestion; neg_weight; 4; 300; 385; 23848.950000000004; ((141, 115, 347), 268); 4753.428961843732; 7; 29; 0; 281; 18
pglib_opf_case300_ieee; warm_start_maximum_congestion; neg_weight; 4; 300; 385; 23848.950000000004; ((144, 264, 370), 0); 0.0; 2; 2; 0; 299; 2
pglib_opf_case300_ieee; warm_start_maximum_congestion; neg_weight; 4; 300; 385; 23848.950000000004; ((150, 151, 190), 31); 3636.4669086704016; 7; 30; 0; 278; 18
pglib_opf_case300_ieee; warm_start_maximum_congestion; neg_weight; 4; 300; 385; 23848.950000000004; ((150, 152, 191), 58); 5402.301177252961; 9; 34; 0; 274; 21
pglib_opf_case300_ieee; warm_start_maximum_congestion; neg_weight; 4; 300; 385; 23848.950000000004; ((151, 152, 192), 83); 3636.4669086704016; 7; 30; 0; 278; 18
pglib_opf_case300_ieee; warm_start_maximum_congestion; neg_weight; 4; 300; 385; 23848.950000000004; ((151, 153, 193), 22); 5253.845470949502; 8; 20; 0; 288; 14
pglib_opf_case300_ieee; warm_start_maximum_congestion; neg_weight; 4; 300; 385; 23848.950000000004; ((151, 154, 194), 27); 3656.7078391220093; 7; 30; 0; 279; 18
pglib_opf_case300_ieee; warm_start_maximum_congestion; neg_weight; 4; 300; 385; 23848.950000000004; ((153, 154, 195), 18); 0.0; 2; 2; 0; 300; 1
pglib_opf_case300_ieee; warm_start_maximum_congestion; neg_weight; 4; 300; 385; 23848.950000000004; ((153, 157, 196), 9); 0.0; 2; 2; 0; 300; 1
pglib_opf_case300_ieee; warm_start_maximum_congestion; neg_weight; 4; 300; 385; 23848.950000000004; ((154, 155, 197), 50); 4425.050336258195; 6; 34; 0; 275; 21
pglib_opf_case300_ieee; warm_start_maximum_congestion; neg_weight; 4; 300; 385; 23848.950000000004; ((155, 156, 198), 47); 0.0; 2; 2; 0; 300; 1
pglib_opf_case300_ieee; warm_start_maximum_congestion; neg_weight; 4; 300; 385; 23848.950000000004; ((156, 157, 199), 21); 6210.286949861755; 9; 39; 0; 273; 25
pglib_opf_case300_ieee; warm_start_maximum_congestion; neg_weight; 4; 300; 385; 23848.950000000004; ((156, 158, 200), 269); 4378.715188791124; 6; 38; 0; 272; 25
pglib_opf_case300_ieee; warm_start_maximum_congestion; neg_weight; 4; 300; 385; 23848.950000000004; ((165, 166, 205), 612); 0.0; 2; 2; 0; 300; 1
pglib_opf_case300_ieee; warm_start_maximum_congestion; neg_weight; 4; 300; 385; 23848.950000000004; ((167, 186, 207), 0); 0.0; 2; 2; 0; 300; 1
pglib_opf_case300_ieee; warm_start_maximum_congestion; neg_weight; 4; 300; 385; 23848.950000000004; ((167, 187, 208), 1); 0.0; 2; 2; 0; 300; 1
pglib_opf_case300_ieee; warm_start_maximum_congestion; neg_weight; 4; 300; 385; 23848.950000000004; ((168, 209, 209), 63); 0.0; 2; 2; 0; 300; 1
pglib_opf_case300_ieee; warm_start_maximum_congestion; neg_weight; 4; 300; 385; 23848.950000000004; ((168, 218, 297), 33); 7040.681304780806; 7; 32; 0; 280; 20
pglib_opf_case300_ieee; warm_start_maximum_congestion; neg_weight; 4; 300; 385; 23848.950000000004; ((168, 207, 305), 96); 0.0; 2; 2; 0; 300; 1
pglib_opf_case300_ieee; warm_start_maximum_congestion; neg_weight; 4; 300; 385; 23848.950000000004; ((209, 215, 249), 1212); 0.0; 2; 2; 0; 300; 1
pglib_opf_case300_ieee; warm_start_maximum_congestion; neg_weight; 4; 300; 385; 23848.950000000004; ((209, 204, 302), 310); 0.0; 2; 2; 0; 300; 1
pglib_opf_case300_ieee; warm_start_maximum_congestion; neg_weight; 4; 300; 385; 23848.950000000004; ((209, 205, 303), 102); 2626.5044484317405; 4; 23; 0; 290; 14
pglib_opf_case300_ieee; warm_start_maximum_congestion; neg_weight; 4; 300; 385; 23848.950000000004; ((209, 206, 304), 67); 0.0; 2; 2; 0; 300; 1
pglib_opf_case300_ieee; warm_start_maximum_congestion; neg_weight; 4; 300; 385; 23848.950000000004; ((209, 210, 306), 511); 3386.198811730679; 4; 23; 0; 291; 13
pglib_opf_case300_ieee; warm_start_maximum_congestion; neg_weight; 4; 300; 385; 23848.950000000004; ((169, 170, 210), 610); 6170.553940838137; 7; 37; 0; 279; 23
pglib_opf_case300_ieee; warm_start_maximum_congestion; neg_weight; 4; 300; 385; 23848.950000000004; ((170, 203, 211), 190); 4154.658456763325; 4; 25; 0; 288; 14
pglib_opf_case300_ieee; warm_start_maximum_congestion; neg_weight; 4; 300; 385; 23848.950000000004; ((203, 169, 246), 452); 6170.553940838137; 7; 37; 0; 279; 23
pglib_opf_case300_ieee; warm_start_maximum_congestion; neg_weight; 4; 300; 385; 23848.950000000004; ((171, 183, 212), 10); 0.0; 2; 2; 0; 300; 1
pglib_opf_case300_ieee; warm_start_maximum_congestion; neg_weight; 4; 300; 385; 23848.950000000004; ((171, 186, 213), 7); 0.0; 2; 2; 0; 300; 1
pglib_opf_case300_ieee; warm_start_maximum_congestion; neg_weight; 4; 300; 385; 23848.950000000004; ((183, 184, 230), 4); 0.0; 2; 2; 0; 300; 1
pglib_opf_case300_ieee; warm_start_maximum_congestion; neg_weight; 4; 300; 385; 23848.950000000004; ((197, 215, 239), 506); 0.0; 2; 2; 0; 300; 1
pglib_opf_case300_ieee; warm_start_maximum_congestion; neg_weight; 4; 300; 385; 23848.950000000004; ((197, 195, 300), 234); 0.0; 2; 2; 0; 300; 1
pglib_opf_case300_ieee; warm_start_maximum_congestion; neg_weight; 4; 300; 385; 23848.950000000004; ((197, 196, 358), 160); 0.0; 2; 2; 0; 300; 1
pglib_opf_case300_ieee; warm_start_maximum_congestion; neg_weight; 4; 300; 385; 23848.950000000004; ((174, 175, 217), 66); 0.0; 2; 2; 0; 300; 1
pglib_opf_case300_ieee; warm_start_maximum_congestion; neg_weight; 4; 300; 385; 23848.950000000004; ((174, 188, 218), 16); 0.0; 2; 2; 0; 300; 1
pglib_opf_case300_ieee; warm_start_maximum_congestion; neg_weight; 4; 300; 385; 23848.950000000004; ((174, 171, 351), 3); 0.0; 2; 2; 0; 300; 1
pglib_opf_case300_ieee; warm_start_maximum_congestion; neg_weight; 4; 300; 385; 23848.950000000004; ((174, 245, 363), 75); 0.0; 2; 2; 0; 300; 1
pglib_opf_case300_ieee; warm_start_maximum_congestion; neg_weight; 4; 300; 385; 23848.950000000004; ((175, 176, 219), 96); 0.0; 2; 2; 0; 300; 1
pglib_opf_case300_ieee; warm_start_maximum_congestion; neg_weight; 4; 300; 385; 23848.950000000004; ((175, 189, 220), 13); 0.0; 2; 2; 0; 300; 1
pglib_opf_case300_ieee; warm_start_maximum_congestion; neg_weight; 4; 300; 385; 23848.950000000004; ((188, 167, 350), 6); 0.0; 2; 2; 0; 300; 1
pglib_opf_case300_ieee; warm_start_maximum_congestion; neg_weight; 4; 300; 385; 23848.950000000004; ((176, 181, 221), 73); 0.0; 2; 2; 0; 300; 1
pglib_opf_case300_ieee; warm_start_maximum_congestion; neg_weight; 4; 300; 385; 23848.950000000004; ((176, 188, 222), 98); 0.0; 2; 2; 0; 300; 1
pglib_opf_case300_ieee; warm_start_maximum_congestion; neg_weight; 4; 300; 385; 23848.950000000004; ((176, 189, 223), 48); 0.0; 2; 2; 0; 300; 1
pglib_opf_case300_ieee; warm_start_maximum_congestion; neg_weight; 4; 300; 385; 23848.950000000004; ((176, 180, 298), 12); 0.0; 2; 2; 0; 300; 1
pglib_opf_case300_ieee; warm_start_maximum_congestion; neg_weight; 4; 300; 385; 23848.950000000004; ((176, 187, 356), 39); 0.0; 2; 2; 0; 300; 1
pglib_opf_case300_ieee; warm_start_maximum_congestion; neg_weight; 4; 300; 385; 23848.950000000004; ((181, 189, 228), 31); 0.0; 2; 2; 0; 300; 1
pglib_opf_case300_ieee; warm_start_maximum_congestion; neg_weight; 4; 300; 385; 23848.950000000004; ((177, 178, 224), 5); 0.0; 2; 2; 0; 300; 1
pglib_opf_case300_ieee; warm_start_maximum_congestion; neg_weight; 4; 300; 385; 23848.950000000004; ((177, 188, 225), 40); 0.0; 2; 2; 0; 300; 1
pglib_opf_case300_ieee; warm_start_maximum_congestion; neg_weight; 4; 300; 385; 23848.950000000004; ((178, 188, 226), 36); 0.0; 2; 2; 0; 300; 1
pglib_opf_case300_ieee; warm_start_maximum_congestion; neg_weight; 4; 300; 385; 23848.950000000004; ((178, 226, 352), 14); 0.0; 2; 2; 0; 300; 1
pglib_opf_case300_ieee; warm_start_maximum_congestion; neg_weight; 4; 300; 385; 23848.950000000004; ((179, 182, 227), 11); 0.0; 2; 2; 0; 300; 1
pglib_opf_case300_ieee; warm_start_maximum_congestion; neg_weight; 4; 300; 385; 23848.950000000004; ((182, 183, 229), 14); 0.0; 2; 2; 0; 300; 1
pglib_opf_case300_ieee; warm_start_maximum_congestion; neg_weight; 4; 300; 385; 23848.950000000004; ((184, 185, 231), 8); 0.0; 2; 2; 0; 300; 1
pglib_opf_case300_ieee; warm_start_maximum_congestion; neg_weight; 4; 300; 385; 23848.950000000004; ((184, 186, 232), 0); 0.0; 2; 2; 0; 300; 1
pglib_opf_case300_ieee; warm_start_maximum_congestion; neg_weight; 4; 300; 385; 23848.950000000004; ((190, 193, 233), 131); 2668.107882882974; 5; 24; 0; 290; 14
pglib_opf_case300_ieee; warm_start_maximum_congestion; neg_weight; 4; 300; 385; 23848.950000000004; ((190, 189, 357), 131); 2668.107882882974; 5; 24; 0; 290; 14
pglib_opf_case300_ieee; warm_start_maximum_congestion; neg_weight; 4; 300; 385; 23848.950000000004; ((193, 194, 236), 176); 2700.8256219276227; 4; 23; 0; 289; 14
pglib_opf_case300_ieee; warm_start_maximum_congestion; neg_weight; 4; 300; 385; 23848.950000000004; ((192, 193, 234), 92); 0.0; 2; 2; 0; 300; 1
pglib_opf_case300_ieee; warm_start_maximum_congestion; neg_weight; 4; 300; 385; 23848.950000000004; ((192, 220, 235), 114); 0.0; 2; 2; 0; 300; 1
pglib_opf_case300_ieee; warm_start_maximum_congestion; neg_weight; 4; 300; 385; 23848.950000000004; ((192, 191, 299), 0); 0.0; 2; 2; 0; 299; 2
pglib_opf_case300_ieee; warm_start_maximum_congestion; neg_weight; 4; 300; 385; 23848.950000000004; ((220, 223, 310), 91); 0.0; 2; 2; 0; 300; 1
pglib_opf_case300_ieee; warm_start_maximum_congestion; neg_weight; 4; 300; 385; 23848.950000000004; ((220, 225, 311), 24); 0.0; 2; 2; 0; 300; 1
pglib_opf_case300_ieee; warm_start_maximum_congestion; neg_weight; 4; 300; 385; 23848.950000000004; ((195, 196, 237), 29); 0.0; 2; 2; 0; 300; 1
pglib_opf_case300_ieee; warm_start_maximum_congestion; neg_weight; 4; 300; 385; 23848.950000000004; ((195, 198, 238), 105); 0.0; 2; 2; 0; 300; 1
pglib_opf_case300_ieee; warm_start_maximum_congestion; neg_weight; 4; 300; 385; 23848.950000000004; ((198, 196, 240), 58); 0.0; 2; 2; 0; 300; 1
pglib_opf_case300_ieee; warm_start_maximum_congestion; neg_weight; 4; 300; 385; 23848.950000000004; ((198, 199, 241), 56); 0.0; 2; 2; 0; 300; 1
pglib_opf_case300_ieee; warm_start_maximum_congestion; neg_weight; 4; 300; 385; 23848.950000000004; ((198, 216, 242), 282); 0.0; 2; 2; 0; 300; 1
pglib_opf_case300_ieee; warm_start_maximum_congestion; neg_weight; 4; 300; 385; 23848.950000000004; ((215, 200, 301), 328); 3001.326902319168; 4; 23; 0; 291; 13
pglib_opf_case300_ieee; warm_start_maximum_congestion; neg_weight; 4; 300; 385; 23848.950000000004; ((215, 212, 308), 89); 0.0; 2; 2; 0; 300; 1
pglib_opf_case300_ieee; warm_start_maximum_congestion; neg_weight; 4; 300; 385; 23848.950000000004; ((215, 219, 309), 1123); 7723.263661241046; 6; 38; 0; 272; 24
pglib_opf_case300_ieee; warm_start_maximum_congestion; neg_weight; 4; 300; 385; 23848.950000000004; ((199, 201, 243), 439); 0.0; 2; 2; 0; 300; 1
pglib_opf_case300_ieee; warm_start_maximum_congestion; neg_weight; 4; 300; 385; 23848.950000000004; ((216, 217, 362), 0); 1.0913936421275139e-11; 2; 2; 0; 299; 2
pglib_opf_case300_ieee; warm_start_maximum_congestion; neg_weight; 4; 300; 385; 23848.950000000004; ((202, 203, 244), 148); 3764.57254613602; 4; 25; 0; 288; 15
pglib_opf_case300_ieee; warm_start_maximum_congestion; neg_weight; 4; 300; 385; 23848.950000000004; ((202, 204, 245), 310); 0.0; 2; 2; 0; 300; 1
pglib_opf_case300_ieee; warm_start_maximum_congestion; neg_weight; 4; 300; 385; 23848.950000000004; ((202, 201, 359), 11); 0.0; 2; 2; 0; 300; 1
pglib_opf_case300_ieee; warm_start_maximum_congestion; neg_weight; 4; 300; 385; 23848.950000000004; ((206, 207, 247), 0); 0.0; 2; 2; 0; 300; 1
pglib_opf_case300_ieee; warm_start_maximum_congestion; neg_weight; 4; 300; 385; 23848.950000000004; ((206, 212, 248), 156); 0.0; 2; 2; 0; 300; 1
pglib_opf_case300_ieee; warm_start_maximum_congestion; neg_weight; 4; 300; 385; 23848.950000000004; ((207, 208, 360), 0); 2.0012521417811513e-08; 2; 2; 0; 299; 2
pglib_opf_case300_ieee; warm_start_maximum_congestion; neg_weight; 4; 300; 385; 23848.950000000004; ((212, 213, 250), 242); 0.0; 2; 2; 0; 300; 1
pglib_opf_case300_ieee; warm_start_maximum_congestion; neg_weight; 4; 300; 385; 23848.950000000004; ((212, 214, 361), 881); 7357.18049693877; 6; 29; 0; 289; 17
pglib_opf_case300_ieee; warm_start_maximum_congestion; neg_weight; 4; 300; 385; 23848.950000000004; ((213, 216, 251), 27); 0.0; 2; 2; 0; 300; 1
pglib_opf_case300_ieee; warm_start_maximum_congestion; neg_weight; 4; 300; 385; 23848.950000000004; ((218, 229, 252), 33); 7040.681304780806; 7; 32; 0; 281; 20
pglib_opf_case300_ieee; warm_start_maximum_congestion; neg_weight; 4; 300; 385; 23848.950000000004; ((221, 222, 253), 208); 7428.950240975402; 8; 38; 0; 273; 21
pglib_opf_case300_ieee; warm_start_maximum_congestion; neg_weight; 4; 300; 385; 23848.950000000004; ((221, 223, 254), 126); 0.0; 2; 2; 0; 300; 1
pglib_opf_case300_ieee; warm_start_maximum_congestion; neg_weight; 4; 300; 385; 23848.950000000004; ((222, 224, 255), 208); 7428.950240975402; 8; 38; 0; 274; 21
pglib_opf_case300_ieee; warm_start_maximum_congestion; neg_weight; 4; 300; 385; 23848.950000000004; ((223, 224, 256), 54); 0.0; 2; 2; 0; 300; 1
pglib_opf_case300_ieee; warm_start_maximum_congestion; neg_weight; 4; 300; 385; 23848.950000000004; ((223, 225, 257), 28); 0.0; 2; 2; 0; 300; 1
pglib_opf_case300_ieee; warm_start_maximum_congestion; neg_weight; 4; 300; 385; 23848.950000000004; ((224, 225, 258), 77); 0.0; 2; 2; 0; 300; 1
pglib_opf_case300_ieee; warm_start_maximum_congestion; neg_weight; 4; 300; 385; 23848.950000000004; ((225, 226, 259), 21); 0.0; 2; 2; 0; 300; 1
pglib_opf_case300_ieee; warm_start_maximum_congestion; neg_weight; 4; 300; 385; 23848.950000000004; ((226, 227, 260), 6); 4257.724468879536; 6; 12; 0; 296; 10
pglib_opf_case300_ieee; warm_start_maximum_congestion; neg_weight; 4; 300; 385; 23848.950000000004; ((227, 228, 261), 23); 7025.350040565507; 7; 32; 0; 281; 20
pglib_opf_case300_ieee; warm_start_maximum_congestion; neg_weight; 4; 300; 385; 23848.950000000004; ((293, 299, 287), 1); 4881.080137242912; 5; 15; 0; 294; 12
pglib_opf_case300_ieee; warm_start_maximum_congestion; neg_weight; 4; 300; 385; 23848.950000000004; ((126, 156, 295), 132); 4240.232718819712; 7; 34; 0; 279; 21
pglib_opf_case300_ieee; warm_start_maximum_congestion; neg_weight; 4; 300; 385; 23848.950000000004; ((126, 157, 296), 62); 0.0; 2; 2; 0; 300; 1
pglib_opf_case300_ieee; warm_start_maximum_congestion; neg_weight; 4; 300; 385; 23848.950000000004; ((210, 211, 307), 63); 4448.5616885454; 7; 17; 0; 292; 14
pglib_opf_case300_ieee; warm_start_maximum_congestion; neg_weight; 4; 300; 385; 23848.950000000004; ((9, 10, 315), 77); 0.0; 2; 2; 0; 300; 1
pglib_opf_case300_ieee; warm_start_maximum_congestion; neg_weight; 4; 300; 385; 23848.950000000004; ((16, 251, 379), 181); 6435.640895142711; 7; 31; 0; 283; 19
pglib_opf_case300_ieee; warm_start_maximum_congestion; neg_weight; 4; 300; 385; 23848.950000000004; ((117, 263, 377), 0); 0.0; 2; 2; 0; 299; 2
pglib_opf_case300_ieee; warm_start_maximum_congestion; neg_weight; 4; 300; 385; 23848.950000000004; ((245, 182, 355), 75); 0.0; 2; 2; 0; 300; 1
