pglib_opf_case162_ieee_dtc; warm_start_maximum_congestion; neg_weight; 4; 162; 239; 9542.059999999998; ((0, 1, 0), 465); 2275.3250101502063; 6; 25; 0; 132; 15
pglib_opf_case162_ieee_dtc; warm_start_maximum_congestion; neg_weight; 4; 162; 239; 9542.059999999998; ((0, 3, 1), 235); 0.0; 1; 1; 0; 162; 1
pglib_opf_case162_ieee_dtc; warm_start_maximum_congestion; neg_weight; 4; 162; 239; 9542.059999999998; ((0, 4, 2), 298); 0.0; 1; 1; 0; 162; 1
pglib_opf_case162_ieee_dtc; warm_start_maximum_congestion; neg_weight; 4; 162; 239; 9542.059999999998; ((0, 2, 159), 200); 1560.3969725526094; 6; 26; 0; 130; 18
pglib_opf_case162_ieee_dtc; warm_start_maximum_congestion; neg_weight; 4; 162; 239; 9542.059999999998; ((0, 5, 160), 601); 3441.382299580232; 6; 40; 0; 127; 27
pglib_opf_case162_ieee_dtc; warm_start_maximum_congestion; neg_weight; 4; 162; 239; 9542.059999999998; ((1, 6, 3), 278); 2275.3250101502063; 7; 27; 0; 133; 16
pglib_opf_case162_ieee_dtc; warm_start_maximum_congestion; neg_weight; 4; 162; 239; 9542.059999999998; ((1, 11, 170), 187); 0.0; 1; 1; 0; 162; 1
pglib_opf_case162_ieee_dtc; warm_start_maximum_congestion; neg_weight; 4; 162; 239; 9542.059999999998; ((3, 111, 6), 252); 0.0; 1; 1; 0; 162; 1
pglib_opf_case162_ieee_dtc; warm_start_maximum_congestion; neg_weight; 4; 162; 239; 9542.059999999998; ((3, 118, 7), 290); 1074.8073376584252; 4; 10; 0; 150; 7
pglib_opf_case162_ieee_dtc; warm_start_maximum_congestion; neg_weight; 4; 162; 239; 9542.059999999998; ((3, 114, 162), 197); 0.0; 1; 1; 0; 162; 1
pglib_opf_case162_ieee_dtc; warm_start_maximum_congestion; neg_weight; 4; 162; 239; 9542.059999999998; ((4, 119, 8), 218); 0.0; 1; 1; 0; 162; 1
pglib_opf_case162_ieee_dtc; warm_start_maximum_congestion; neg_weight; 4; 162; 239; 9542.059999999998; ((4, 128, 9), 193); 0.0; 1; 1; 0; 162; 1
pglib_opf_case162_ieee_dtc; warm_start_maximum_congestion; neg_weight; 4; 162; 239; 9542.059999999998; ((4, 130, 163), 710); 3373.9282534473796; 6; 36; 0; 130; 25
pglib_opf_case162_ieee_dtc; warm_start_maximum_congestion; neg_weight; 4; 162; 239; 9542.059999999998; ((6, 8, 10), 0); 0.0; 1; 1; 0; 161; 2
pglib_opf_case162_ieee_dtc; warm_start_maximum_congestion; neg_weight; 4; 162; 239; 9542.059999999998; ((6, 7, 164), 278); 2275.3250101502063; 7; 27; 0; 135; 16
pglib_opf_case162_ieee_dtc; warm_start_maximum_congestion; neg_weight; 4; 162; 239; 9542.059999999998; ((2, 13, 4), 2); 0.0; 1; 1; 0; 162; 1
pglib_opf_case162_ieee_dtc; warm_start_maximum_congestion; neg_weight; 4; 162; 239; 9542.059999999998; ((2, 49, 5), 85); 2769.560368497443; 7; 30; 0; 117; 17
pglib_opf_case162_ieee_dtc; warm_start_maximum_congestion; neg_weight; 4; 162; 239; 9542.059999999998; ((13, 131, 17), 43); 0.0; 1; 1; 0; 162; 1
pglib_opf_case162_ieee_dtc; warm_start_maximum_congestion; neg_weight; 4; 162; 239; 9542.059999999998; ((13, 7, 165), 38); 0.0; 1; 1; 0; 162; 1
pglib_opf_case162_ieee_dtc; warm_start_maximum_congestion; neg_weight; 4; 162; 239; 9542.059999999998; ((13, 11, 171), 21); 0.0; 1; 1; 0; 162; 1
pglib_opf_case162_ieee_dtc; warm_start_maximum_congestion; neg_weight; 4; 162; 239; 9542.059999999998; ((49, 50, 66), 23); 0.0; 1; 1; 0; 162; 1
pglib_opf_case162_ieee_dtc; warm_start_maximum_congestion; neg_weight; 4; 162; 239; 9542.059999999998; ((111, 119, 121), 252); 0.0; 1; 1; 0; 162; 1
pglib_opf_case162_ieee_dtc; warm_start_maximum_congestion; neg_weight; 4; 162; 239; 9542.059999999998; ((111, 109, 222), 195); 701.1036533850747; 5; 12; 0; 150; 7
pglib_opf_case162_ieee_dtc; warm_start_maximum_congestion; neg_weight; 4; 162; 239; 9542.059999999998; ((111, 120, 224), 700); 3588.3136736569395; 6; 39; 0; 127; 26
pglib_opf_case162_ieee_dtc; warm_start_maximum_congestion; neg_weight; 4; 162; 239; 9542.059999999998; ((118, 115, 225), 290); 1074.8073376584252; 4; 10; 0; 151; 7
pglib_opf_case162_ieee_dtc; warm_start_maximum_congestion; neg_weight; 4; 162; 239; 9542.059999999998; ((119, 128, 127), 76); 0.0; 1; 1; 0; 162; 1
pglib_opf_case162_ieee_dtc; warm_start_maximum_congestion; neg_weight; 4; 162; 239; 9542.059999999998; ((119, 13, 226), 395); 4022.7834234106986; 5; 46; 0; 116; 23
pglib_opf_case162_ieee_dtc; warm_start_maximum_congestion; neg_weight; 4; 162; 239; 9542.059999999998; ((128, 131, 229), 269); 4022.7834234106986; 5; 45; 0; 116; 22
pglib_opf_case162_ieee_dtc; warm_start_maximum_congestion; neg_weight; 4; 162; 239; 9542.059999999998; ((7, 11, 11), 24); 0.0; 1; 1; 0; 162; 1
pglib_opf_case162_ieee_dtc; warm_start_maximum_congestion; neg_weight; 4; 162; 239; 9542.059999999998; ((9, 10, 12), 178); 2631.149823693435; 5; 32; 0; 134; 18
pglib_opf_case162_ieee_dtc; warm_start_maximum_congestion; neg_weight; 4; 162; 239; 9542.059999999998; ((9, 14, 13), 29); 0.0; 1; 1; 0; 162; 1
pglib_opf_case162_ieee_dtc; warm_start_maximum_congestion; neg_weight; 4; 162; 239; 9542.059999999998; ((9, 59, 168), 3); 0.0; 1; 1; 0; 162; 1
pglib_opf_case162_ieee_dtc; warm_start_maximum_congestion; neg_weight; 4; 162; 239; 9542.059999999998; ((10, 14, 14), 79); 0.0; 2; 2; 0; 162; 1
pglib_opf_case162_ieee_dtc; warm_start_maximum_congestion; neg_weight; 4; 162; 239; 9542.059999999998; ((10, 57, 15), 60); 0.0; 1; 1; 0; 162; 1
pglib_opf_case162_ieee_dtc; warm_start_maximum_congestion; neg_weight; 4; 162; 239; 9542.059999999998; ((10, 58, 16), 35); 0.0; 2; 2; 0; 162; 1
pglib_opf_case162_ieee_dtc; warm_start_maximum_congestion; neg_weight; 4; 162; 239; 9542.059999999998; ((10, 45, 169), 120); 2695.7639644752708; 5; 37; 0; 118; 22
pglib_opf_case162_ieee_dtc; warm_start_maximum_congestion; neg_weight; 4; 162; 239; 9542.059999999998; ((10, 52, 195), 76); 0.0; 1; 1; 0; 162; 1
pglib_opf_case162_ieee_dtc; warm_start_maximum_congestion; neg_weight; 4; 162; 239; 9542.059999999998; ((14, 57, 18), 105); 0.0; 2; 2; 0; 162; 1
pglib_opf_case162_ieee_dtc; warm_start_maximum_congestion; neg_weight; 4; 162; 239; 9542.059999999998; ((14, 61, 19), 185); 4053.726098522384; 6; 51; 0; 125; 27
pglib_opf_case162_ieee_dtc; warm_start_maximum_congestion; neg_weight; 4; 162; 239; 9542.059999999998; ((14, 62, 20), 6); 0.0; 1; 1; 0; 162; 1
pglib_opf_case162_ieee_dtc; warm_start_maximum_congestion; neg_weight; 4; 162; 239; 9542.059999999998; ((14, 59, 175), 10); 0.0; 1; 1; 0; 162; 1
pglib_opf_case162_ieee_dtc; warm_start_maximum_congestion; neg_weight; 4; 162; 239; 9542.059999999998; ((57, 60, 78), 45); 0.0; 2; 2; 0; 162; 1
pglib_opf_case162_ieee_dtc; warm_start_maximum_congestion; neg_weight; 4; 162; 239; 9542.059999999998; ((58, 60, 79), 50); 0.0; 1; 1; 0; 162; 1
pglib_opf_case162_ieee_dtc; warm_start_maximum_congestion; neg_weight; 4; 162; 239; 9542.059999999998; ((131, 7, 166), 58); 0.0; 1; 1; 0; 162; 1
pglib_opf_case162_ieee_dtc; warm_start_maximum_congestion; neg_weight; 4; 162; 239; 9542.059999999998; ((131, 11, 172), 10); 0.0; 1; 1; 0; 162; 1
pglib_opf_case162_ieee_dtc; warm_start_maximum_congestion; neg_weight; 4; 162; 239; 9542.059999999998; ((61, 62, 82), 119); 0.0; 2; 3; 0; 162; 1
pglib_opf_case162_ieee_dtc; warm_start_maximum_congestion; neg_weight; 4; 162; 239; 9542.059999999998; ((61, 59, 198), 28); 0.0; 1; 1; 0; 162; 1
pglib_opf_case162_ieee_dtc; warm_start_maximum_congestion; neg_weight; 4; 162; 239; 9542.059999999998; ((15, 16, 21), 1); 0.0; 1; 1; 0; 162; 1
pglib_opf_case162_ieee_dtc; warm_start_maximum_congestion; neg_weight; 4; 162; 239; 9542.059999999998; ((15, 17, 22), 66); 0.0; 1; 1; 0; 162; 1
pglib_opf_case162_ieee_dtc; warm_start_maximum_congestion; neg_weight; 4; 162; 239; 9542.059999999998; ((16, 17, 23), 80); 0.0; 1; 1; 0; 162; 1
pglib_opf_case162_ieee_dtc; warm_start_maximum_congestion; neg_weight; 4; 162; 239; 9542.059999999998; ((16, 18, 24), 23); 0.0; 1; 1; 0; 162; 1
pglib_opf_case162_ieee_dtc; warm_start_maximum_congestion; neg_weight; 4; 162; 239; 9542.059999999998; ((16, 20, 25), 9); 0.0; 1; 1; 0; 162; 1
pglib_opf_case162_ieee_dtc; warm_start_maximum_congestion; neg_weight; 4; 162; 239; 9542.059999999998; ((17, 29, 26), 103); 0.0; 1; 1; 0; 162; 1
pglib_opf_case162_ieee_dtc; warm_start_maximum_congestion; neg_weight; 4; 162; 239; 9542.059999999998; ((17, 31, 27), 118); 0.0; 1; 1; 0; 162; 1
pglib_opf_case162_ieee_dtc; warm_start_maximum_congestion; neg_weight; 4; 162; 239; 9542.059999999998; ((18, 20, 28), 8); 0.0; 1; 1; 0; 162; 1
pglib_opf_case162_ieee_dtc; warm_start_maximum_congestion; neg_weight; 4; 162; 239; 9542.059999999998; ((18, 37, 29), 8); 0.0; 1; 1; 0; 162; 1
pglib_opf_case162_ieee_dtc; warm_start_maximum_congestion; neg_weight; 4; 162; 239; 9542.059999999998; ((20, 21, 31), 73); 0.0; 2; 2; 0; 162; 1
pglib_opf_case162_ieee_dtc; warm_start_maximum_congestion; neg_weight; 4; 162; 239; 9542.059999999998; ((29, 31, 47), 32); 0.0; 1; 1; 0; 162; 1
pglib_opf_case162_ieee_dtc; warm_start_maximum_congestion; neg_weight; 4; 162; 239; 9542.059999999998; ((31, 32, 48), 97); 2691.5902360458904; 7; 37; 0; 125; 22
pglib_opf_case162_ieee_dtc; warm_start_maximum_congestion; neg_weight; 4; 162; 239; 9542.059999999998; ((37, 104, 221), 25); 1099.5965244650688; 4; 11; 0; 152; 10
pglib_opf_case162_ieee_dtc; warm_start_maximum_congestion; neg_weight; 4; 162; 239; 9542.059999999998; ((19, 156, 30), 5); 0.0; 1; 1; 0; 162; 1
pglib_opf_case162_ieee_dtc; warm_start_maximum_congestion; neg_weight; 4; 162; 239; 9542.059999999998; ((156, 157, 155), 14); 0.0; 1; 1; 0; 162; 1
pglib_opf_case162_ieee_dtc; warm_start_maximum_congestion; neg_weight; 4; 162; 239; 9542.059999999998; ((21, 37, 32), 47); 981.6871337099856; 5; 14; 0; 153; 9
pglib_opf_case162_ieee_dtc; warm_start_maximum_congestion; neg_weight; 4; 162; 239; 9542.059999999998; ((21, 39, 33), 138); 2691.5902360458904; 7; 37; 0; 125; 22
pglib_opf_case162_ieee_dtc; warm_start_maximum_congestion; neg_weight; 4; 162; 239; 9542.059999999998; ((39, 80, 190), 51); 908.7209036356835; 4; 11; 0; 155; 9
pglib_opf_case162_ieee_dtc; warm_start_maximum_congestion; neg_weight; 4; 162; 239; 9542.059999999998; ((22, 23, 34), 62); 0.0; 2; 2; 0; 162; 1
pglib_opf_case162_ieee_dtc; warm_start_maximum_congestion; neg_weight; 4; 162; 239; 9542.059999999998; ((22, 59, 185), 1); 0.0; 1; 1; 0; 162; 1
pglib_opf_case162_ieee_dtc; warm_start_maximum_congestion; neg_weight; 4; 162; 239; 9542.059999999998; ((23, 27, 35), 76); 0.0; 1; 1; 0; 162; 1
pglib_opf_case162_ieee_dtc; warm_start_maximum_congestion; neg_weight; 4; 162; 239; 9542.059999999998; ((23, 44, 36), 63); 0.0; 1; 1; 0; 162; 1
pglib_opf_case162_ieee_dtc; warm_start_maximum_congestion; neg_weight; 4; 162; 239; 9542.059999999998; ((27, 28, 44), 38); 0.0; 1; 1; 0; 162; 1
pglib_opf_case162_ieee_dtc; warm_start_maximum_congestion; neg_weight; 4; 162; 239; 9542.059999999998; ((44, 53, 61), 43); 0.0; 1; 1; 0; 162; 1
pglib_opf_case162_ieee_dtc; warm_start_maximum_congestion; neg_weight; 4; 162; 239; 9542.059999999998; ((24, 25, 37), 264); 2460.018007931725; 5; 36; 0; 124; 22
pglib_opf_case162_ieee_dtc; warm_start_maximum_congestion; neg_weight; 4; 162; 239; 9542.059999999998; ((24, 26, 38), 63); 2460.018007931725; 6; 37; 0; 123; 22
pglib_opf_case162_ieee_dtc; warm_start_maximum_congestion; neg_weight; 4; 162; 239; 9542.059999999998; ((24, 23, 186), 201); 3407.2866607991864; 6; 51; 0; 125; 25
pglib_opf_case162_ieee_dtc; warm_start_maximum_congestion; neg_weight; 4; 162; 239; 9542.059999999998; ((25, 73, 39), 397); 2916.889189119125; 5; 35; 0; 127; 21
pglib_opf_case162_ieee_dtc; warm_start_maximum_congestion; neg_weight; 4; 162; 239; 9542.059999999998; ((25, 74, 40), 95); 3230.1058668869764; 9; 38; 0; 105; 24
pglib_opf_case162_ieee_dtc; warm_start_maximum_congestion; neg_weight; 4; 162; 239; 9542.059999999998; ((25, 75, 187), 1127); 2538.787783714619; 3; 14; 0; 152; 12
pglib_opf_case162_ieee_dtc; warm_start_maximum_congestion; neg_weight; 4; 162; 239; 9542.059999999998; ((25, 148, 234), 280); 2974.443122126284; 5; 48; 0; 103; 29
pglib_opf_case162_ieee_dtc; warm_start_maximum_congestion; neg_weight; 4; 162; 239; 9542.059999999998; ((25, 148, 235), 280); 2974.443122126284; 5; 48; 0; 103; 29
pglib_opf_case162_ieee_dtc; warm_start_maximum_congestion; neg_weight; 4; 162; 239; 9542.059999999998; ((26, 64, 41), 28); 0.0; 1; 1; 0; 162; 1
pglib_opf_case162_ieee_dtc; warm_start_maximum_congestion; neg_weight; 4; 162; 239; 9542.059999999998; ((26, 125, 42), 291); 4310.751387137572; 10; 78; 0; 94; 39
pglib_opf_case162_ieee_dtc; warm_start_maximum_congestion; neg_weight; 4; 162; 239; 9542.059999999998; ((26, 126, 43), 0); 0.0; 1; 1; 0; 162; 1
pglib_opf_case162_ieee_dtc; warm_start_maximum_congestion; neg_weight; 4; 162; 239; 9542.059999999998; ((26, 15, 176), 0); 0.0; 1; 1; 0; 162; 1
pglib_opf_case162_ieee_dtc; warm_start_maximum_congestion; neg_weight; 4; 162; 239; 9542.059999999998; ((26, 30, 188), 93); 3627.13928149859; 6; 48; 0; 134; 17
pglib_opf_case162_ieee_dtc; warm_start_maximum_congestion; neg_weight; 4; 162; 239; 9542.059999999998; ((26, 61, 189), 35); 0.0; 1; 1; 0; 162; 1
pglib_opf_case162_ieee_dtc; warm_start_maximum_congestion; neg_weight; 4; 162; 239; 9542.059999999998; ((73, 78, 207), 397); 2916.889189119125; 5; 35; 0; 127; 21
pglib_opf_case162_ieee_dtc; warm_start_maximum_congestion; neg_weight; 4; 162; 239; 9542.059999999998; ((74, 127, 96), 483); 3024.6411606294932; 6; 36; 0; 107; 23
pglib_opf_case162_ieee_dtc; warm_start_maximum_congestion; neg_weight; 4; 162; 239; 9542.059999999998; ((74, 129, 206), 578); 1715.779467470742; 3; 13; 0; 152; 11
pglib_opf_case162_ieee_dtc; warm_start_maximum_congestion; neg_weight; 4; 162; 239; 9542.059999999998; ((64, 125, 85), 8); 0.0; 1; 1; 0; 162; 1
pglib_opf_case162_ieee_dtc; warm_start_maximum_congestion; neg_weight; 4; 162; 239; 9542.059999999998; ((64, 59, 199), 36); 0.0; 2; 2; 0; 162; 1
pglib_opf_case162_ieee_dtc; warm_start_maximum_congestion; neg_weight; 4; 162; 239; 9542.059999999998; ((64, 61, 201), 168); 4147.091247870692; 8; 59; 0; 125; 27
pglib_opf_case162_ieee_dtc; warm_start_maximum_congestion; neg_weight; 4; 162; 239; 9542.059999999998; ((64, 62, 203), 4); 0.0; 1; 1; 0; 162; 1
pglib_opf_case162_ieee_dtc; warm_start_maximum_congestion; neg_weight; 4; 162; 239; 9542.059999999998; ((125, 126, 130), 9); 0.0; 1; 1; 0; 162; 1
pglib_opf_case162_ieee_dtc; warm_start_maximum_congestion; neg_weight; 4; 162; 239; 9542.059999999998; ((125, 15, 177), 12); 0.0; 1; 1; 0; 162; 1
pglib_opf_case162_ieee_dtc; warm_start_maximum_congestion; neg_weight; 4; 162; 239; 9542.059999999998; ((125, 59, 200), 7); 0.0; 1; 1; 0; 162; 1
pglib_opf_case162_ieee_dtc; warm_start_maximum_congestion; neg_weight; 4; 162; 239; 9542.059999999998; ((125, 61, 202), 46); 0.0; 2; 2; 0; 162; 1
pglib_opf_case162_ieee_dtc; warm_start_maximum_congestion; neg_weight; 4; 162; 239; 9542.059999999998; ((126, 15, 178), 0); 0.0; 1; 1; 0; 162; 1
pglib_opf_case162_ieee_dtc; warm_start_maximum_congestion; neg_weight; 4; 162; 239; 9542.059999999998; ((126, 16, 179), 4); 0.0; 1; 1; 0; 162; 1
pglib_opf_case162_ieee_dtc; warm_start_maximum_congestion; neg_weight; 4; 162; 239; 9542.059999999998; ((126, 18, 181), 25); 0.0; 1; 1; 0; 162; 1
pglib_opf_case162_ieee_dtc; warm_start_maximum_congestion; neg_weight; 4; 162; 239; 9542.059999999998; ((126, 20, 183), 2); 0.0; 1; 1; 0; 162; 1
pglib_opf_case162_ieee_dtc; warm_start_maximum_congestion; neg_weight; 4; 162; 239; 9542.059999999998; ((28, 29, 45), 30); 0.0; 1; 1; 0; 162; 1
pglib_opf_case162_ieee_dtc; warm_start_maximum_congestion; neg_weight; 4; 162; 239; 9542.059999999998; ((28, 30, 46), 20); 0.0; 1; 1; 0; 162; 1
pglib_opf_case162_ieee_dtc; warm_start_maximum_congestion; neg_weight; 4; 162; 239; 9542.059999999998; ((32, 34, 49), 20); 0.0; 1; 1; 0; 162; 1
pglib_opf_case162_ieee_dtc; warm_start_maximum_congestion; neg_weight; 4; 162; 239; 9542.059999999998; ((32, 35, 50), 32); 851.2121786167481; 4; 10; 0; 156; 8
pglib_opf_case162_ieee_dtc; warm_start_maximum_congestion; neg_weight; 4; 162; 239; 9542.059999999998; ((34, 39, 52), 34); 0.0; 1; 1; 0; 162; 1
pglib_opf_case162_ieee_dtc; warm_start_maximum_congestion; neg_weight; 4; 162; 239; 9542.059999999998; ((33, 76, 51), 93); 891.958378166295; 4; 9; 0; 155; 7
pglib_opf_case162_ieee_dtc; warm_start_maximum_congestion; neg_weight; 4; 162; 239; 9542.059999999998; ((33, 103, 220), 78); 864.3214702389305; 4; 9; 0; 156; 7
pglib_opf_case162_ieee_dtc; warm_start_maximum_congestion; neg_weight; 4; 162; 239; 9542.059999999998; ((36, 38, 53), 130); 0.0; 4; 4; 0; 162; 1
pglib_opf_case162_ieee_dtc; warm_start_maximum_congestion; neg_weight; 4; 162; 239; 9542.059999999998; ((36, 125, 54), 202); 3732.9878146560977; 6; 49; 0; 130; 19
pglib_opf_case162_ieee_dtc; warm_start_maximum_congestion; neg_weight; 4; 162; 239; 9542.059999999998; ((36, 126, 55), 37); 0.0; 1; 1; 0; 162; 1
pglib_opf_case162_ieee_dtc; warm_start_maximum_congestion; neg_weight; 4; 162; 239; 9542.059999999998; ((36, 17, 180), 110); 0.0; 1; 1; 0; 162; 1
pglib_opf_case162_ieee_dtc; warm_start_maximum_congestion; neg_weight; 4; 162; 239; 9542.059999999998; ((38, 21, 184), 130); 0.0; 4; 4; 0; 162; 1
pglib_opf_case162_ieee_dtc; warm_start_maximum_congestion; neg_weight; 4; 162; 239; 9542.059999999998; ((40, 82, 56), 62); 2555.2001142325835; 7; 25; 0; 137; 15
pglib_opf_case162_ieee_dtc; warm_start_maximum_congestion; neg_weight; 4; 162; 239; 9542.059999999998; ((40, 83, 57), 101); 852.7710746895427; 4; 10; 0; 155; 8
pglib_opf_case162_ieee_dtc; warm_start_maximum_congestion; neg_weight; 4; 162; 239; 9542.059999999998; ((83, 92, 100), 139); 922.4651999203634; 4; 12; 0; 153; 9
pglib_opf_case162_ieee_dtc; warm_start_maximum_congestion; neg_weight; 4; 162; 239; 9542.059999999998; ((41, 108, 58), 0); 0.0; 1; 1; 0; 161; 2
pglib_opf_case162_ieee_dtc; warm_start_maximum_congestion; neg_weight; 4; 162; 239; 9542.059999999998; ((108, 123, 116), 164); 578.8025264385851; 5; 6; 0; 160; 4
pglib_opf_case162_ieee_dtc; warm_start_maximum_congestion; neg_weight; 4; 162; 239; 9542.059999999998; ((108, 124, 117), 40); 2746.8015828584157; 8; 40; 0; 128; 26
pglib_opf_case162_ieee_dtc; warm_start_maximum_congestion; neg_weight; 4; 162; 239; 9542.059999999998; ((108, 93, 212), 204); 811.3239364299225; 4; 7; 0; 159; 5
pglib_opf_case162_ieee_dtc; warm_start_maximum_congestion; neg_weight; 4; 162; 239; 9542.059999999998; ((42, 102, 59), 0); 0.0; 1; 1; 0; 162; 1
pglib_opf_case162_ieee_dtc; warm_start_maximum_congestion; neg_weight; 4; 162; 239; 9542.059999999998; ((102, 122, 113), 32); 578.8025264385851; 4; 6; 0; 160; 4
pglib_opf_case162_ieee_dtc; warm_start_maximum_congestion; neg_weight; 4; 162; 239; 9542.059999999998; ((43, 101, 60), 12); 0.0; 1; 1; 0; 162; 1
pglib_opf_case162_ieee_dtc; warm_start_maximum_congestion; neg_weight; 4; 162; 239; 9542.059999999998; ((43, 96, 216), 4); 0.0; 1; 1; 0; 162; 1
pglib_opf_case162_ieee_dtc; warm_start_maximum_congestion; neg_weight; 4; 162; 239; 9542.059999999998; ((53, 56, 72), 13); 0.0; 1; 1; 0; 162; 1
pglib_opf_case162_ieee_dtc; warm_start_maximum_congestion; neg_weight; 4; 162; 239; 9542.059999999998; ((45, 46, 62), 55); 0.0; 1; 1; 0; 162; 1
pglib_opf_case162_ieee_dtc; warm_start_maximum_congestion; neg_weight; 4; 162; 239; 9542.059999999998; ((46, 48, 63), 50); 0.0; 1; 1; 0; 162; 1
pglib_opf_case162_ieee_dtc; warm_start_maximum_congestion; neg_weight; 4; 162; 239; 9542.059999999998; ((48, 86, 193), 43); 0.0; 1; 1; 0; 162; 1
pglib_opf_case162_ieee_dtc; warm_start_maximum_congestion; neg_weight; 4; 162; 239; 9542.059999999998; ((47, 49, 64), 8); 0.0; 1; 1; 0; 162; 1
pglib_opf_case162_ieee_dtc; warm_start_maximum_congestion; neg_weight; 4; 162; 239; 9542.059999999998; ((47, 50, 65), 26); 0.0; 1; 1; 0; 162; 1
pglib_opf_case162_ieee_dtc; warm_start_maximum_congestion; neg_weight; 4; 162; 239; 9542.059999999998; ((50, 140, 67), 71); 0.0; 1; 1; 0; 162; 1
pglib_opf_case162_ieee_dtc; warm_start_maximum_congestion; neg_weight; 4; 162; 239; 9542.059999999998; ((50, 141, 231), 22); 0.0; 1; 1; 0; 162; 1
pglib_opf_case162_ieee_dtc; warm_start_maximum_congestion; neg_weight; 4; 162; 239; 9542.059999999998; ((140, 143, 232), 50); 2806.9124592532744; 10; 42; 0; 123; 27
pglib_opf_case162_ieee_dtc; warm_start_maximum_congestion; neg_weight; 4; 162; 239; 9542.059999999998; ((51, 78, 68), 117); 794.299270032996; 4; 6; 0; 162; 4
pglib_opf_case162_ieee_dtc; warm_start_maximum_congestion; neg_weight; 4; 162; 239; 9542.059999999998; ((51, 105, 69), 81); 731.2235088216039; 4; 6; 0; 157; 4
pglib_opf_case162_ieee_dtc; warm_start_maximum_congestion; neg_weight; 4; 162; 239; 9542.059999999998; ((51, 117, 194), 182); 1207.5494734091171; 4; 9; 0; 155; 7
pglib_opf_case162_ieee_dtc; warm_start_maximum_congestion; neg_weight; 4; 162; 239; 9542.059999999998; ((105, 106, 114), 21); 617.8487690330257; 4; 5; 0; 159; 4
pglib_opf_case162_ieee_dtc; warm_start_maximum_congestion; neg_weight; 4; 162; 239; 9542.059999999998; ((105, 87, 209), 61); 1074.7151832609525; 4; 11; 0; 153; 10
pglib_opf_case162_ieee_dtc; warm_start_maximum_congestion; neg_weight; 4; 162; 239; 9542.059999999998; ((52, 53, 70), 41); 0.0; 1; 1; 0; 162; 1
pglib_opf_case162_ieee_dtc; warm_start_maximum_congestion; neg_weight; 4; 162; 239; 9542.059999999998; ((52, 54, 71), 149); 0.0; 4; 4; 0; 162; 1
pglib_opf_case162_ieee_dtc; warm_start_maximum_congestion; neg_weight; 4; 162; 239; 9542.059999999998; ((52, 19, 182), 32); 0.0; 1; 1; 0; 162; 1
pglib_opf_case162_ieee_dtc; warm_start_maximum_congestion; neg_weight; 4; 162; 239; 9542.059999999998; ((54, 56, 73), 57); 0.0; 1; 1; 0; 162; 1
pglib_opf_case162_ieee_dtc; warm_start_maximum_congestion; neg_weight; 4; 162; 239; 9542.059999999998; ((54, 148, 74), 150); 1920.4368894195395; 5; 31; 0; 137; 19
pglib_opf_case162_ieee_dtc; warm_start_maximum_congestion; neg_weight; 4; 162; 239; 9542.059999999998; ((54, 161, 75), 104); 2274.829455487242; 7; 49; 0; 125; 24
pglib_opf_case162_ieee_dtc; warm_start_maximum_congestion; neg_weight; 4; 162; 239; 9542.059999999998; ((54, 156, 238), 48); 0.0; 1; 1; 0; 162; 1
pglib_opf_case162_ieee_dtc; warm_start_maximum_congestion; neg_weight; 4; 162; 239; 9542.059999999998; ((56, 79, 77), 22); 0.0; 1; 1; 0; 162; 1
pglib_opf_case162_ieee_dtc; warm_start_maximum_congestion; neg_weight; 4; 162; 239; 9542.059999999998; ((148, 149, 145), 150); 1803.2138403642375; 5; 25; 0; 135; 17
pglib_opf_case162_ieee_dtc; warm_start_maximum_congestion; neg_weight; 4; 162; 239; 9542.059999999998; ((148, 150, 146), 180); 2773.9587651715847; 6; 63; 0; 113; 30
pglib_opf_case162_ieee_dtc; warm_start_maximum_congestion; neg_weight; 4; 162; 239; 9542.059999999998; ((148, 151, 147), 0); 0.0; 1; 1; 0; 162; 1
pglib_opf_case162_ieee_dtc; warm_start_maximum_congestion; neg_weight; 4; 162; 239; 9542.059999999998; ((55, 66, 76), 25); 1099.9956217442887; 4; 11; 0; 152; 10
pglib_opf_case162_ieee_dtc; warm_start_maximum_congestion; neg_weight; 4; 162; 239; 9542.059999999998; ((66, 67, 86), 48); 904.5313892959493; 4; 11; 0; 154; 9
pglib_opf_case162_ieee_dtc; warm_start_maximum_congestion; neg_weight; 4; 162; 239; 9542.059999999998; ((60, 61, 80), 102); 0.0; 2; 2; 0; 162; 1
pglib_opf_case162_ieee_dtc; warm_start_maximum_congestion; neg_weight; 4; 162; 239; 9542.059999999998; ((60, 62, 81), 70); 0.0; 2; 2; 0; 162; 1
pglib_opf_case162_ieee_dtc; warm_start_maximum_congestion; neg_weight; 4; 162; 239; 9542.059999999998; ((60, 59, 196), 63); 0.0; 2; 2; 0; 162; 1
pglib_opf_case162_ieee_dtc; warm_start_maximum_congestion; neg_weight; 4; 162; 239; 9542.059999999998; ((60, 59, 197), 104); 3270.571156019716; 7; 48; 0; 98; 26
pglib_opf_case162_ieee_dtc; warm_start_maximum_congestion; neg_weight; 4; 162; 239; 9542.059999999998; ((63, 64, 83), 118); 0.0; 2; 2; 0; 162; 1
pglib_opf_case162_ieee_dtc; warm_start_maximum_congestion; neg_weight; 4; 162; 239; 9542.059999999998; ((63, 65, 84), 118); 0.0; 2; 2; 0; 162; 1
pglib_opf_case162_ieee_dtc; warm_start_maximum_congestion; neg_weight; 4; 162; 239; 9542.059999999998; ((65, 10, 204), 118); 0.0; 2; 2; 0; 162; 1
pglib_opf_case162_ieee_dtc; warm_start_maximum_congestion; neg_weight; 4; 162; 239; 9542.059999999998; ((67, 68, 87), 88); 960.0527563818541; 4; 11; 0; 153; 9
pglib_opf_case162_ieee_dtc; warm_start_maximum_congestion; neg_weight; 4; 162; 239; 9542.059999999998; ((68, 76, 88), 119); 942.5642484721484; 4; 10; 0; 154; 8
pglib_opf_case162_ieee_dtc; warm_start_maximum_congestion; neg_weight; 4; 162; 239; 9542.059999999998; ((68, 78, 89), 207); 2667.496059242645; 6; 22; 0; 136; 12
pglib_opf_case162_ieee_dtc; warm_start_maximum_congestion; neg_weight; 4; 162; 239; 9542.059999999998; ((69, 148, 90), 40); 0.0; 1; 1; 0; 162; 1
pglib_opf_case162_ieee_dtc; warm_start_maximum_congestion; neg_weight; 4; 162; 239; 9542.059999999998; ((69, 148, 91), 40); 0.0; 1; 1; 0; 162; 1
pglib_opf_case162_ieee_dtc; warm_start_maximum_congestion; neg_weight; 4; 162; 239; 9542.059999999998; ((69, 72, 205), 0); 3.999775799456984e-08; 1; 1; 0; 161; 2
pglib_opf_case162_ieee_dtc; warm_start_maximum_congestion; neg_weight; 4; 162; 239; 9542.059999999998; ((69, 152, 236), 40); 0.0; 1; 1; 0; 162; 1
pglib_opf_case162_ieee_dtc; warm_start_maximum_congestion; neg_weight; 4; 162; 239; 9542.059999999998; ((69, 152, 237), 40); 0.0; 1; 1; 0; 162; 1
pglib_opf_case162_ieee_dtc; warm_start_maximum_congestion; neg_weight; 4; 162; 239; 9542.059999999998; ((70, 84, 92), 115); 1634.9786596561426; 7; 23; 0; 154; 11
pglib_opf_case162_ieee_dtc; warm_start_maximum_congestion; neg_weight; 4; 162; 239; 9542.059999999998; ((70, 149, 93), 145); 1794.3895520946526; 5; 25; 0; 136; 17
pglib_opf_case162_ieee_dtc; warm_start_maximum_congestion; neg_weight; 4; 162; 239; 9542.059999999998; ((84, 85, 101), 75); 0.0; 1; 1; 0; 162; 1
pglib_opf_case162_ieee_dtc; warm_start_maximum_congestion; neg_weight; 4; 162; 239; 9542.059999999998; ((71, 112, 94), 50); 907.731903529253; 4; 11; 0; 154; 9
pglib_opf_case162_ieee_dtc; warm_start_maximum_congestion; neg_weight; 4; 162; 239; 9542.059999999998; ((71, 151, 95), 6); 0.0; 1; 1; 0; 162; 1
pglib_opf_case162_ieee_dtc; warm_start_maximum_congestion; neg_weight; 4; 162; 239; 9542.059999999998; ((112, 133, 122), 17); 1093.05228205803; 4; 11; 0; 152; 10
pglib_opf_case162_ieee_dtc; warm_start_maximum_congestion; neg_weight; 4; 162; 239; 9542.059999999998; ((127, 71, 228), 483); 3024.6411606294932; 6; 36; 0; 107; 23
pglib_opf_case162_ieee_dtc; warm_start_maximum_congestion; neg_weight; 4; 162; 239; 9542.059999999998; ((77, 78, 97), 73); 3228.5887416557753; 7; 36; 0; 108; 23
pglib_opf_case162_ieee_dtc; warm_start_maximum_congestion; neg_weight; 4; 162; 239; 9542.059999999998; ((77, 79, 98), 6); 0.0; 1; 1; 0; 162; 1
pglib_opf_case162_ieee_dtc; warm_start_maximum_congestion; neg_weight; 4; 162; 239; 9542.059999999998; ((81, 82, 99), 62); 2555.2001142325835; 7; 25; 0; 138; 15
pglib_opf_case162_ieee_dtc; warm_start_maximum_congestion; neg_weight; 4; 162; 239; 9542.059999999998; ((92, 107, 211), 600); 3434.7946063007485; 4; 27; 0; 136; 19
pglib_opf_case162_ieee_dtc; warm_start_maximum_congestion; neg_weight; 4; 162; 239; 9542.059999999998; ((92, 97, 217), 247); 3104.616913826135; 5; 28; 0; 139; 18
pglib_opf_case162_ieee_dtc; warm_start_maximum_congestion; neg_weight; 4; 162; 239; 9542.059999999998; ((85, 86, 208), 26); 0.0; 1; 1; 0; 162; 1
pglib_opf_case162_ieee_dtc; warm_start_maximum_congestion; neg_weight; 4; 162; 239; 9542.059999999998; ((85, 88, 210), 50); 907.8005840922015; 4; 11; 0; 154; 9
pglib_opf_case162_ieee_dtc; warm_start_maximum_congestion; neg_weight; 4; 162; 239; 9542.059999999998; ((88, 89, 102), 50); 907.8005840922015; 4; 11; 0; 155; 9
pglib_opf_case162_ieee_dtc; warm_start_maximum_congestion; neg_weight; 4; 162; 239; 9542.059999999998; ((90, 91, 103), 65); 1034.8671051812016; 5; 15; 0; 146; 12
pglib_opf_case162_ieee_dtc; warm_start_maximum_congestion; neg_weight; 4; 162; 239; 9542.059999999998; ((90, 92, 104), 110); 1247.7082673566401; 5; 15; 0; 149; 12
pglib_opf_case162_ieee_dtc; warm_start_maximum_congestion; neg_weight; 4; 162; 239; 9542.059999999998; ((90, 94, 213), 6); 0.0; 1; 1; 0; 162; 1
pglib_opf_case162_ieee_dtc; warm_start_maximum_congestion; neg_weight; 4; 162; 239; 9542.059999999998; ((91, 101, 105), 29); 0.0; 1; 1; 0; 162; 1
pglib_opf_case162_ieee_dtc; warm_start_maximum_congestion; neg_weight; 4; 162; 239; 9542.059999999998; ((93, 102, 106), 36); 2979.322992849753; 8; 41; 0; 127; 27
pglib_opf_case162_ieee_dtc; warm_start_maximum_congestion; neg_weight; 4; 162; 239; 9542.059999999998; ((93, 106, 107), 76); 2746.8015828584157; 7; 39; 0; 128; 26
pglib_opf_case162_ieee_dtc; warm_start_maximum_congestion; neg_weight; 4; 162; 239; 9542.059999999998; ((106, 121, 115), 61); 809.8592976229102; 4; 12; 0; 155; 10
pglib_opf_case162_ieee_dtc; warm_start_maximum_congestion; neg_weight; 4; 162; 239; 9542.059999999998; ((94, 95, 108), 95); 1044.308862785867; 4; 13; 0; 147; 11
pglib_opf_case162_ieee_dtc; warm_start_maximum_congestion; neg_weight; 4; 162; 239; 9542.059999999998; ((94, 96, 109), 27); 0.0; 1; 1; 0; 162; 1
pglib_opf_case162_ieee_dtc; warm_start_maximum_congestion; neg_weight; 4; 162; 239; 9542.059999999998; ((94, 97, 110), 96); 0.0; 1; 1; 0; 162; 1
pglib_opf_case162_ieee_dtc; warm_start_maximum_congestion; neg_weight; 4; 162; 239; 9542.059999999998; ((94, 98, 214), 150); 1138.3239892097645; 4; 14; 0; 148; 12
pglib_opf_case162_ieee_dtc; warm_start_maximum_congestion; neg_weight; 4; 162; 239; 9542.059999999998; ((95, 99, 111), 24); 2671.1962327659994; 6; 25; 0; 133; 15
pglib_opf_case162_ieee_dtc; warm_start_maximum_congestion; neg_weight; 4; 162; 239; 9542.059999999998; ((95, 100, 215), 0); 0.0; 1; 1; 0; 161; 2
pglib_opf_case162_ieee_dtc; warm_start_maximum_congestion; neg_weight; 4; 162; 239; 9542.059999999998; ((99, 103, 112), 47); 801.6177970515837; 4; 9; 0; 157; 7
pglib_opf_case162_ieee_dtc; warm_start_maximum_congestion; neg_weight; 4; 162; 239; 9542.059999999998; ((121, 122, 128), 14); 897.5191701360382; 6; 10; 0; 155; 8
pglib_opf_case162_ieee_dtc; warm_start_maximum_congestion; neg_weight; 4; 162; 239; 9542.059999999998; ((123, 124, 129), 7); 0.0; 1; 1; 0; 162; 1
pglib_opf_case162_ieee_dtc; warm_start_maximum_congestion; neg_weight; 4; 162; 239; 9542.059999999998; ((123, 42, 191), 34); 0.0; 1; 1; 0; 162; 1
pglib_opf_case162_ieee_dtc; warm_start_maximum_congestion; neg_weight; 4; 162; 239; 9542.059999999998; ((123, 102, 218), 365); 3564.255440224999; 8; 45; 0; 125; 28
pglib_opf_case162_ieee_dtc; warm_start_maximum_congestion; neg_weight; 4; 162; 239; 9542.059999999998; ((124, 2, 161), 257); 2684.600291498049; 5; 25; 0; 133; 15
pglib_opf_case162_ieee_dtc; warm_start_maximum_congestion; neg_weight; 4; 162; 239; 9542.059999999998; ((124, 42, 192), 7); 2746.8015828584157; 8; 40; 0; 128; 26
pglib_opf_case162_ieee_dtc; warm_start_maximum_congestion; neg_weight; 4; 162; 239; 9542.059999999998; ((124, 102, 219), 25); 2746.8015828584157; 8; 40; 0; 128; 26
pglib_opf_case162_ieee_dtc; warm_start_maximum_congestion; neg_weight; 4; 162; 239; 9542.059999999998; ((124, 122, 227), 119); 2746.8015828584157; 7; 39; 0; 128; 26
pglib_opf_case162_ieee_dtc; warm_start_maximum_congestion; neg_weight; 4; 162; 239; 9542.059999999998; ((109, 110, 118), 90); 0.0; 1; 1; 0; 162; 1
pglib_opf_case162_ieee_dtc; warm_start_maximum_congestion; neg_weight; 4; 162; 239; 9542.059999999998; ((109, 140, 119), 121); 2769.560368497445; 7; 30; 0; 117; 17
pglib_opf_case162_ieee_dtc; warm_start_maximum_congestion; neg_weight; 4; 162; 239; 9542.059999999998; ((109, 113, 223), 150); 865.5572680592686; 4; 7; 0; 161; 5
pglib_opf_case162_ieee_dtc; warm_start_maximum_congestion; neg_weight; 4; 162; 239; 9542.059999999998; ((109, 137, 230), 134); 2769.560368497445; 7; 31; 0; 117; 17
pglib_opf_case162_ieee_dtc; warm_start_maximum_congestion; neg_weight; 4; 162; 239; 9542.059999999998; ((110, 114, 120), 25); 0.0; 1; 1; 0; 162; 1
pglib_opf_case162_ieee_dtc; warm_start_maximum_congestion; neg_weight; 4; 162; 239; 9542.059999999998; ((114, 116, 123), 204); 0.0; 1; 1; 0; 162; 1
pglib_opf_case162_ieee_dtc; warm_start_maximum_congestion; neg_weight; 4; 162; 239; 9542.059999999998; ((116, 146, 126), 120); 0.0; 1; 1; 0; 162; 1
pglib_opf_case162_ieee_dtc; warm_start_maximum_congestion; neg_weight; 4; 162; 239; 9542.059999999998; ((115, 116, 124), 17); 0.0; 1; 1; 0; 162; 1
pglib_opf_case162_ieee_dtc; warm_start_maximum_congestion; neg_weight; 4; 162; 239; 9542.059999999998; ((115, 146, 125), 97); 0.0; 1; 1; 0; 162; 1
pglib_opf_case162_ieee_dtc; warm_start_maximum_congestion; neg_weight; 4; 162; 239; 9542.059999999998; ((115, 147, 233), 120); 2824.62341010389; 8; 41; 0; 127; 27
pglib_opf_case162_ieee_dtc; warm_start_maximum_congestion; neg_weight; 4; 162; 239; 9542.059999999998; ((132, 134, 131), 16); 2807.6971626779996; 10; 44; 0; 123; 29
pglib_opf_case162_ieee_dtc; warm_start_maximum_congestion; neg_weight; 4; 162; 239; 9542.059999999998; ((132, 135, 132), 6); 2801.14715888484; 10; 43; 0; 124; 28
pglib_opf_case162_ieee_dtc; warm_start_maximum_congestion; neg_weight; 4; 162; 239; 9542.059999999998; ((132, 136, 133), 8); 2798.8903258947184; 9; 42; 0; 124; 27
pglib_opf_case162_ieee_dtc; warm_start_maximum_congestion; neg_weight; 4; 162; 239; 9542.059999999998; ((134, 137, 134), 36); 2820.706378132535; 9; 44; 0; 122; 28
pglib_opf_case162_ieee_dtc; warm_start_maximum_congestion; neg_weight; 4; 162; 239; 9542.059999999998; ((135, 138, 135), 26); 2814.1563743393745; 10; 45; 0; 123; 29
pglib_opf_case162_ieee_dtc; warm_start_maximum_congestion; neg_weight; 4; 162; 239; 9542.059999999998; ((136, 139, 136), 28); 2811.8995413492557; 9; 43; 0; 123; 27
pglib_opf_case162_ieee_dtc; warm_start_maximum_congestion; neg_weight; 4; 162; 239; 9542.059999999998; ((137, 138, 137), 36); 2820.706378132535; 10; 45; 0; 122; 29
pglib_opf_case162_ieee_dtc; warm_start_maximum_congestion; neg_weight; 4; 162; 239; 9542.059999999998; ((137, 139, 138), 41); 2820.706378132535; 9; 44; 0; 122; 28
pglib_opf_case162_ieee_dtc; warm_start_maximum_congestion; neg_weight; 4; 162; 239; 9542.059999999998; ((137, 144, 139), 20); 0.0; 1; 1; 0; 162; 1
pglib_opf_case162_ieee_dtc; warm_start_maximum_congestion; neg_weight; 4; 162; 239; 9542.059999999998; ((141, 142, 140), 3); 0.0; 1; 1; 0; 162; 1
pglib_opf_case162_ieee_dtc; warm_start_maximum_congestion; neg_weight; 4; 162; 239; 9542.059999999998; ((141, 145, 141), 1); 0.0; 1; 1; 0; 162; 1
pglib_opf_case162_ieee_dtc; warm_start_maximum_congestion; neg_weight; 4; 162; 239; 9542.059999999998; ((142, 143, 142), 24); 0.0; 1; 1; 0; 162; 1
pglib_opf_case162_ieee_dtc; warm_start_maximum_congestion; neg_weight; 4; 162; 239; 9542.059999999998; ((143, 144, 143), 9); 0.0; 1; 1; 0; 162; 1
pglib_opf_case162_ieee_dtc; warm_start_maximum_congestion; neg_weight; 4; 162; 239; 9542.059999999998; ((143, 145, 144), 23); 0.0; 1; 1; 0; 162; 1
pglib_opf_case162_ieee_dtc; warm_start_maximum_congestion; neg_weight; 4; 162; 239; 9542.059999999998; ((150, 160, 148), 156); 2862.0609492249896; 6; 62; 0; 120; 30
pglib_opf_case162_ieee_dtc; warm_start_maximum_congestion; neg_weight; 4; 162; 239; 9542.059999999998; ((160, 161, 158), 124); 2317.6389201016573; 8; 48; 0; 129; 23
pglib_opf_case162_ieee_dtc; warm_start_maximum_congestion; neg_weight; 4; 162; 239; 9542.059999999998; ((152, 153, 149), 36); 0.0; 1; 1; 0; 162; 1
pglib_opf_case162_ieee_dtc; warm_start_maximum_congestion; neg_weight; 4; 162; 239; 9542.059999999998; ((152, 154, 150), 40); 957.511575552835; 7; 16; 0; 150; 11
pglib_opf_case162_ieee_dtc; warm_start_maximum_congestion; neg_weight; 4; 162; 239; 9542.059999999998; ((153, 155, 151), 16); 0.0; 1; 1; 0; 162; 1
pglib_opf_case162_ieee_dtc; warm_start_maximum_congestion; neg_weight; 4; 162; 239; 9542.059999999998; ((153, 159, 152), 24); 0.0; 1; 1; 0; 162; 1
pglib_opf_case162_ieee_dtc; warm_start_maximum_congestion; neg_weight; 4; 162; 239; 9542.059999999998; ((154, 155, 153), 28); 0.0; 1; 1; 0; 162; 1
pglib_opf_case162_ieee_dtc; warm_start_maximum_congestion; neg_weight; 4; 162; 239; 9542.059999999998; ((155, 156, 154), 4); 0.0; 1; 1; 0; 162; 1
pglib_opf_case162_ieee_dtc; warm_start_maximum_congestion; neg_weight; 4; 162; 239; 9542.059999999998; ((157, 158, 156), 2); 0.0; 1; 1; 0; 162; 1
pglib_opf_case162_ieee_dtc; warm_start_maximum_congestion; neg_weight; 4; 162; 239; 9542.059999999998; ((158, 159, 157), 10); 0.0; 1; 1; 0; 162; 1
pglib_opf_case162_ieee_dtc; warm_start_maximum_congestion; neg_weight; 4; 162; 239; 9542.059999999998; ((12, 9, 167), 15); 0.0; 1; 1; 0; 162; 1
pglib_opf_case162_ieee_dtc; warm_start_maximum_congestion; neg_weight; 4; 162; 239; 9542.059999999998; ((12, 14, 173), 36); 0.0; 1; 1; 0; 162; 1
pglib_opf_case162_ieee_dtc; warm_start_maximum_congestion; neg_weight; 4; 162; 239; 9542.059999999998; ((12, 61, 174), 183); 2723.800886273474; 10; 48; 0; 138; 23
