pglib_opf_case179_goc; two_stage_power_flow_disruption; neg_weight; 3; 179; 254; 33940.499999999985; ((0, 1, 0), 668); 2549.6497237896147; 3; 5; 0; 179; 6
pglib_opf_case179_goc; two_stage_power_flow_disruption; neg_weight; 3; 179; 254; 33940.499999999985; ((0, 2, 208), 258); 1800.0597652937577; 3; 4; 0; 179; 5
pglib_opf_case179_goc; two_stage_power_flow_disruption; neg_weight; 3; 179; 254; 33940.499999999985; ((1, 6, 1), 668); 2549.6497237896147; 3; 5; 0; 179; 6
pglib_opf_case179_goc; two_stage_power_flow_disruption; neg_weight; 3; 179; 254; 33940.499999999985; ((6, 7, 6), 757); 2579.092280428489; 3; 5; 0; 179; 6
pglib_opf_case179_goc; two_stage_power_flow_disruption; neg_weight; 3; 179; 254; 33940.499999999985; ((6, 8, 7), 34); 1.0186340659856796e-10; 1; 1; 0; 179; 1
pglib_opf_case179_goc; two_stage_power_flow_disruption; neg_weight; 3; 179; 254; 33940.499999999985; ((6, 8, 8), 34); 1.0186340659856796e-10; 1; 1; 0; 179; 1
pglib_opf_case179_goc; two_stage_power_flow_disruption; neg_weight; 3; 179; 254; 33940.499999999985; ((6, 15, 9), 316); 1596.299265114114; 3; 3; 0; 179; 4
pglib_opf_case179_goc; two_stage_power_flow_disruption; neg_weight; 3; 179; 254; 33940.499999999985; ((3, 4, 2), 183); 1754.9513169388265; 3; 4; 0; 179; 5
pglib_opf_case179_goc; two_stage_power_flow_disruption; neg_weight; 3; 179; 254; 33940.499999999985; ((3, 9, 3), 1380); 3408.4646799544025; 3; 6; 0; 177; 7
pglib_opf_case179_goc; two_stage_power_flow_disruption; neg_weight; 3; 179; 254; 33940.499999999985; ((15, 3, 4), 291); 1554.449421858535; 3; 3; 0; 179; 4
pglib_opf_case179_goc; two_stage_power_flow_disruption; neg_weight; 3; 179; 254; 33940.499999999985; ((15, 16, 213), 485); 2153.3473064182654; 3; 4; 0; 179; 5
pglib_opf_case179_goc; two_stage_power_flow_disruption; neg_weight; 3; 179; 254; 33940.499999999985; ((5, 26, 5), 225); 224.70999956408923; 1; 1; 0; 179; 2
pglib_opf_case179_goc; two_stage_power_flow_disruption; neg_weight; 3; 179; 254; 33940.499999999985; ((5, 6, 209), 112); 1.0186340659856796e-10; 1; 1; 0; 179; 1
pglib_opf_case179_goc; two_stage_power_flow_disruption; neg_weight; 3; 179; 254; 33940.499999999985; ((5, 6, 210), 112); 1.0186340659856796e-10; 1; 1; 0; 179; 1
pglib_opf_case179_goc; two_stage_power_flow_disruption; neg_weight; 3; 179; 254; 33940.499999999985; ((26, 27, 27), 225); 224.70999956408923; 1; 1; 0; 179; 2
pglib_opf_case179_goc; two_stage_power_flow_disruption; neg_weight; 3; 179; 254; 33940.499999999985; ((161, 6, 10), 0); 0.26999960171815474; 1; 1; 0; 179; 2
pglib_opf_case179_goc; two_stage_power_flow_disruption; neg_weight; 3; 179; 254; 33940.499999999985; ((10, 18, 11), 26); 1.0186340659856796e-10; 1; 1; 0; 179; 1
pglib_opf_case179_goc; two_stage_power_flow_disruption; neg_weight; 3; 179; 254; 33940.499999999985; ((10, 20, 12), 142); 1.0186340659856796e-10; 1; 1; 0; 179; 1
pglib_opf_case179_goc; two_stage_power_flow_disruption; neg_weight; 3; 179; 254; 33940.499999999985; ((10, 137, 13), 300); 1.0186340659856796e-10; 1; 1; 0; 179; 1
pglib_opf_case179_goc; two_stage_power_flow_disruption; neg_weight; 3; 179; 254; 33940.499999999985; ((10, 11, 211), 510); 2192.2560190955082; 3; 4; 0; 179; 5
pglib_opf_case179_goc; two_stage_power_flow_disruption; neg_weight; 3; 179; 254; 33940.499999999985; ((18, 19, 22), 26); 1.0186340659856796e-10; 1; 1; 0; 179; 1
pglib_opf_case179_goc; two_stage_power_flow_disruption; neg_weight; 3; 179; 254; 33940.499999999985; ((20, 21, 23), 142); 1.0186340659856796e-10; 1; 1; 0; 179; 1
pglib_opf_case179_goc; two_stage_power_flow_disruption; neg_weight; 3; 179; 254; 33940.499999999985; ((19, 12, 14), 26); 1.0186340659856796e-10; 1; 1; 0; 179; 1
pglib_opf_case179_goc; two_stage_power_flow_disruption; neg_weight; 3; 179; 254; 33940.499999999985; ((12, 22, 15), 185); 1.0186340659856796e-10; 1; 1; 0; 179; 1
pglib_opf_case179_goc; two_stage_power_flow_disruption; neg_weight; 3; 179; 254; 33940.499999999985; ((12, 24, 16), 65); 1.0186340659856796e-10; 1; 1; 0; 179; 1
pglib_opf_case179_goc; two_stage_power_flow_disruption; neg_weight; 3; 179; 254; 33940.499999999985; ((22, 23, 24), 185); 1.0186340659856796e-10; 1; 1; 0; 179; 1
pglib_opf_case179_goc; two_stage_power_flow_disruption; neg_weight; 3; 179; 254; 33940.499999999985; ((24, 25, 25), 65); 1.0186340659856796e-10; 1; 1; 0; 179; 1
pglib_opf_case179_goc; two_stage_power_flow_disruption; neg_weight; 3; 179; 254; 33940.499999999985; ((27, 12, 17), 225); 224.70999956408923; 1; 1; 0; 179; 2
pglib_opf_case179_goc; two_stage_power_flow_disruption; neg_weight; 3; 179; 254; 33940.499999999985; ((14, 134, 18), 542); 3936.362479386902; 4; 8; 0; 179; 8
pglib_opf_case179_goc; two_stage_power_flow_disruption; neg_weight; 3; 179; 254; 33940.499999999985; ((14, 134, 19), 542); 3936.362479386902; 4; 8; 0; 179; 8
pglib_opf_case179_goc; two_stage_power_flow_disruption; neg_weight; 3; 179; 254; 33940.499999999985; ((14, 13, 212), 1519); 4027.112234353437; 2; 8; 0; 177; 9
pglib_opf_case179_goc; two_stage_power_flow_disruption; neg_weight; 3; 179; 254; 33940.499999999985; ((134, 150, 166), 669); 3232.1310450522433; 3; 6; 0; 179; 7
pglib_opf_case179_goc; two_stage_power_flow_disruption; neg_weight; 3; 179; 254; 33940.499999999985; ((21, 17, 20), 142); 1.0186340659856796e-10; 1; 1; 0; 179; 1
pglib_opf_case179_goc; two_stage_power_flow_disruption; neg_weight; 3; 179; 254; 33940.499999999985; ((23, 17, 21), 185); 1.0186340659856796e-10; 1; 1; 0; 179; 1
pglib_opf_case179_goc; two_stage_power_flow_disruption; neg_weight; 3; 179; 254; 33940.499999999985; ((25, 137, 26), 65); 1.0186340659856796e-10; 1; 1; 0; 179; 1
pglib_opf_case179_goc; two_stage_power_flow_disruption; neg_weight; 3; 179; 254; 33940.499999999985; ((29, 30, 28), 288); 2601.197167075319; 3; 6; 0; 179; 7
pglib_opf_case179_goc; two_stage_power_flow_disruption; neg_weight; 3; 179; 254; 33940.499999999985; ((29, 78, 29), 315); 620.5494874718206; 2; 2; 0; 179; 3
pglib_opf_case179_goc; two_stage_power_flow_disruption; neg_weight; 3; 179; 254; 33940.499999999985; ((29, 28, 214), 2979); 6409.060243557298; 3; 11; 0; 173; 12
pglib_opf_case179_goc; two_stage_power_flow_disruption; neg_weight; 3; 179; 254; 33940.499999999985; ((30, 31, 215), 288); 2601.197167075319; 3; 6; 0; 179; 7
pglib_opf_case179_goc; two_stage_power_flow_disruption; neg_weight; 3; 179; 254; 33940.499999999985; ((78, 76, 95), 1747); 1.0186340659856796e-10; 1; 1; 0; 179; 1
pglib_opf_case179_goc; two_stage_power_flow_disruption; neg_weight; 3; 179; 254; 33940.499999999985; ((78, 76, 96), 1747); 1.0186340659856796e-10; 1; 1; 0; 179; 1
pglib_opf_case179_goc; two_stage_power_flow_disruption; neg_weight; 3; 179; 254; 33940.499999999985; ((78, 77, 234), 5470); 10002.933024396287; 3; 15; 0; 174; 13
pglib_opf_case179_goc; two_stage_power_flow_disruption; neg_weight; 3; 179; 254; 33940.499999999985; ((31, 32, 30), 288); 2601.197167075319; 3; 6; 0; 179; 7
pglib_opf_case179_goc; two_stage_power_flow_disruption; neg_weight; 3; 179; 254; 33940.499999999985; ((32, 33, 31), 1404); 3583.184460657638; 3; 7; 0; 176; 8
pglib_opf_case179_goc; two_stage_power_flow_disruption; neg_weight; 3; 179; 254; 33940.499999999985; ((83, 34, 32), 964); 1989.6585807473602; 3; 4; 0; 179; 5
pglib_opf_case179_goc; two_stage_power_flow_disruption; neg_weight; 3; 179; 254; 33940.499999999985; ((35, 36, 33), 0); 1.0186340659856796e-10; 1; 1; 0; 179; 1
pglib_opf_case179_goc; two_stage_power_flow_disruption; neg_weight; 3; 179; 254; 33940.499999999985; ((35, 54, 34), 150); 1.0186340659856796e-10; 1; 1; 0; 179; 1
pglib_opf_case179_goc; two_stage_power_flow_disruption; neg_weight; 3; 179; 254; 33940.499999999985; ((35, 62, 35), 347); 1.0186340659856796e-10; 1; 1; 0; 179; 1
pglib_opf_case179_goc; two_stage_power_flow_disruption; neg_weight; 3; 179; 254; 33940.499999999985; ((35, 62, 36), 347); 1.0186340659856796e-10; 1; 1; 0; 179; 1
pglib_opf_case179_goc; two_stage_power_flow_disruption; neg_weight; 3; 179; 254; 33940.499999999985; ((36, 46, 216), 0); 1.0186340659856796e-10; 1; 1; 0; 179; 1
pglib_opf_case179_goc; two_stage_power_flow_disruption; neg_weight; 3; 179; 254; 33940.499999999985; ((54, 53, 223), 75); 1.0186340659856796e-10; 1; 1; 0; 179; 1
pglib_opf_case179_goc; two_stage_power_flow_disruption; neg_weight; 3; 179; 254; 33940.499999999985; ((54, 53, 224), 75); 1.0186340659856796e-10; 1; 1; 0; 179; 1
pglib_opf_case179_goc; two_stage_power_flow_disruption; neg_weight; 3; 179; 254; 33940.499999999985; ((62, 47, 62), 17); 1.0186340659856796e-10; 1; 1; 0; 179; 1
pglib_opf_case179_goc; two_stage_power_flow_disruption; neg_weight; 3; 179; 254; 33940.499999999985; ((62, 61, 226), 38); 1.0186340659856796e-10; 1; 1; 0; 179; 1
pglib_opf_case179_goc; two_stage_power_flow_disruption; neg_weight; 3; 179; 254; 33940.499999999985; ((37, 38, 37), 31); 2131.4565644163013; 4; 5; 0; 179; 6
pglib_opf_case179_goc; two_stage_power_flow_disruption; neg_weight; 3; 179; 254; 33940.499999999985; ((37, 44, 38), 5); 1.0186340659856796e-10; 1; 1; 0; 179; 1
pglib_opf_case179_goc; two_stage_power_flow_disruption; neg_weight; 3; 179; 254; 33940.499999999985; ((37, 46, 39), 1); 1.0186340659856796e-10; 1; 1; 0; 179; 1
pglib_opf_case179_goc; two_stage_power_flow_disruption; neg_weight; 3; 179; 254; 33940.499999999985; ((37, 57, 40), 23); 1.0186340659856796e-10; 1; 1; 0; 179; 1
pglib_opf_case179_goc; two_stage_power_flow_disruption; neg_weight; 3; 179; 254; 33940.499999999985; ((37, 58, 41), 48); 1.0186340659856796e-10; 1; 1; 0; 179; 1
pglib_opf_case179_goc; two_stage_power_flow_disruption; neg_weight; 3; 179; 254; 33940.499999999985; ((46, 44, 50), 31); 1.0186340659856796e-10; 1; 1; 0; 179; 1
pglib_opf_case179_goc; two_stage_power_flow_disruption; neg_weight; 3; 179; 254; 33940.499999999985; ((46, 53, 51), 225); 1.0186340659856796e-10; 1; 1; 0; 179; 1
pglib_opf_case179_goc; two_stage_power_flow_disruption; neg_weight; 3; 179; 254; 33940.499999999985; ((46, 53, 52), 225); 1.0186340659856796e-10; 1; 1; 0; 179; 1
pglib_opf_case179_goc; two_stage_power_flow_disruption; neg_weight; 3; 179; 254; 33940.499999999985; ((46, 57, 53), 115); 1.0186340659856796e-10; 1; 1; 0; 179; 1
pglib_opf_case179_goc; two_stage_power_flow_disruption; neg_weight; 3; 179; 254; 33940.499999999985; ((46, 57, 54), 115); 1.0186340659856796e-10; 1; 1; 0; 179; 1
pglib_opf_case179_goc; two_stage_power_flow_disruption; neg_weight; 3; 179; 254; 33940.499999999985; ((46, 57, 55), 114); 1.0186340659856796e-10; 1; 1; 0; 179; 1
pglib_opf_case179_goc; two_stage_power_flow_disruption; neg_weight; 3; 179; 254; 33940.499999999985; ((46, 57, 56), 114); 1.0186340659856796e-10; 1; 1; 0; 179; 1
pglib_opf_case179_goc; two_stage_power_flow_disruption; neg_weight; 3; 179; 254; 33940.499999999985; ((46, 58, 57), 408); 1.0186340659856796e-10; 1; 1; 0; 179; 1
pglib_opf_case179_goc; two_stage_power_flow_disruption; neg_weight; 3; 179; 254; 33940.499999999985; ((46, 58, 58), 408); 1.0186340659856796e-10; 1; 1; 0; 179; 1
pglib_opf_case179_goc; two_stage_power_flow_disruption; neg_weight; 3; 179; 254; 33940.499999999985; ((46, 58, 59), 408); 1.0186340659856796e-10; 1; 1; 0; 179; 1
pglib_opf_case179_goc; two_stage_power_flow_disruption; neg_weight; 3; 179; 254; 33940.499999999985; ((46, 60, 60), 146); 1.0186340659856796e-10; 1; 1; 0; 179; 1
pglib_opf_case179_goc; two_stage_power_flow_disruption; neg_weight; 3; 179; 254; 33940.499999999985; ((46, 60, 61), 146); 1.0186340659856796e-10; 1; 1; 0; 179; 1
pglib_opf_case179_goc; two_stage_power_flow_disruption; neg_weight; 3; 179; 254; 33940.499999999985; ((46, 45, 219), 18); 2237.8928509034413; 3; 6; 0; 179; 7
pglib_opf_case179_goc; two_stage_power_flow_disruption; neg_weight; 3; 179; 254; 33940.499999999985; ((58, 59, 225), 188); 1.0186340659856796e-10; 1; 1; 0; 179; 1
pglib_opf_case179_goc; two_stage_power_flow_disruption; neg_weight; 3; 179; 254; 33940.499999999985; ((53, 39, 42), 142); 1.0186340659856796e-10; 1; 1; 0; 179; 1
pglib_opf_case179_goc; two_stage_power_flow_disruption; neg_weight; 3; 179; 254; 33940.499999999985; ((53, 56, 71), 113); 1.0186340659856796e-10; 1; 1; 0; 179; 1
pglib_opf_case179_goc; two_stage_power_flow_disruption; neg_weight; 3; 179; 254; 33940.499999999985; ((53, 56, 72), 113); 1.0186340659856796e-10; 1; 1; 0; 179; 1
pglib_opf_case179_goc; two_stage_power_flow_disruption; neg_weight; 3; 179; 254; 33940.499999999985; ((39, 56, 43), 72); 1.0186340659856796e-10; 1; 1; 0; 179; 1
pglib_opf_case179_goc; two_stage_power_flow_disruption; neg_weight; 3; 179; 254; 33940.499999999985; ((48, 40, 44), 25); 1.0186340659856796e-10; 1; 1; 0; 179; 1
pglib_opf_case179_goc; two_stage_power_flow_disruption; neg_weight; 3; 179; 254; 33940.499999999985; ((48, 40, 45), 23); 1.0186340659856796e-10; 1; 1; 0; 179; 1
pglib_opf_case179_goc; two_stage_power_flow_disruption; neg_weight; 3; 179; 254; 33940.499999999985; ((48, 55, 63), 29); 1.0186340659856796e-10; 1; 1; 0; 179; 1
pglib_opf_case179_goc; two_stage_power_flow_disruption; neg_weight; 3; 179; 254; 33940.499999999985; ((48, 56, 64), 154); 1.0186340659856796e-10; 1; 1; 0; 179; 1
pglib_opf_case179_goc; two_stage_power_flow_disruption; neg_weight; 3; 179; 254; 33940.499999999985; ((40, 56, 47), 1); 1.0186340659856796e-10; 1; 1; 0; 179; 1
pglib_opf_case179_goc; two_stage_power_flow_disruption; neg_weight; 3; 179; 254; 33940.499999999985; ((40, 41, 217), 78); 2339.362425607873; 3; 6; 0; 179; 7
pglib_opf_case179_goc; two_stage_power_flow_disruption; neg_weight; 3; 179; 254; 33940.499999999985; ((55, 40, 46), 31); 1.0186340659856796e-10; 1; 1; 0; 179; 1
pglib_opf_case179_goc; two_stage_power_flow_disruption; neg_weight; 3; 179; 254; 33940.499999999985; ((55, 52, 69), 41); 1.0186340659856796e-10; 1; 1; 0; 179; 1
pglib_opf_case179_goc; two_stage_power_flow_disruption; neg_weight; 3; 179; 254; 33940.499999999985; ((55, 52, 70), 41); 1.0186340659856796e-10; 1; 1; 0; 179; 1
pglib_opf_case179_goc; two_stage_power_flow_disruption; neg_weight; 3; 179; 254; 33940.499999999985; ((55, 56, 74), 85); 1.0186340659856796e-10; 1; 1; 0; 179; 1
pglib_opf_case179_goc; two_stage_power_flow_disruption; neg_weight; 3; 179; 254; 33940.499999999985; ((42, 158, 48), 329); 1.0186340659856796e-10; 1; 1; 0; 179; 1
pglib_opf_case179_goc; two_stage_power_flow_disruption; neg_weight; 3; 179; 254; 33940.499999999985; ((42, 158, 49), 329); 1.0186340659856796e-10; 1; 1; 0; 179; 1
pglib_opf_case179_goc; two_stage_power_flow_disruption; neg_weight; 3; 179; 254; 33940.499999999985; ((42, 43, 218), 440); 2824.610563680857; 3; 6; 0; 177; 7
pglib_opf_case179_goc; two_stage_power_flow_disruption; neg_weight; 3; 179; 254; 33940.499999999985; ((158, 164, 200), 122); 1.0186340659856796e-10; 1; 1; 0; 179; 1
pglib_opf_case179_goc; two_stage_power_flow_disruption; neg_weight; 3; 179; 254; 33940.499999999985; ((158, 164, 201), 119); 1.0186340659856796e-10; 1; 1; 0; 179; 1
pglib_opf_case179_goc; two_stage_power_flow_disruption; neg_weight; 3; 179; 254; 33940.499999999985; ((60, 53, 73), 197); 1.0186340659856796e-10; 1; 1; 0; 179; 1
pglib_opf_case179_goc; two_stage_power_flow_disruption; neg_weight; 3; 179; 254; 33940.499999999985; ((47, 46, 220), 17); 1.0186340659856796e-10; 1; 1; 0; 179; 1
pglib_opf_case179_goc; two_stage_power_flow_disruption; neg_weight; 3; 179; 254; 33940.499999999985; ((52, 49, 65), 4); 1.0186340659856796e-10; 1; 1; 0; 179; 1
pglib_opf_case179_goc; two_stage_power_flow_disruption; neg_weight; 3; 179; 254; 33940.499999999985; ((52, 49, 66), 4); 1.0186340659856796e-10; 1; 1; 0; 179; 1
pglib_opf_case179_goc; two_stage_power_flow_disruption; neg_weight; 3; 179; 254; 33940.499999999985; ((50, 61, 67), 54); 1.0186340659856796e-10; 1; 1; 0; 179; 1
pglib_opf_case179_goc; two_stage_power_flow_disruption; neg_weight; 3; 179; 254; 33940.499999999985; ((50, 49, 221), 54); 1.0186340659856796e-10; 1; 1; 0; 179; 1
pglib_opf_case179_goc; two_stage_power_flow_disruption; neg_weight; 3; 179; 254; 33940.499999999985; ((51, 61, 68), 54); 1.0186340659856796e-10; 1; 1; 0; 179; 1
pglib_opf_case179_goc; two_stage_power_flow_disruption; neg_weight; 3; 179; 254; 33940.499999999985; ((51, 49, 222), 54); 1.0186340659856796e-10; 1; 1; 0; 179; 1
pglib_opf_case179_goc; two_stage_power_flow_disruption; neg_weight; 3; 179; 254; 33940.499999999985; ((135, 59, 75), 378); 1.0186340659856796e-10; 1; 1; 0; 179; 1
pglib_opf_case179_goc; two_stage_power_flow_disruption; neg_weight; 3; 179; 254; 33940.499999999985; ((135, 141, 167), 456); 1.0186340659856796e-10; 1; 1; 0; 179; 1
pglib_opf_case179_goc; two_stage_power_flow_disruption; neg_weight; 3; 179; 254; 33940.499999999985; ((135, 148, 168), 173); 1.0186340659856796e-10; 1; 1; 0; 179; 1
pglib_opf_case179_goc; two_stage_power_flow_disruption; neg_weight; 3; 179; 254; 33940.499999999985; ((148, 59, 76), 188); 1.0186340659856796e-10; 1; 1; 0; 179; 1
pglib_opf_case179_goc; two_stage_power_flow_disruption; neg_weight; 3; 179; 254; 33940.499999999985; ((148, 59, 77), 188); 1.0186340659856796e-10; 1; 1; 0; 179; 1
pglib_opf_case179_goc; two_stage_power_flow_disruption; neg_weight; 3; 179; 254; 33940.499999999985; ((148, 152, 181), 271); 1.0186340659856796e-10; 1; 1; 0; 179; 1
pglib_opf_case179_goc; two_stage_power_flow_disruption; neg_weight; 3; 179; 254; 33940.499999999985; ((148, 152, 182), 291); 1.0186340659856796e-10; 1; 1; 0; 179; 1
pglib_opf_case179_goc; two_stage_power_flow_disruption; neg_weight; 3; 179; 254; 33940.499999999985; ((140, 62, 78), 673); 1.0186340659856796e-10; 1; 1; 0; 179; 1
pglib_opf_case179_goc; two_stage_power_flow_disruption; neg_weight; 3; 179; 254; 33940.499999999985; ((140, 143, 171), 521); 1.0186340659856796e-10; 1; 1; 0; 179; 1
pglib_opf_case179_goc; two_stage_power_flow_disruption; neg_weight; 3; 179; 254; 33940.499999999985; ((140, 143, 172), 523); 1.0186340659856796e-10; 1; 1; 0; 179; 1
pglib_opf_case179_goc; two_stage_power_flow_disruption; neg_weight; 3; 179; 254; 33940.499999999985; ((140, 145, 173), 1032); 2527.766070708727; 3; 5; 0; 177; 6
pglib_opf_case179_goc; two_stage_power_flow_disruption; neg_weight; 3; 179; 254; 33940.499999999985; ((140, 149, 174), 247); 1.0186340659856796e-10; 1; 1; 0; 179; 1
pglib_opf_case179_goc; two_stage_power_flow_disruption; neg_weight; 3; 179; 254; 33940.499999999985; ((140, 151, 175), 153); 1.0186340659856796e-10; 1; 1; 0; 179; 1
pglib_opf_case179_goc; two_stage_power_flow_disruption; neg_weight; 3; 179; 254; 33940.499999999985; ((140, 151, 176), 153); 1.0186340659856796e-10; 1; 1; 0; 179; 1
pglib_opf_case179_goc; two_stage_power_flow_disruption; neg_weight; 3; 179; 254; 33940.499999999985; ((76, 64, 79), 416); 2754.1420727942677; 3; 6; 0; 179; 7
pglib_opf_case179_goc; two_stage_power_flow_disruption; neg_weight; 3; 179; 254; 33940.499999999985; ((76, 72, 87), 0); 1.0186340659856796e-10; 1; 1; 0; 178; 2
pglib_opf_case179_goc; two_stage_power_flow_disruption; neg_weight; 3; 179; 254; 33940.499999999985; ((76, 74, 90), 403); 1.0186340659856796e-10; 1; 1; 0; 179; 1
pglib_opf_case179_goc; two_stage_power_flow_disruption; neg_weight; 3; 179; 254; 33940.499999999985; ((76, 74, 91), 466); 1.0186340659856796e-10; 1; 1; 0; 179; 1
pglib_opf_case179_goc; two_stage_power_flow_disruption; neg_weight; 3; 179; 254; 33940.499999999985; ((64, 63, 227), 359); 3318.8381533172324; 4; 7; 0; 178; 8
pglib_opf_case179_goc; two_stage_power_flow_disruption; neg_weight; 3; 179; 254; 33940.499999999985; ((66, 69, 80), 222); 1.0186340659856796e-10; 1; 1; 0; 179; 1
pglib_opf_case179_goc; two_stage_power_flow_disruption; neg_weight; 3; 179; 254; 33940.499999999985; ((66, 69, 81), 250); 1.0186340659856796e-10; 1; 1; 0; 179; 1
pglib_opf_case179_goc; two_stage_power_flow_disruption; neg_weight; 3; 179; 254; 33940.499999999985; ((66, 65, 228), 79); 2351.1346778035513; 3; 6; 0; 178; 7
pglib_opf_case179_goc; two_stage_power_flow_disruption; neg_weight; 3; 179; 254; 33940.499999999985; ((66, 68, 231), 50); 1586.054796220953; 4; 4; 0; 179; 5
pglib_opf_case179_goc; two_stage_power_flow_disruption; neg_weight; 3; 179; 254; 33940.499999999985; ((67, 70, 82), 507); 1.0186340659856796e-10; 1; 1; 0; 179; 1
pglib_opf_case179_goc; two_stage_power_flow_disruption; neg_weight; 3; 179; 254; 33940.499999999985; ((67, 70, 83), 507); 1.0186340659856796e-10; 1; 1; 0; 179; 1
pglib_opf_case179_goc; two_stage_power_flow_disruption; neg_weight; 3; 179; 254; 33940.499999999985; ((67, 74, 84), 724); 1.0186340659856796e-10; 1; 1; 0; 179; 1
pglib_opf_case179_goc; two_stage_power_flow_disruption; neg_weight; 3; 179; 254; 33940.499999999985; ((67, 74, 85), 732); 1.0186340659856796e-10; 1; 1; 0; 179; 1
pglib_opf_case179_goc; two_stage_power_flow_disruption; neg_weight; 3; 179; 254; 33940.499999999985; ((67, 66, 229), 178); 1.0186340659856796e-10; 1; 1; 0; 179; 1
pglib_opf_case179_goc; two_stage_power_flow_disruption; neg_weight; 3; 179; 254; 33940.499999999985; ((67, 66, 230), 286); 1.0186340659856796e-10; 1; 1; 0; 179; 1
pglib_opf_case179_goc; two_stage_power_flow_disruption; neg_weight; 3; 179; 254; 33940.499999999985; ((70, 69, 232), 1014); 4352.9147554221345; 6; 9; 0; 178; 8
pglib_opf_case179_goc; two_stage_power_flow_disruption; neg_weight; 3; 179; 254; 33940.499999999985; ((74, 75, 233), 3587); 5715.643196800556; 2; 10; 0; 174; 11
pglib_opf_case179_goc; two_stage_power_flow_disruption; neg_weight; 3; 179; 254; 33940.499999999985; ((73, 71, 86), 782); 1104.4135513746514; 2; 2; 0; 178; 3
pglib_opf_case179_goc; two_stage_power_flow_disruption; neg_weight; 3; 179; 254; 33940.499999999985; ((73, 74, 88), 11); 1.0186340659856796e-10; 1; 1; 0; 179; 1
pglib_opf_case179_goc; two_stage_power_flow_disruption; neg_weight; 3; 179; 254; 33940.499999999985; ((73, 76, 89), 430); 1.0186340659856796e-10; 1; 1; 0; 179; 1
pglib_opf_case179_goc; two_stage_power_flow_disruption; neg_weight; 3; 179; 254; 33940.499999999985; ((80, 74, 92), 631); 1.0186340659856796e-10; 1; 1; 0; 179; 1
pglib_opf_case179_goc; two_stage_power_flow_disruption; neg_weight; 3; 179; 254; 33940.499999999985; ((80, 74, 93), 370); 1.0186340659856796e-10; 1; 1; 0; 179; 1
pglib_opf_case179_goc; two_stage_power_flow_disruption; neg_weight; 3; 179; 254; 33940.499999999985; ((80, 74, 94), 370); 1.0186340659856796e-10; 1; 1; 0; 179; 1
pglib_opf_case179_goc; two_stage_power_flow_disruption; neg_weight; 3; 179; 254; 33940.499999999985; ((80, 85, 99), 478); 1.0186340659856796e-10; 1; 1; 0; 179; 1
pglib_opf_case179_goc; two_stage_power_flow_disruption; neg_weight; 3; 179; 254; 33940.499999999985; ((80, 89, 100), 459); 1.0186340659856796e-10; 1; 1; 0; 179; 1
pglib_opf_case179_goc; two_stage_power_flow_disruption; neg_weight; 3; 179; 254; 33940.499999999985; ((80, 93, 101), 465); 1.0186340659856796e-10; 1; 1; 0; 179; 1
pglib_opf_case179_goc; two_stage_power_flow_disruption; neg_weight; 3; 179; 254; 33940.499999999985; ((79, 97, 97), 181); 1902.7069922108421; 3; 5; 0; 179; 6
pglib_opf_case179_goc; two_stage_power_flow_disruption; neg_weight; 3; 179; 254; 33940.499999999985; ((79, 178, 98), 181); 1902.7069922108421; 3; 5; 0; 179; 6
pglib_opf_case179_goc; two_stage_power_flow_disruption; neg_weight; 3; 179; 254; 33940.499999999985; ((97, 82, 108), 181); 1902.7069922108421; 3; 5; 0; 179; 6
pglib_opf_case179_goc; two_stage_power_flow_disruption; neg_weight; 3; 179; 254; 33940.499999999985; ((178, 84, 112), 181); 1902.7069922108421; 3; 5; 0; 179; 6
pglib_opf_case179_goc; two_stage_power_flow_disruption; neg_weight; 3; 179; 254; 33940.499999999985; ((85, 86, 113), 478); 1.0186340659856796e-10; 1; 1; 0; 179; 1
pglib_opf_case179_goc; two_stage_power_flow_disruption; neg_weight; 3; 179; 254; 33940.499999999985; ((89, 90, 115), 459); 1.0186340659856796e-10; 1; 1; 0; 179; 1
pglib_opf_case179_goc; two_stage_power_flow_disruption; neg_weight; 3; 179; 254; 33940.499999999985; ((93, 94, 118), 465); 1.0186340659856796e-10; 1; 1; 0; 179; 1
pglib_opf_case179_goc; two_stage_power_flow_disruption; neg_weight; 3; 179; 254; 33940.499999999985; ((81, 87, 102), 659); 1.0186340659856796e-10; 1; 1; 0; 179; 1
pglib_opf_case179_goc; two_stage_power_flow_disruption; neg_weight; 3; 179; 254; 33940.499999999985; ((81, 166, 105), 659); 1.0186340659856796e-10; 1; 1; 0; 179; 1
pglib_opf_case179_goc; two_stage_power_flow_disruption; neg_weight; 3; 179; 254; 33940.499999999985; ((81, 168, 106), 614); 1.0186340659856796e-10; 1; 1; 0; 179; 1
pglib_opf_case179_goc; two_stage_power_flow_disruption; neg_weight; 3; 179; 254; 33940.499999999985; ((81, 170, 107), 496); 1.0186340659856796e-10; 2; 2; 0; 179; 1
pglib_opf_case179_goc; two_stage_power_flow_disruption; neg_weight; 3; 179; 254; 33940.499999999985; ((87, 88, 114), 659); 1.0186340659856796e-10; 1; 1; 0; 179; 1
pglib_opf_case179_goc; two_stage_power_flow_disruption; neg_weight; 3; 179; 254; 33940.499999999985; ((92, 81, 103), 459); 1.0186340659856796e-10; 1; 1; 0; 179; 1
pglib_opf_case179_goc; two_stage_power_flow_disruption; neg_weight; 3; 179; 254; 33940.499999999985; ((96, 81, 104), 465); 1.0186340659856796e-10; 1; 1; 0; 179; 1
pglib_opf_case179_goc; two_stage_power_flow_disruption; neg_weight; 3; 179; 254; 33940.499999999985; ((166, 167, 203), 659); 1.0186340659856796e-10; 1; 1; 0; 179; 1
pglib_opf_case179_goc; two_stage_power_flow_disruption; neg_weight; 3; 179; 254; 33940.499999999985; ((168, 169, 204), 614); 1.0186340659856796e-10; 1; 1; 0; 179; 1
pglib_opf_case179_goc; two_stage_power_flow_disruption; neg_weight; 3; 179; 254; 33940.499999999985; ((170, 171, 205), 496); 1.0186340659856796e-10; 2; 2; 0; 179; 1
pglib_opf_case179_goc; two_stage_power_flow_disruption; neg_weight; 3; 179; 254; 33940.499999999985; ((82, 83, 235), 181); 1902.7069922108421; 3; 5; 0; 179; 6
pglib_opf_case179_goc; two_stage_power_flow_disruption; neg_weight; 3; 179; 254; 33940.499999999985; ((154, 83, 109), 475); 1502.0308578543336; 2; 4; 0; 179; 5
pglib_opf_case179_goc; two_stage_power_flow_disruption; neg_weight; 3; 179; 254; 33940.499999999985; ((154, 153, 186), 163); 1.0186340659856796e-10; 1; 1; 0; 179; 1
pglib_opf_case179_goc; two_stage_power_flow_disruption; neg_weight; 3; 179; 254; 33940.499999999985; ((154, 155, 193), 101); 2683.53331261779; 4; 7; 0; 177; 8
pglib_opf_case179_goc; two_stage_power_flow_disruption; neg_weight; 3; 179; 254; 33940.499999999985; ((154, 165, 194), 194); 1.0186340659856796e-10; 1; 1; 0; 179; 1
pglib_opf_case179_goc; two_stage_power_flow_disruption; neg_weight; 3; 179; 254; 33940.499999999985; ((86, 84, 110), 478); 1.0186340659856796e-10; 1; 1; 0; 179; 1
pglib_opf_case179_goc; two_stage_power_flow_disruption; neg_weight; 3; 179; 254; 33940.499999999985; ((88, 84, 111), 659); 1.0186340659856796e-10; 1; 1; 0; 179; 1
pglib_opf_case179_goc; two_stage_power_flow_disruption; neg_weight; 3; 179; 254; 33940.499999999985; ((90, 91, 116), 459); 1.0186340659856796e-10; 1; 1; 0; 179; 1
pglib_opf_case179_goc; two_stage_power_flow_disruption; neg_weight; 3; 179; 254; 33940.499999999985; ((91, 92, 117), 459); 1.0186340659856796e-10; 1; 1; 0; 179; 1
pglib_opf_case179_goc; two_stage_power_flow_disruption; neg_weight; 3; 179; 254; 33940.499999999985; ((94, 95, 119), 465); 1.0186340659856796e-10; 1; 1; 0; 179; 1
pglib_opf_case179_goc; two_stage_power_flow_disruption; neg_weight; 3; 179; 254; 33940.499999999985; ((95, 96, 120), 465); 1.0186340659856796e-10; 1; 1; 0; 179; 1
pglib_opf_case179_goc; two_stage_power_flow_disruption; neg_weight; 3; 179; 254; 33940.499999999985; ((99, 98, 121), 88); 1.0186340659856796e-10; 1; 1; 0; 179; 1
pglib_opf_case179_goc; two_stage_power_flow_disruption; neg_weight; 3; 179; 254; 33940.499999999985; ((99, 103, 123), 97); 1.0186340659856796e-10; 1; 1; 0; 179; 1
pglib_opf_case179_goc; two_stage_power_flow_disruption; neg_weight; 3; 179; 254; 33940.499999999985; ((99, 104, 124), 96); 1.0186340659856796e-10; 1; 1; 0; 179; 1
pglib_opf_case179_goc; two_stage_power_flow_disruption; neg_weight; 3; 179; 254; 33940.499999999985; ((99, 111, 125), 159); 1.0186340659856796e-10; 1; 1; 0; 179; 1
pglib_opf_case179_goc; two_stage_power_flow_disruption; neg_weight; 3; 179; 254; 33940.499999999985; ((99, 111, 126), 163); 1.0186340659856796e-10; 1; 1; 0; 179; 1
pglib_opf_case179_goc; two_stage_power_flow_disruption; neg_weight; 3; 179; 254; 33940.499999999985; ((99, 111, 127), 160); 1.0186340659856796e-10; 1; 1; 0; 179; 1
pglib_opf_case179_goc; two_stage_power_flow_disruption; neg_weight; 3; 179; 254; 33940.499999999985; ((99, 115, 128), 94); 1.0186340659856796e-10; 1; 1; 0; 179; 1
pglib_opf_case179_goc; two_stage_power_flow_disruption; neg_weight; 3; 179; 254; 33940.499999999985; ((98, 115, 122), 108); 1.0186340659856796e-10; 1; 1; 0; 179; 1
pglib_opf_case179_goc; two_stage_power_flow_disruption; neg_weight; 3; 179; 254; 33940.499999999985; ((115, 117, 242), 199); 1.0186340659856796e-10; 1; 1; 0; 179; 1
pglib_opf_case179_goc; two_stage_power_flow_disruption; neg_weight; 3; 179; 254; 33940.499999999985; ((103, 115, 135), 82); 1.0186340659856796e-10; 1; 1; 0; 179; 1
pglib_opf_case179_goc; two_stage_power_flow_disruption; neg_weight; 3; 179; 254; 33940.499999999985; ((104, 115, 136), 92); 1.0186340659856796e-10; 1; 1; 0; 179; 1
pglib_opf_case179_goc; two_stage_power_flow_disruption; neg_weight; 3; 179; 254; 33940.499999999985; ((111, 112, 240), 203); 1.0186340659856796e-10; 1; 1; 0; 179; 1
pglib_opf_case179_goc; two_stage_power_flow_disruption; neg_weight; 3; 179; 254; 33940.499999999985; ((102, 100, 129), 61); 1.0186340659856796e-10; 1; 1; 0; 179; 1
pglib_opf_case179_goc; two_stage_power_flow_disruption; neg_weight; 3; 179; 254; 33940.499999999985; ((102, 133, 134), 85); 1.0186340659856796e-10; 1; 1; 0; 179; 1
pglib_opf_case179_goc; two_stage_power_flow_disruption; neg_weight; 3; 179; 254; 33940.499999999985; ((100, 106, 130), 49); 1.0186340659856796e-10; 1; 1; 0; 179; 1
pglib_opf_case179_goc; two_stage_power_flow_disruption; neg_weight; 3; 179; 254; 33940.499999999985; ((100, 106, 131), 49); 1.0186340659856796e-10; 1; 1; 0; 179; 1
pglib_opf_case179_goc; two_stage_power_flow_disruption; neg_weight; 3; 179; 254; 33940.499999999985; ((100, 101, 236), 61); 1592.5436048986448; 4; 4; 0; 179; 5
pglib_opf_case179_goc; two_stage_power_flow_disruption; neg_weight; 3; 179; 254; 33940.499999999985; ((106, 172, 141), 0); 1.0186340659856796e-10; 1; 1; 0; 178; 2
pglib_opf_case179_goc; two_stage_power_flow_disruption; neg_weight; 3; 179; 254; 33940.499999999985; ((106, 176, 142), 0); 1.0186340659856796e-10; 1; 1; 0; 177; 2
pglib_opf_case179_goc; two_stage_power_flow_disruption; neg_weight; 3; 179; 254; 33940.499999999985; ((105, 102, 132), 128); 1.0186340659856796e-10; 1; 1; 0; 179; 1
pglib_opf_case179_goc; two_stage_power_flow_disruption; neg_weight; 3; 179; 254; 33940.499999999985; ((105, 106, 137), 23); 1.0186340659856796e-10; 1; 1; 0; 179; 1
pglib_opf_case179_goc; two_stage_power_flow_disruption; neg_weight; 3; 179; 254; 33940.499999999985; ((132, 102, 133), 441); 2989.8781310499726; 4; 7; 0; 179; 7
pglib_opf_case179_goc; two_stage_power_flow_disruption; neg_weight; 3; 179; 254; 33940.499999999985; ((133, 106, 140), 85); 1.0186340659856796e-10; 1; 1; 0; 179; 1
pglib_opf_case179_goc; two_stage_power_flow_disruption; neg_weight; 3; 179; 254; 33940.499999999985; ((108, 105, 138), 19); 2280.459068638127; 3; 5; 0; 178; 6
pglib_opf_case179_goc; two_stage_power_flow_disruption; neg_weight; 3; 179; 254; 33940.499999999985; ((131, 106, 139), 296); 1.0186340659856796e-10; 1; 1; 0; 179; 1
pglib_opf_case179_goc; two_stage_power_flow_disruption; neg_weight; 3; 179; 254; 33940.499999999985; ((176, 177, 207), 0); 1.0186340659856796e-10; 1; 1; 0; 178; 2
pglib_opf_case179_goc; two_stage_power_flow_disruption; neg_weight; 3; 179; 254; 33940.499999999985; ((109, 118, 143), 595); 1.0186340659856796e-10; 2; 2; 0; 179; 1
pglib_opf_case179_goc; two_stage_power_flow_disruption; neg_weight; 3; 179; 254; 33940.499999999985; ((118, 119, 158), 595); 1.0186340659856796e-10; 2; 2; 0; 179; 1
pglib_opf_case179_goc; two_stage_power_flow_disruption; neg_weight; 3; 179; 254; 33940.499999999985; ((171, 109, 144), 496); 1.0186340659856796e-10; 2; 2; 0; 179; 1
pglib_opf_case179_goc; two_stage_power_flow_disruption; neg_weight; 3; 179; 254; 33940.499999999985; ((112, 122, 145), 535); 1.0186340659856796e-10; 2; 2; 0; 179; 1
pglib_opf_case179_goc; two_stage_power_flow_disruption; neg_weight; 3; 179; 254; 33940.499999999985; ((112, 124, 146), 535); 1.0186340659856796e-10; 2; 2; 0; 179; 1
pglib_opf_case179_goc; two_stage_power_flow_disruption; neg_weight; 3; 179; 254; 33940.499999999985; ((122, 123, 161), 535); 1.0186340659856796e-10; 2; 2; 0; 179; 1
pglib_opf_case179_goc; two_stage_power_flow_disruption; neg_weight; 3; 179; 254; 33940.499999999985; ((124, 125, 162), 535); 1.0186340659856796e-10; 2; 2; 0; 179; 1
pglib_opf_case179_goc; two_stage_power_flow_disruption; neg_weight; 3; 179; 254; 33940.499999999985; ((167, 112, 147), 659); 1.0186340659856796e-10; 1; 1; 0; 179; 1
pglib_opf_case179_goc; two_stage_power_flow_disruption; neg_weight; 3; 179; 254; 33940.499999999985; ((169, 112, 148), 614); 1.0186340659856796e-10; 1; 1; 0; 179; 1
pglib_opf_case179_goc; two_stage_power_flow_disruption; neg_weight; 3; 179; 254; 33940.499999999985; ((123, 113, 149), 535); 1.0186340659856796e-10; 2; 2; 0; 179; 1
pglib_opf_case179_goc; two_stage_power_flow_disruption; neg_weight; 3; 179; 254; 33940.499999999985; ((113, 126, 151), 385); 1.0186340659856796e-10; 1; 1; 0; 179; 1
pglib_opf_case179_goc; two_stage_power_flow_disruption; neg_weight; 3; 179; 254; 33940.499999999985; ((113, 128, 152), 684); 1.0186340659856796e-10; 2; 2; 0; 179; 1
pglib_opf_case179_goc; two_stage_power_flow_disruption; neg_weight; 3; 179; 254; 33940.499999999985; ((125, 113, 150), 535); 1.0186340659856796e-10; 2; 2; 0; 179; 1
pglib_opf_case179_goc; two_stage_power_flow_disruption; neg_weight; 3; 179; 254; 33940.499999999985; ((126, 127, 163), 385); 1.0186340659856796e-10; 1; 1; 0; 179; 1
pglib_opf_case179_goc; two_stage_power_flow_disruption; neg_weight; 3; 179; 254; 33940.499999999985; ((128, 129, 164), 684); 1.0186340659856796e-10; 2; 2; 0; 179; 1
pglib_opf_case179_goc; two_stage_power_flow_disruption; neg_weight; 3; 179; 254; 33940.499999999985; ((121, 117, 153), 595); 1.0186340659856796e-10; 2; 2; 0; 179; 1
pglib_opf_case179_goc; two_stage_power_flow_disruption; neg_weight; 3; 179; 254; 33940.499999999985; ((117, 130, 156), 296); 1.0186340659856796e-10; 1; 1; 0; 179; 1
pglib_opf_case179_goc; two_stage_power_flow_disruption; neg_weight; 3; 179; 254; 33940.499999999985; ((117, 132, 157), 441); 2989.8781310499726; 4; 7; 0; 179; 7
pglib_opf_case179_goc; two_stage_power_flow_disruption; neg_weight; 3; 179; 254; 33940.499999999985; ((127, 117, 154), 385); 1.0186340659856796e-10; 1; 1; 0; 179; 1
pglib_opf_case179_goc; two_stage_power_flow_disruption; neg_weight; 3; 179; 254; 33940.499999999985; ((129, 117, 155), 684); 1.0186340659856796e-10; 2; 2; 0; 179; 1
pglib_opf_case179_goc; two_stage_power_flow_disruption; neg_weight; 3; 179; 254; 33940.499999999985; ((130, 131, 165), 296); 1.0186340659856796e-10; 1; 1; 0; 179; 1
pglib_opf_case179_goc; two_stage_power_flow_disruption; neg_weight; 3; 179; 254; 33940.499999999985; ((119, 120, 159), 595); 1.0186340659856796e-10; 2; 2; 0; 179; 1
pglib_opf_case179_goc; two_stage_power_flow_disruption; neg_weight; 3; 179; 254; 33940.499999999985; ((120, 121, 160), 595); 1.0186340659856796e-10; 2; 2; 0; 179; 1
pglib_opf_case179_goc; two_stage_power_flow_disruption; neg_weight; 3; 179; 254; 33940.499999999985; ((145, 137, 169), 160); 160.46999956620857; 1; 1; 0; 179; 2
pglib_opf_case179_goc; two_stage_power_flow_disruption; neg_weight; 3; 179; 254; 33940.499999999985; ((145, 146, 247), 872); 2757.414161815075; 3; 6; 0; 179; 7
pglib_opf_case179_goc; two_stage_power_flow_disruption; neg_weight; 3; 179; 254; 33940.499999999985; ((139, 141, 170), 859); 2083.2844067043116; 3; 4; 0; 179; 5
pglib_opf_case179_goc; two_stage_power_flow_disruption; neg_weight; 3; 179; 254; 33940.499999999985; ((143, 144, 179), 222); 1.0186340659856796e-10; 1; 1; 0; 179; 1
pglib_opf_case179_goc; two_stage_power_flow_disruption; neg_weight; 3; 179; 254; 33940.499999999985; ((143, 149, 180), 166); 1.0186340659856796e-10; 1; 1; 0; 179; 1
pglib_opf_case179_goc; two_stage_power_flow_disruption; neg_weight; 3; 179; 254; 33940.499999999985; ((149, 150, 183), 478); 3025.002105025149; 3; 6; 0; 179; 7
pglib_opf_case179_goc; two_stage_power_flow_disruption; neg_weight; 3; 179; 254; 33940.499999999985; ((151, 152, 249), 102); 1.0186340659856796e-10; 1; 1; 0; 179; 1
pglib_opf_case179_goc; two_stage_power_flow_disruption; neg_weight; 3; 179; 254; 33940.499999999985; ((151, 152, 250), 102); 1.0186340659856796e-10; 1; 1; 0; 179; 1
pglib_opf_case179_goc; two_stage_power_flow_disruption; neg_weight; 3; 179; 254; 33940.499999999985; ((151, 152, 251), 102); 1.0186340659856796e-10; 1; 1; 0; 179; 1
pglib_opf_case179_goc; two_stage_power_flow_disruption; neg_weight; 3; 179; 254; 33940.499999999985; ((144, 141, 177), 222); 1.0186340659856796e-10; 1; 1; 0; 179; 1
pglib_opf_case179_goc; two_stage_power_flow_disruption; neg_weight; 3; 179; 254; 33940.499999999985; ((152, 141, 178), 356); 1.0186340659856796e-10; 1; 1; 0; 179; 1
pglib_opf_case179_goc; two_stage_power_flow_disruption; neg_weight; 3; 179; 254; 33940.499999999985; ((173, 151, 184), 0); 1.0186340659856796e-10; 1; 1; 0; 178; 2
pglib_opf_case179_goc; two_stage_power_flow_disruption; neg_weight; 3; 179; 254; 33940.499999999985; ((175, 151, 185), 0); 1.0186340659856796e-10; 1; 1; 0; 177; 2
pglib_opf_case179_goc; two_stage_power_flow_disruption; neg_weight; 3; 179; 254; 33940.499999999985; ((153, 156, 187), 122); 1.0186340659856796e-10; 1; 1; 0; 179; 1
pglib_opf_case179_goc; two_stage_power_flow_disruption; neg_weight; 3; 179; 254; 33940.499999999985; ((153, 156, 188), 137); 1.0186340659856796e-10; 1; 1; 0; 179; 1
pglib_opf_case179_goc; two_stage_power_flow_disruption; neg_weight; 3; 179; 254; 33940.499999999985; ((153, 158, 189), 200); 1.0186340659856796e-10; 1; 1; 0; 179; 1
pglib_opf_case179_goc; two_stage_power_flow_disruption; neg_weight; 3; 179; 254; 33940.499999999985; ((153, 158, 190), 189); 1.0186340659856796e-10; 1; 1; 0; 179; 1
pglib_opf_case179_goc; two_stage_power_flow_disruption; neg_weight; 3; 179; 254; 33940.499999999985; ((153, 163, 191), 79); 1.0186340659856796e-10; 1; 1; 0; 179; 1
pglib_opf_case179_goc; two_stage_power_flow_disruption; neg_weight; 3; 179; 254; 33940.499999999985; ((153, 165, 192), 98); 1.0186340659856796e-10; 1; 1; 0; 179; 1
pglib_opf_case179_goc; two_stage_power_flow_disruption; neg_weight; 3; 179; 254; 33940.499999999985; ((156, 162, 196), 15); 307.86397666860285; 2; 2; 0; 179; 3
pglib_opf_case179_goc; two_stage_power_flow_disruption; neg_weight; 3; 179; 254; 33940.499999999985; ((156, 163, 197), 152); 1.0186340659856796e-10; 1; 1; 0; 179; 1
pglib_opf_case179_goc; two_stage_power_flow_disruption; neg_weight; 3; 179; 254; 33940.499999999985; ((156, 164, 198), 206); 1.0186340659856796e-10; 1; 1; 0; 179; 1
pglib_opf_case179_goc; two_stage_power_flow_disruption; neg_weight; 3; 179; 254; 33940.499999999985; ((156, 164, 199), 207); 1.0186340659856796e-10; 1; 1; 0; 179; 1
pglib_opf_case179_goc; two_stage_power_flow_disruption; neg_weight; 3; 179; 254; 33940.499999999985; ((156, 157, 252), 891); 3915.7626351021427; 3; 7; 0; 177; 8
pglib_opf_case179_goc; two_stage_power_flow_disruption; neg_weight; 3; 179; 254; 33940.499999999985; ((155, 159, 195), 22); 2561.133086510359; 4; 6; 0; 177; 7
pglib_opf_case179_goc; two_stage_power_flow_disruption; neg_weight; 3; 179; 254; 33940.499999999985; ((159, 160, 253), 116); 2026.5623586503316; 3; 5; 0; 179; 6
pglib_opf_case179_goc; two_stage_power_flow_disruption; neg_weight; 3; 179; 254; 33940.499999999985; ((162, 161, 202), 0); 0.26999960171815474; 1; 1; 0; 179; 2
pglib_opf_case179_goc; two_stage_power_flow_disruption; neg_weight; 3; 179; 254; 33940.499999999985; ((174, 175, 206), 0); 1.0186340659856796e-10; 1; 1; 0; 178; 2
pglib_opf_case179_goc; two_stage_power_flow_disruption; neg_weight; 3; 179; 254; 33940.499999999985; ((107, 106, 237), 173); 1.0186340659856796e-10; 1; 1; 0; 179; 1
pglib_opf_case179_goc; two_stage_power_flow_disruption; neg_weight; 3; 179; 254; 33940.499999999985; ((107, 106, 238), 254); 1.0186340659856796e-10; 1; 1; 0; 179; 1
pglib_opf_case179_goc; two_stage_power_flow_disruption; neg_weight; 3; 179; 254; 33940.499999999985; ((110, 111, 239), 355); 1779.3430023123765; 4; 4; 0; 179; 5
pglib_opf_case179_goc; two_stage_power_flow_disruption; neg_weight; 3; 179; 254; 33940.499999999985; ((114, 115, 241), 261); 1719.7627306635877; 4; 4; 0; 179; 5
pglib_opf_case179_goc; two_stage_power_flow_disruption; neg_weight; 3; 179; 254; 33940.499999999985; ((116, 117, 243), 1523); 2979.824774083063; 4; 9; 0; 179; 6
pglib_opf_case179_goc; two_stage_power_flow_disruption; neg_weight; 3; 179; 254; 33940.499999999985; ((136, 137, 244), 266); 1812.4063847529942; 3; 4; 0; 179; 5
pglib_opf_case179_goc; two_stage_power_flow_disruption; neg_weight; 3; 179; 254; 33940.499999999985; ((138, 139, 245), 871); 3614.5185693707863; 3; 8; 0; 178; 9
pglib_opf_case179_goc; two_stage_power_flow_disruption; neg_weight; 3; 179; 254; 33940.499999999985; ((142, 143, 246), 552); 3139.8441221229878; 3; 6; 0; 179; 7
pglib_opf_case179_goc; two_stage_power_flow_disruption; neg_weight; 3; 179; 254; 33940.499999999985; ((147, 148, 248), 2690); 5970.468409420791; 2; 12; 0; 175; 12
